ServiceID,RouteID,OperatorID,ScheduledDeparture,ActualDeparture,ScheduledArrival,ActualArrival,Date,RegionRouteHint,IsCancelled
SV00001,RT00007,OP00001,2025-06-22 08:01:47,2025-06-22 08:06:47,2025-06-22 10:16:47,2025-06-22 10:51:47,2025-06-22,RG00003,False
SV00002,RT00003,OP00005,2025-07-23 13:15:14,2025-07-23 13:50:14,2025-07-23 13:55:14,2025-07-23 14:08:14,2025-07-23,RG00003,False
SV00003,RT00011,OP00004,2025-06-02 09:47:06,2025-06-02 10:24:06,2025-06-02 10:37:06,2025-06-02 10:58:06,2025-06-02,RG00004,False
SV00004,RT00008,OP00006,2025-08-27 22:05:37,2025-08-27 22:07:37,2025-08-27 23:26:37,2025-08-27 23:36:37,2025-08-27,RG00003,False
SV00005,RT00003,OP00004,2025-06-30 18:02:01,2025-06-30 18:30:01,2025-06-30 18:48:01,2025-06-30 19:05:01,2025-06-30,RG00003,False
SV00006,RT00001,OP00002,2025-07-08 07:13:14,,2025-07-08 09:36:14,,2025-07-08,RG00004,True
SV00007,RT00008,OP00005,2025-06-02 21:38:01,2025-06-02 22:00:01,2025-06-02 22:57:01,2025-06-02 23:32:01,2025-06-02,RG00003,False
SV00008,RT00003,OP00006,2025-08-03 22:12:45,2025-08-03 22:21:45,2025-08-03 22:59:45,2025-08-03 23:33:45,2025-08-03,RG00003,False
SV00009,RT00002,OP00004,2025-07-30 22:26:14,2025-07-30 22:45:14,2025-07-31 00:34:14,2025-07-31 00:36:14,2025-07-30,RG00005,False
SV00010,RT00001,OP00001,2025-06-21 19:37:17,2025-06-21 20:12:17,2025-06-21 22:00:17,2025-06-21 22:27:17,2025-06-21,RG00004,False
SV00011,RT00003,OP00002,2025-07-03 05:48:51,2025-07-03 06:25:51,2025-07-03 06:34:51,2025-07-03 06:46:51,2025-07-03,RG00003,False
SV00012,RT00002,OP00005,2025-08-15 10:44:27,2025-08-15 10:59:27,2025-08-15 12:38:27,2025-08-15 12:40:27,2025-08-15,RG00005,False
SV00013,RT00002,OP00002,2025-07-28 15:17:09,2025-07-28 15:33:09,2025-07-28 17:21:09,2025-07-28 17:40:09,2025-07-28,RG00005,False
SV00014,RT00006,OP00001,2025-06-22 11:48:21,2025-06-22 11:48:21,2025-06-22 13:56:21,2025-06-22 13:59:21,2025-06-22,RG00002,False
SV00015,RT00012,OP00005,2025-08-28 08:05:24,2025-08-28 08:25:24,2025-08-28 09:54:24,2025-08-28 10:15:24,2025-08-28,RG00003,False
SV00016,RT00001,OP00002,2025-07-19 08:22:54,2025-07-19 08:59:54,2025-07-19 10:40:54,2025-07-19 11:32:54,2025-07-19,RG00004,False
SV00017,RT00002,OP00003,2025-08-30 16:38:16,2025-08-30 16:43:16,2025-08-30 18:42:16,2025-08-30 18:55:16,2025-08-30,RG00005,False
SV00018,RT00006,OP00001,2025-07-29 06:46:29,2025-07-29 07:03:29,2025-07-29 08:57:29,2025-07-29 08:57:29,2025-07-29,RG00002,False
SV00019,RT00003,OP00001,2025-07-12 22:07:59,2025-07-12 22:44:59,2025-07-12 22:41:59,2025-07-12 23:13:59,2025-07-12,RG00003,False
SV00020,RT00004,OP00001,2025-08-31 17:05:35,2025-08-31 17:42:35,2025-08-31 19:26:35,2025-08-31 19:33:35,2025-08-31,RG00005,False
SV00021,RT00001,OP00003,2025-07-30 14:53:40,2025-07-30 15:17:40,2025-07-30 17:14:40,2025-07-30 17:16:40,2025-07-30,RG00004,False
SV00022,RT00008,OP00003,2025-08-19 16:36:12,2025-08-19 16:53:12,2025-08-19 18:06:12,2025-08-19 18:28:12,2025-08-19,RG00003,False
SV00023,RT00007,OP00004,2025-06-15 07:02:42,2025-06-15 08:02:42,2025-06-15 09:11:42,2025-06-15 09:25:42,2025-06-15,RG00003,False
SV00024,RT00007,OP00006,2025-08-01 12:49:18,2025-08-01 13:29:18,2025-08-01 14:55:18,2025-08-01 15:36:18,2025-08-01,RG00003,False
SV00025,RT00003,OP00002,2025-08-01 07:54:14,2025-08-01 08:26:14,2025-08-01 08:30:14,2025-08-01 09:33:14,2025-08-01,RG00003,False
SV00026,RT00010,OP00004,2025-07-17 08:24:17,2025-07-17 08:34:17,2025-07-17 10:00:17,2025-07-17 10:02:17,2025-07-17,RG00005,False
SV00027,RT00010,OP00002,2025-08-01 19:40:53,2025-08-01 19:44:53,2025-08-01 21:15:53,2025-08-01 21:45:53,2025-08-01,RG00005,False
SV00028,RT00003,OP00006,2025-07-21 16:10:23,2025-07-21 16:17:23,2025-07-21 16:50:23,2025-07-21 17:04:23,2025-07-21,RG00003,False
SV00029,RT00002,OP00003,2025-07-25 16:13:42,2025-07-25 17:07:42,2025-07-25 18:20:42,2025-07-25 19:01:42,2025-07-25,RG00005,False
SV00030,RT00012,OP00006,2025-08-03 13:44:59,2025-08-03 14:06:59,2025-08-03 15:41:59,2025-08-03 15:44:59,2025-08-03,RG00003,False
SV00031,RT00001,OP00003,2025-06-03 07:38:40,2025-06-03 07:51:40,2025-06-03 10:01:40,2025-06-03 10:50:40,2025-06-03,RG00004,False
SV00032,RT00007,OP00006,2025-07-21 10:34:46,2025-07-21 10:56:46,2025-07-21 12:54:46,2025-07-21 13:50:46,2025-07-21,RG00003,False
SV00033,RT00007,OP00004,2025-06-07 12:10:29,2025-06-07 12:14:29,2025-06-07 14:20:29,2025-06-07 14:26:29,2025-06-07,RG00003,False
SV00034,RT00012,OP00005,2025-06-21 17:17:59,2025-06-21 17:35:59,2025-06-21 19:14:59,2025-06-21 19:43:59,2025-06-21,RG00003,False
SV00035,RT00002,OP00004,2025-08-12 22:14:43,2025-08-12 22:19:43,2025-08-13 00:07:43,2025-08-13 00:54:43,2025-08-12,RG00005,False
SV00036,RT00007,OP00002,2025-07-09 15:53:49,2025-07-09 16:15:49,2025-07-09 18:14:49,2025-07-09 18:19:49,2025-07-09,RG00003,False
SV00037,RT00008,OP00004,2025-06-18 06:14:52,2025-06-18 06:22:52,2025-06-18 07:34:52,2025-06-18 07:57:52,2025-06-18,RG00003,False
SV00038,RT00001,OP00001,2025-06-04 06:51:20,2025-06-04 07:02:20,2025-06-04 09:11:20,2025-06-04 09:14:20,2025-06-04,RG00004,False
SV00039,RT00009,OP00002,2025-08-28 17:17:04,2025-08-28 17:18:04,2025-08-28 19:21:04,2025-08-28 19:58:04,2025-08-28,RG00003,False
SV00040,RT00007,OP00006,2025-07-30 11:58:36,2025-07-30 12:12:36,2025-07-30 14:06:36,2025-07-30 14:19:36,2025-07-30,RG00003,False
SV00041,RT00003,OP00002,2025-06-14 15:13:41,2025-06-14 15:18:41,2025-06-14 15:49:41,2025-06-14 15:59:41,2025-06-14,RG00003,False
SV00042,RT00008,OP00005,2025-06-09 20:25:56,,2025-06-09 21:46:56,,2025-06-09,RG00003,True
SV00043,RT00007,OP00003,2025-08-29 19:09:16,2025-08-29 19:29:16,2025-08-29 21:26:16,2025-08-29 21:52:16,2025-08-29,RG00003,False
SV00044,RT00011,OP00006,2025-07-23 09:15:47,2025-07-23 09:20:47,2025-07-23 10:06:47,2025-07-23 10:12:47,2025-07-23,RG00004,False
SV00045,RT00008,OP00002,2025-06-02 22:34:16,2025-06-02 22:40:16,2025-06-03 00:01:16,2025-06-03 00:12:16,2025-06-02,RG00003,False
SV00046,RT00006,OP00006,2025-08-23 23:27:57,2025-08-23 23:29:57,2025-08-24 01:47:57,2025-08-24 02:11:57,2025-08-23,RG00002,False
SV00047,RT00009,OP00006,2025-08-31 23:25:23,2025-08-31 23:32:23,2025-09-01 01:22:23,2025-09-01 01:45:23,2025-08-31,RG00003,False
SV00048,RT00005,OP00006,2025-07-30 12:08:32,2025-07-30 12:23:32,2025-07-30 14:36:32,2025-07-30 14:51:32,2025-07-30,RG00005,False
SV00049,RT00003,OP00003,2025-08-10 20:05:48,2025-08-10 20:16:48,2025-08-10 20:49:48,2025-08-10 21:33:48,2025-08-10,RG00003,False
SV00050,RT00003,OP00004,2025-07-14 06:55:07,2025-07-14 07:19:07,2025-07-14 07:43:07,2025-07-14 08:11:07,2025-07-14,RG00003,False
SV00051,RT00001,OP00006,2025-06-08 09:40:10,,2025-06-08 11:54:10,,2025-06-08,RG00004,True
SV00052,RT00012,OP00001,2025-07-17 18:38:04,2025-07-17 19:00:04,2025-07-17 20:38:04,2025-07-17 21:18:04,2025-07-17,RG00003,False
SV00053,RT00008,OP00005,2025-07-05 17:24:38,2025-07-05 17:27:38,2025-07-05 18:55:38,2025-07-05 19:42:38,2025-07-05,RG00003,False
SV00054,RT00002,OP00003,2025-08-17 19:33:16,2025-08-17 20:09:16,2025-08-17 21:36:16,2025-08-17 22:20:16,2025-08-17,RG00005,False
SV00055,RT00003,OP00002,2025-08-20 22:55:00,2025-08-20 23:04:00,2025-08-20 23:30:00,2025-08-21 00:21:00,2025-08-20,RG00003,False
SV00056,RT00008,OP00003,2025-07-06 08:43:56,2025-07-06 08:46:56,2025-07-06 10:09:56,2025-07-06 10:26:56,2025-07-06,RG00003,False
SV00057,RT00008,OP00002,2025-07-20 22:48:17,2025-07-20 22:55:17,2025-07-21 00:06:17,2025-07-21 00:06:17,2025-07-20,RG00003,False
SV00058,RT00011,OP00003,2025-06-04 15:07:18,2025-06-04 15:08:18,2025-06-04 15:52:18,2025-06-04 16:17:18,2025-06-04,RG00004,False
SV00059,RT00004,OP00002,2025-06-02 18:10:29,,2025-06-02 20:19:29,,2025-06-02,RG00005,True
SV00060,RT00004,OP00006,2025-06-06 05:46:56,2025-06-06 06:01:56,2025-06-06 08:05:56,2025-06-06 08:21:56,2025-06-06,RG00005,False
SV00061,RT00005,OP00004,2025-07-24 13:32:48,2025-07-24 13:57:48,2025-07-24 15:48:48,2025-07-24 15:48:48,2025-07-24,RG00005,False
SV00062,RT00006,OP00002,2025-06-04 10:32:58,2025-06-04 10:37:58,2025-06-04 12:43:58,2025-06-04 12:55:58,2025-06-04,RG00002,False
SV00063,RT00005,OP00002,2025-07-24 08:55:40,2025-07-24 09:11:40,2025-07-24 11:15:40,2025-07-24 11:33:40,2025-07-24,RG00005,False
SV00064,RT00007,OP00001,2025-08-02 14:53:40,2025-08-02 15:00:40,2025-08-02 17:04:40,2025-08-02 17:29:40,2025-08-02,RG00003,False
SV00065,RT00002,OP00002,2025-06-18 21:38:12,2025-06-18 21:38:12,2025-06-18 23:36:12,2025-06-19 00:27:12,2025-06-18,RG00005,False
SV00066,RT00007,OP00001,2025-08-29 09:23:48,2025-08-29 09:51:48,2025-08-29 11:39:48,2025-08-29 12:39:48,2025-08-29,RG00003,False
SV00067,RT00010,OP00005,2025-07-14 10:34:49,2025-07-14 10:43:49,2025-07-14 12:15:49,2025-07-14 12:43:49,2025-07-14,RG00005,False
SV00068,RT00007,OP00006,2025-07-04 21:58:00,2025-07-04 22:14:00,2025-07-05 00:18:00,2025-07-05 01:09:00,2025-07-04,RG00003,False
SV00069,RT00001,OP00001,2025-08-13 15:31:01,2025-08-13 15:34:01,2025-08-13 17:49:01,2025-08-13 18:17:01,2025-08-13,RG00004,False
SV00070,RT00007,OP00004,2025-08-01 08:59:23,2025-08-01 09:51:23,2025-08-01 11:17:23,2025-08-01 11:17:23,2025-08-01,RG00003,False
SV00071,RT00005,OP00006,2025-06-14 14:15:03,2025-06-14 14:19:03,2025-06-14 16:33:03,2025-06-14 16:56:03,2025-06-14,RG00005,False
SV00072,RT00003,OP00001,2025-07-18 12:56:36,2025-07-18 13:14:36,2025-07-18 13:34:36,2025-07-18 13:52:36,2025-07-18,RG00003,False
SV00073,RT00003,OP00006,2025-06-15 07:05:46,2025-06-15 07:07:46,2025-06-15 07:51:46,2025-06-15 08:57:46,2025-06-15,RG00003,False
SV00074,RT00004,OP00006,2025-08-11 20:52:04,2025-08-11 21:01:04,2025-08-11 23:13:04,2025-08-11 23:26:04,2025-08-11,RG00005,False
SV00075,RT00012,OP00006,2025-08-17 22:49:08,,2025-08-18 00:35:08,,2025-08-17,RG00003,True
SV00076,RT00002,OP00005,2025-08-26 09:42:30,2025-08-26 10:09:30,2025-08-26 11:41:30,2025-08-26 11:53:30,2025-08-26,RG00005,False
SV00077,RT00002,OP00004,2025-08-01 22:10:16,2025-08-01 22:26:16,2025-08-02 00:17:16,2025-08-02 00:53:16,2025-08-01,RG00005,False
SV00078,RT00001,OP00003,2025-07-10 21:55:38,2025-07-10 21:59:38,2025-07-11 00:19:38,2025-07-11 00:54:38,2025-07-10,RG00004,False
SV00079,RT00005,OP00003,2025-08-24 18:13:59,2025-08-24 18:46:59,2025-08-24 20:38:59,2025-08-24 20:52:59,2025-08-24,RG00005,False
SV00080,RT00004,OP00001,2025-08-19 22:48:46,2025-08-19 22:55:46,2025-08-20 00:57:46,2025-08-20 01:13:46,2025-08-19,RG00005,False
SV00081,RT00011,OP00006,2025-08-21 11:45:19,2025-08-21 11:59:19,2025-08-21 12:33:19,2025-08-21 12:40:19,2025-08-21,RG00004,False
SV00082,RT00010,OP00001,2025-07-23 17:42:41,2025-07-23 18:16:41,2025-07-23 19:16:41,2025-07-23 19:37:41,2025-07-23,RG00005,False
SV00083,RT00002,OP00005,2025-06-24 16:28:57,2025-06-24 16:33:57,2025-06-24 18:29:57,2025-06-24 18:41:57,2025-06-24,RG00005,False
SV00084,RT00003,OP00005,2025-06-26 21:28:07,2025-06-26 21:28:07,2025-06-26 22:03:07,2025-06-26 22:54:07,2025-06-26,RG00003,False
SV00085,RT00007,OP00002,2025-08-28 12:14:04,2025-08-28 12:14:04,2025-08-28 14:23:04,2025-08-28 14:42:04,2025-08-28,RG00003,False
SV00086,RT00007,OP00005,2025-07-30 15:01:37,2025-07-30 15:09:37,2025-07-30 17:12:37,2025-07-30 18:03:37,2025-07-30,RG00003,False
SV00087,RT00012,OP00002,2025-07-11 22:14:37,,2025-07-12 00:11:37,,2025-07-11,RG00003,True
SV00088,RT00004,OP00004,2025-06-29 12:00:04,,2025-06-29 14:19:04,,2025-06-29,RG00005,True
SV00089,RT00005,OP00001,2025-06-15 06:14:04,2025-06-15 06:17:04,2025-06-15 08:33:04,2025-06-15 08:52:04,2025-06-15,RG00005,False
SV00090,RT00005,OP00004,2025-07-15 06:55:21,2025-07-15 06:55:21,2025-07-15 09:22:21,2025-07-15 09:57:21,2025-07-15,RG00005,False
SV00091,RT00006,OP00005,2025-08-04 07:32:15,2025-08-04 07:44:15,2025-08-04 09:41:15,2025-08-04 09:46:15,2025-08-04,RG00002,False
SV00092,RT00009,OP00004,2025-08-28 13:42:31,2025-08-28 14:07:31,2025-08-28 15:41:31,2025-08-28 15:43:31,2025-08-28,RG00003,False
SV00093,RT00002,OP00004,2025-08-10 11:34:08,2025-08-10 11:37:08,2025-08-10 13:42:08,2025-08-10 14:03:08,2025-08-10,RG00005,False
SV00094,RT00005,OP00004,2025-06-09 23:36:30,,2025-06-10 01:59:30,,2025-06-09,RG00005,True
SV00095,RT00012,OP00005,2025-08-27 12:50:30,2025-08-27 12:57:30,2025-08-27 14:48:30,2025-08-27 15:12:30,2025-08-27,RG00003,False
SV00096,RT00003,OP00006,2025-06-01 18:12:06,2025-06-01 18:28:06,2025-06-01 18:57:06,2025-06-01 20:05:06,2025-06-01,RG00003,False
SV00097,RT00004,OP00004,2025-06-08 08:42:27,2025-06-08 09:08:27,2025-06-08 10:54:27,2025-06-08 11:41:27,2025-06-08,RG00005,False
SV00098,RT00010,OP00002,2025-08-27 16:27:26,,2025-08-27 18:06:26,,2025-08-27,RG00005,True
SV00099,RT00006,OP00005,2025-08-02 19:55:46,2025-08-02 20:20:46,2025-08-02 22:12:46,2025-08-02 22:21:46,2025-08-02,RG00002,False
SV00100,RT00012,OP00004,2025-06-11 06:43:41,2025-06-11 06:51:41,2025-06-11 08:43:41,2025-06-11 08:45:41,2025-06-11,RG00003,False
SV00101,RT00008,OP00006,2025-08-20 08:03:25,2025-08-20 08:08:25,2025-08-20 09:25:25,2025-08-20 09:35:25,2025-08-20,RG00003,False
SV00102,RT00001,OP00005,2025-06-08 15:51:55,2025-06-08 15:51:55,2025-06-08 18:11:55,2025-06-08 18:46:55,2025-06-08,RG00004,False
SV00103,RT00010,OP00003,2025-07-05 08:15:12,,2025-07-05 09:45:12,,2025-07-05,RG00005,True
SV00104,RT00008,OP00006,2025-07-05 11:34:28,2025-07-05 11:36:28,2025-07-05 12:55:28,2025-07-05 13:15:28,2025-07-05,RG00003,False
SV00105,RT00011,OP00002,2025-07-03 09:27:11,2025-07-03 09:30:11,2025-07-03 10:19:11,2025-07-03 10:31:11,2025-07-03,RG00004,False
SV00106,RT00007,OP00004,2025-06-05 13:29:15,2025-06-05 13:40:15,2025-06-05 15:38:15,2025-06-05 15:44:15,2025-06-05,RG00003,False
SV00107,RT00001,OP00003,2025-07-11 07:28:51,2025-07-11 07:28:51,2025-07-11 09:46:51,2025-07-11 10:08:51,2025-07-11,RG00004,False
SV00108,RT00002,OP00003,2025-06-28 22:06:03,2025-06-28 22:26:03,2025-06-29 00:08:03,2025-06-29 00:21:03,2025-06-28,RG00005,False
SV00109,RT00003,OP00005,2025-06-07 22:53:00,2025-06-07 23:30:00,2025-06-07 23:29:00,2025-06-07 23:52:00,2025-06-07,RG00003,False
SV00110,RT00001,OP00003,2025-08-12 07:59:48,2025-08-12 08:10:48,2025-08-12 10:15:48,2025-08-12 10:40:48,2025-08-12,RG00004,False
SV00111,RT00009,OP00002,2025-08-11 12:10:26,2025-08-11 12:13:26,2025-08-11 14:12:26,2025-08-11 14:41:26,2025-08-11,RG00003,False
SV00112,RT00008,OP00002,2025-06-12 20:30:13,,2025-06-12 21:51:13,,2025-06-12,RG00003,True
SV00113,RT00002,OP00001,2025-07-04 17:57:03,2025-07-04 18:09:03,2025-07-04 20:02:03,2025-07-04 20:39:03,2025-07-04,RG00005,False
SV00114,RT00009,OP00002,2025-07-03 10:24:00,2025-07-03 10:30:00,2025-07-03 12:28:00,2025-07-03 12:28:00,2025-07-03,RG00003,False
SV00115,RT00007,OP00006,2025-07-18 17:16:59,2025-07-18 17:48:59,2025-07-18 19:26:59,2025-07-18 20:24:59,2025-07-18,RG00003,False
SV00116,RT00009,OP00003,2025-06-23 19:18:27,2025-06-23 19:30:27,2025-06-23 21:21:27,2025-06-23 21:46:27,2025-06-23,RG00003,False
SV00117,RT00006,OP00002,2025-08-01 22:42:45,2025-08-01 22:49:45,2025-08-02 01:01:45,2025-08-02 01:16:45,2025-08-01,RG00002,False
SV00118,RT00006,OP00005,2025-08-27 20:09:12,2025-08-27 20:12:12,2025-08-27 22:20:12,2025-08-27 22:55:12,2025-08-27,RG00002,False
SV00119,RT00011,OP00001,2025-07-07 14:13:03,2025-07-07 14:35:03,2025-07-07 15:10:03,2025-07-07 15:10:03,2025-07-07,RG00004,False
SV00120,RT00004,OP00003,2025-07-14 23:47:34,2025-07-14 23:53:34,2025-07-15 02:01:34,2025-07-15 02:16:34,2025-07-14,RG00005,False
SV00121,RT00010,OP00001,2025-08-25 06:47:20,2025-08-25 06:59:20,2025-08-25 08:20:20,2025-08-25 08:50:20,2025-08-25,RG00005,False
SV00122,RT00010,OP00003,2025-08-30 06:03:37,2025-08-30 06:08:37,2025-08-30 07:46:37,2025-08-30 08:05:37,2025-08-30,RG00005,False
SV00123,RT00002,OP00005,2025-07-05 20:32:58,2025-07-05 20:42:58,2025-07-05 22:34:58,2025-07-05 22:34:58,2025-07-05,RG00005,False
SV00124,RT00007,OP00001,2025-08-04 21:10:03,2025-08-04 21:34:03,2025-08-04 23:20:03,2025-08-04 23:35:03,2025-08-04,RG00003,False
SV00125,RT00005,OP00004,2025-07-17 21:05:54,2025-07-17 21:09:54,2025-07-17 23:23:54,2025-07-17 23:29:54,2025-07-17,RG00005,False
SV00126,RT00011,OP00006,2025-08-17 10:04:38,2025-08-17 10:18:38,2025-08-17 10:56:38,2025-08-17 11:01:38,2025-08-17,RG00004,False
SV00127,RT00006,OP00006,2025-06-03 07:43:55,2025-06-03 07:43:55,2025-06-03 10:03:55,2025-06-03 10:14:55,2025-06-03,RG00002,False
SV00128,RT00002,OP00003,2025-06-01 12:25:07,2025-06-01 12:41:07,2025-06-01 14:19:07,2025-06-01 14:30:07,2025-06-01,RG00005,False
SV00129,RT00005,OP00004,2025-06-05 23:15:37,,2025-06-06 01:39:37,,2025-06-05,RG00005,True
SV00130,RT00010,OP00001,2025-08-29 06:39:05,2025-08-29 06:53:05,2025-08-29 08:07:05,2025-08-29 08:18:05,2025-08-29,RG00005,False
SV00131,RT00004,OP00004,2025-06-14 18:42:37,2025-06-14 18:59:37,2025-06-14 21:06:37,2025-06-14 21:20:37,2025-06-14,RG00005,False
SV00132,RT00009,OP00004,2025-06-27 23:33:20,2025-06-27 23:40:20,2025-06-28 01:28:20,2025-06-28 01:46:20,2025-06-27,RG00003,False
SV00133,RT00006,OP00001,2025-06-09 13:13:42,2025-06-09 13:23:42,2025-06-09 15:25:42,2025-06-09 15:25:42,2025-06-09,RG00002,False
SV00134,RT00002,OP00005,2025-08-18 15:15:16,,2025-08-18 17:20:16,,2025-08-18,RG00005,True
SV00135,RT00001,OP00004,2025-06-15 17:08:42,2025-06-15 17:24:42,2025-06-15 19:34:42,2025-06-15 19:41:42,2025-06-15,RG00004,False
SV00136,RT00005,OP00004,2025-08-29 14:29:20,2025-08-29 14:40:20,2025-08-29 16:55:20,2025-08-29 17:25:20,2025-08-29,RG00005,False
SV00137,RT00009,OP00005,2025-07-12 07:00:29,2025-07-12 07:08:29,2025-07-12 09:06:29,2025-07-12 09:58:29,2025-07-12,RG00003,False
SV00138,RT00006,OP00004,2025-08-16 23:06:04,2025-08-16 23:21:04,2025-08-17 01:25:04,2025-08-17 01:26:04,2025-08-16,RG00002,False
SV00139,RT00010,OP00004,2025-07-21 22:13:32,,2025-07-21 23:55:32,,2025-07-21,RG00005,True
SV00140,RT00012,OP00004,2025-08-02 13:08:59,2025-08-02 13:08:59,2025-08-02 15:09:59,2025-08-02 15:19:59,2025-08-02,RG00003,False
SV00141,RT00007,OP00006,2025-07-22 16:56:04,2025-07-22 17:17:04,2025-07-22 19:07:04,2025-07-22 19:16:04,2025-07-22,RG00003,False
SV00142,RT00005,OP00002,2025-06-04 12:23:18,2025-06-04 12:36:18,2025-06-04 14:38:18,2025-06-04 15:13:18,2025-06-04,RG00005,False
SV00143,RT00010,OP00005,2025-06-23 10:28:53,,2025-06-23 11:56:53,,2025-06-23,RG00005,True
SV00144,RT00006,OP00004,2025-06-15 22:45:19,2025-06-15 23:07:19,2025-06-16 00:58:19,2025-06-16 01:23:19,2025-06-15,RG00002,False
SV00145,RT00005,OP00006,2025-07-13 21:00:42,2025-07-13 21:22:42,2025-07-13 23:22:42,2025-07-13 23:35:42,2025-07-13,RG00005,False
SV00146,RT00011,OP00005,2025-06-29 22:19:59,2025-06-29 22:44:59,2025-06-29 23:02:59,2025-06-29 23:15:59,2025-06-29,RG00004,False
SV00147,RT00009,OP00003,2025-07-06 08:56:08,2025-07-06 09:15:08,2025-07-06 10:55:08,2025-07-06 11:20:08,2025-07-06,RG00003,False
SV00148,RT00006,OP00003,2025-06-13 13:07:56,2025-06-13 13:08:56,2025-06-13 15:20:56,2025-06-13 15:42:56,2025-06-13,RG00002,False
SV00149,RT00011,OP00004,2025-07-02 08:47:35,2025-07-02 08:51:35,2025-07-02 09:38:35,2025-07-02 09:44:35,2025-07-02,RG00004,False
SV00150,RT00008,OP00006,2025-08-10 09:17:18,2025-08-10 09:18:18,2025-08-10 10:39:18,2025-08-10 10:40:18,2025-08-10,RG00003,False
SV00151,RT00002,OP00006,2025-07-29 11:45:21,2025-07-29 12:25:21,2025-07-29 13:52:21,2025-07-29 14:10:21,2025-07-29,RG00005,False
SV00152,RT00012,OP00005,2025-08-25 11:43:40,2025-08-25 11:56:40,2025-08-25 13:44:40,2025-08-25 14:09:40,2025-08-25,RG00003,False
SV00153,RT00009,OP00005,2025-06-28 13:32:31,2025-06-28 13:36:31,2025-06-28 15:26:31,2025-06-28 15:33:31,2025-06-28,RG00003,False
SV00154,RT00005,OP00006,2025-08-05 13:57:58,2025-08-05 14:16:58,2025-08-05 16:13:58,2025-08-05 16:21:58,2025-08-05,RG00005,False
SV00155,RT00007,OP00005,2025-07-12 06:05:40,2025-07-12 06:45:40,2025-07-12 08:19:40,2025-07-12 08:40:40,2025-07-12,RG00003,False
SV00156,RT00010,OP00006,2025-07-15 18:53:17,2025-07-15 19:30:17,2025-07-15 20:32:17,2025-07-15 20:45:17,2025-07-15,RG00005,False
SV00157,RT00001,OP00002,2025-08-01 06:00:21,2025-08-01 06:25:21,2025-08-01 08:12:21,2025-08-01 08:12:21,2025-08-01,RG00004,False
SV00158,RT00010,OP00006,2025-07-27 09:40:16,2025-07-27 10:01:16,2025-07-27 11:22:16,2025-07-27 11:34:16,2025-07-27,RG00005,False
SV00159,RT00005,OP00003,2025-06-06 10:47:28,2025-06-06 10:53:28,2025-06-06 13:06:28,2025-06-06 13:26:28,2025-06-06,RG00005,False
SV00160,RT00012,OP00005,2025-06-28 22:45:27,2025-06-28 22:50:27,2025-06-29 00:44:27,2025-06-29 01:11:27,2025-06-28,RG00003,False
SV00161,RT00010,OP00006,2025-06-28 22:00:07,2025-06-28 22:17:07,2025-06-28 23:31:07,2025-06-28 23:43:07,2025-06-28,RG00005,False
SV00162,RT00002,OP00006,2025-07-14 07:56:44,2025-07-14 08:37:44,2025-07-14 09:56:44,2025-07-14 10:20:44,2025-07-14,RG00005,False
SV00163,RT00012,OP00005,2025-08-23 09:34:02,2025-08-23 09:50:02,2025-08-23 11:29:02,2025-08-23 12:03:02,2025-08-23,RG00003,False
SV00164,RT00006,OP00002,2025-06-30 16:37:35,2025-06-30 16:45:35,2025-06-30 18:44:35,2025-06-30 18:47:35,2025-06-30,RG00002,False
SV00165,RT00011,OP00002,2025-08-01 09:27:08,2025-08-01 09:33:08,2025-08-01 10:23:08,2025-08-01 10:35:08,2025-08-01,RG00004,False
SV00166,RT00001,OP00005,2025-08-14 06:19:23,2025-08-14 06:38:23,2025-08-14 08:38:23,2025-08-14 08:42:23,2025-08-14,RG00004,False
SV00167,RT00003,OP00001,2025-08-31 06:57:22,2025-08-31 07:24:22,2025-08-31 07:41:22,2025-08-31 07:47:22,2025-08-31,RG00003,False
SV00168,RT00005,OP00005,2025-08-28 11:43:15,2025-08-28 11:49:15,2025-08-28 13:58:15,2025-08-28 14:28:15,2025-08-28,RG00005,False
SV00169,RT00004,OP00005,2025-08-01 08:22:49,2025-08-01 08:39:49,2025-08-01 10:45:49,2025-08-01 10:51:49,2025-08-01,RG00005,False
SV00170,RT00003,OP00002,2025-06-01 22:56:55,2025-06-01 23:13:55,2025-06-01 23:32:55,2025-06-01 23:39:55,2025-06-01,RG00003,False
SV00171,RT00010,OP00002,2025-06-27 18:39:47,2025-06-27 18:46:47,2025-06-27 20:14:47,2025-06-27 20:20:47,2025-06-27,RG00005,False
SV00172,RT00005,OP00005,2025-08-01 09:59:59,2025-08-01 10:02:59,2025-08-01 12:18:59,2025-08-01 12:22:59,2025-08-01,RG00005,False
SV00173,RT00011,OP00005,2025-08-16 12:55:10,2025-08-16 13:04:10,2025-08-16 13:48:10,2025-08-16 14:04:10,2025-08-16,RG00004,False
SV00174,RT00008,OP00005,2025-06-03 10:56:26,,2025-06-03 12:26:26,,2025-06-03,RG00003,True
SV00175,RT00011,OP00002,2025-08-09 05:11:47,2025-08-09 05:33:47,2025-08-09 05:58:47,2025-08-09 06:19:47,2025-08-09,RG00004,False
SV00176,RT00004,OP00005,2025-08-11 15:50:59,2025-08-11 15:50:59,2025-08-11 18:03:59,2025-08-11 18:18:59,2025-08-11,RG00005,False
SV00177,RT00001,OP00005,2025-06-27 18:51:42,2025-06-27 19:10:42,2025-06-27 21:08:42,2025-06-27 21:35:42,2025-06-27,RG00004,False
SV00178,RT00011,OP00004,2025-06-09 12:17:10,2025-06-09 12:23:10,2025-06-09 13:05:10,2025-06-09 13:30:10,2025-06-09,RG00004,False
SV00179,RT00007,OP00001,2025-08-01 08:24:55,2025-08-01 09:16:55,2025-08-01 10:31:55,2025-08-01 11:22:55,2025-08-01,RG00003,False
SV00180,RT00008,OP00003,2025-07-07 06:54:30,2025-07-07 07:19:30,2025-07-07 08:22:30,2025-07-07 08:51:30,2025-07-07,RG00003,False
SV00181,RT00003,OP00001,2025-07-21 12:12:52,2025-07-21 12:21:52,2025-07-21 12:53:52,2025-07-21 13:22:52,2025-07-21,RG00003,False
SV00182,RT00006,OP00004,2025-07-14 19:22:19,2025-07-14 19:45:19,2025-07-14 21:33:19,2025-07-14 22:16:19,2025-07-14,RG00002,False
SV00183,RT00002,OP00003,2025-06-24 12:14:01,,2025-06-24 14:17:01,,2025-06-24,RG00005,True
SV00184,RT00007,OP00005,2025-08-18 11:25:21,2025-08-18 11:44:21,2025-08-18 13:40:21,2025-08-18 13:40:21,2025-08-18,RG00003,False
SV00185,RT00008,OP00004,2025-07-29 13:55:04,2025-07-29 14:01:04,2025-07-29 15:21:04,2025-07-29 15:25:04,2025-07-29,RG00003,False
SV00186,RT00006,OP00005,2025-07-02 13:22:41,2025-07-02 13:27:41,2025-07-02 15:36:41,2025-07-02 15:58:41,2025-07-02,RG00002,False
SV00187,RT00006,OP00002,2025-08-27 21:25:43,2025-08-27 21:29:43,2025-08-27 23:34:43,2025-08-27 23:46:43,2025-08-27,RG00002,False
SV00188,RT00005,OP00006,2025-07-22 22:21:01,2025-07-22 22:31:01,2025-07-23 00:38:01,2025-07-23 00:45:01,2025-07-22,RG00005,False
SV00189,RT00008,OP00004,2025-08-01 08:56:16,2025-08-01 09:04:16,2025-08-01 10:26:16,2025-08-01 11:18:16,2025-08-01,RG00003,False
SV00190,RT00001,OP00002,2025-07-28 10:37:16,2025-07-28 10:55:16,2025-07-28 12:49:16,2025-07-28 13:00:16,2025-07-28,RG00004,False
SV00191,RT00010,OP00004,2025-07-22 06:06:38,2025-07-22 06:09:38,2025-07-22 07:42:38,2025-07-22 07:59:38,2025-07-22,RG00005,False
SV00192,RT00004,OP00004,2025-06-12 18:22:46,2025-06-12 18:41:46,2025-06-12 20:35:46,2025-06-12 20:57:46,2025-06-12,RG00005,False
SV00193,RT00004,OP00002,2025-07-09 15:27:38,2025-07-09 15:32:38,2025-07-09 17:40:38,2025-07-09 17:57:38,2025-07-09,RG00005,False
SV00194,RT00003,OP00003,2025-06-02 21:07:24,2025-06-02 21:11:24,2025-06-02 21:47:24,2025-06-02 22:43:24,2025-06-02,RG00003,False
SV00195,RT00003,OP00001,2025-06-03 23:12:16,2025-06-03 23:13:16,2025-06-03 23:49:16,2025-06-04 00:03:16,2025-06-03,RG00003,False
SV00196,RT00004,OP00005,2025-07-26 06:45:27,,2025-07-26 09:04:27,,2025-07-26,RG00005,True
SV00197,RT00011,OP00004,2025-08-20 05:33:59,2025-08-20 05:40:59,2025-08-20 06:22:59,2025-08-20 06:27:59,2025-08-20,RG00004,False
SV00198,RT00001,OP00005,2025-07-29 22:43:46,2025-07-29 23:02:46,2025-07-30 01:06:46,2025-07-30 01:41:46,2025-07-29,RG00004,False
SV00199,RT00011,OP00006,2025-06-02 11:23:27,2025-06-02 11:24:27,2025-06-02 12:20:27,2025-06-02 12:44:27,2025-06-02,RG00004,False
SV00200,RT00011,OP00002,2025-06-02 07:42:58,2025-06-02 08:08:58,2025-06-02 08:28:58,2025-06-02 08:44:58,2025-06-02,RG00004,False
SV00201,RT00002,OP00005,2025-08-31 15:39:20,2025-08-31 15:43:20,2025-08-31 17:40:20,2025-08-31 18:31:20,2025-08-31,RG00005,False
SV00202,RT00009,OP00002,2025-07-24 08:46:57,,2025-07-24 10:50:57,,2025-07-24,RG00003,True
SV00203,RT00010,OP00005,2025-08-26 14:32:19,2025-08-26 14:33:19,2025-08-26 16:12:19,2025-08-26 16:37:19,2025-08-26,RG00005,False
SV00204,RT00002,OP00001,2025-06-01 18:20:25,2025-06-01 18:22:25,2025-06-01 20:27:25,2025-06-01 20:50:25,2025-06-01,RG00005,False
SV00205,RT00005,OP00001,2025-06-19 14:35:08,2025-06-19 14:43:08,2025-06-19 16:50:08,2025-06-19 17:25:08,2025-06-19,RG00005,False
SV00206,RT00009,OP00001,2025-06-02 11:26:42,2025-06-02 11:43:42,2025-06-02 13:19:42,2025-06-02 13:45:42,2025-06-02,RG00003,False
SV00207,RT00009,OP00001,2025-07-23 17:43:47,2025-07-23 17:43:47,2025-07-23 19:46:47,2025-07-23 20:01:47,2025-07-23,RG00003,False
SV00208,RT00008,OP00001,2025-07-14 10:39:36,2025-07-14 10:50:36,2025-07-14 12:04:36,2025-07-14 12:32:36,2025-07-14,RG00003,False
SV00209,RT00001,OP00001,2025-08-29 14:25:35,2025-08-29 14:27:35,2025-08-29 16:47:35,2025-08-29 16:56:35,2025-08-29,RG00004,False
SV00210,RT00001,OP00002,2025-07-02 05:19:18,,2025-07-02 07:44:18,,2025-07-02,RG00004,True
SV00211,RT00009,OP00004,2025-08-09 11:27:50,2025-08-09 11:28:50,2025-08-09 13:33:50,2025-08-09 13:55:50,2025-08-09,RG00003,False
SV00212,RT00011,OP00005,2025-07-02 23:38:41,2025-07-02 23:55:41,2025-07-03 00:30:41,2025-07-03 00:52:41,2025-07-02,RG00004,False
SV00213,RT00008,OP00001,2025-08-07 15:29:28,2025-08-07 15:51:28,2025-08-07 16:46:28,2025-08-07 16:46:28,2025-08-07,RG00003,False
SV00214,RT00010,OP00002,2025-07-25 19:43:13,2025-07-25 20:04:13,2025-07-25 21:13:13,2025-07-25 21:29:13,2025-07-25,RG00005,False
SV00215,RT00009,OP00002,2025-08-14 21:30:50,2025-08-14 21:39:50,2025-08-14 23:35:50,2025-08-14 23:51:50,2025-08-14,RG00003,False
SV00216,RT00007,OP00002,2025-07-26 10:42:05,2025-07-26 11:05:05,2025-07-26 12:59:05,2025-07-26 13:11:05,2025-07-26,RG00003,False
SV00217,RT00003,OP00004,2025-06-17 14:32:42,2025-06-17 14:47:42,2025-06-17 15:07:42,2025-06-17 15:07:42,2025-06-17,RG00003,False
SV00218,RT00003,OP00005,2025-07-08 15:05:52,2025-07-08 15:07:52,2025-07-08 15:50:52,2025-07-08 16:30:52,2025-07-08,RG00003,False
SV00219,RT00002,OP00004,2025-06-24 12:43:19,2025-06-24 13:21:19,2025-06-24 14:42:19,2025-06-24 15:33:19,2025-06-24,RG00005,False
SV00220,RT00005,OP00003,2025-08-08 12:51:12,2025-08-08 13:02:12,2025-08-08 15:17:12,2025-08-08 15:52:12,2025-08-08,RG00005,False
SV00221,RT00012,OP00002,2025-08-09 09:01:02,2025-08-09 09:35:02,2025-08-09 10:53:02,2025-08-09 11:44:02,2025-08-09,RG00003,False
SV00222,RT00012,OP00003,2025-08-25 12:30:39,2025-08-25 12:39:39,2025-08-25 14:31:39,2025-08-25 14:49:39,2025-08-25,RG00003,False
SV00223,RT00003,OP00006,2025-06-11 07:29:26,2025-06-11 07:49:26,2025-06-11 08:10:26,2025-06-11 08:48:26,2025-06-11,RG00003,False
SV00224,RT00006,OP00001,2025-06-16 23:12:45,2025-06-16 23:25:45,2025-06-17 01:28:45,2025-06-17 01:58:45,2025-06-16,RG00002,False
SV00225,RT00002,OP00001,2025-08-12 17:31:25,2025-08-12 18:03:25,2025-08-12 19:33:25,2025-08-12 19:34:25,2025-08-12,RG00005,False
SV00226,RT00012,OP00004,2025-07-29 12:09:41,2025-07-29 12:34:41,2025-07-29 14:05:41,2025-07-29 14:16:41,2025-07-29,RG00003,False
SV00227,RT00003,OP00005,2025-08-09 05:57:48,2025-08-09 06:00:48,2025-08-09 06:34:48,2025-08-09 06:55:48,2025-08-09,RG00003,False
SV00228,RT00005,OP00003,2025-08-19 08:49:27,2025-08-19 09:15:27,2025-08-19 11:17:27,2025-08-19 12:09:27,2025-08-19,RG00005,False
SV00229,RT00012,OP00005,2025-06-03 12:11:51,2025-06-03 12:23:51,2025-06-03 14:07:51,2025-06-03 14:15:51,2025-06-03,RG00003,False
SV00230,RT00011,OP00004,2025-06-20 21:29:03,2025-06-20 21:41:03,2025-06-20 22:12:03,2025-06-20 22:23:03,2025-06-20,RG00004,False
SV00231,RT00011,OP00001,2025-07-29 22:15:58,2025-07-29 22:32:58,2025-07-29 22:58:58,2025-07-29 23:06:58,2025-07-29,RG00004,False
SV00232,RT00001,OP00005,2025-07-06 08:29:08,2025-07-06 09:03:08,2025-07-06 10:43:08,2025-07-06 11:30:08,2025-07-06,RG00004,False
SV00233,RT00001,OP00005,2025-06-19 19:42:33,2025-06-19 19:48:33,2025-06-19 22:07:33,2025-06-19 22:12:33,2025-06-19,RG00004,False
SV00234,RT00010,OP00001,2025-08-29 22:38:20,2025-08-29 22:40:20,2025-08-30 00:06:20,2025-08-30 00:23:20,2025-08-29,RG00005,False
SV00235,RT00009,OP00003,2025-08-06 19:39:52,2025-08-06 19:53:52,2025-08-06 21:33:52,2025-08-06 21:40:52,2025-08-06,RG00003,False
SV00236,RT00007,OP00001,2025-06-19 21:27:53,2025-06-19 21:28:53,2025-06-19 23:38:53,2025-06-19 23:53:53,2025-06-19,RG00003,False
SV00237,RT00001,OP00005,2025-06-20 22:28:57,2025-06-20 22:41:57,2025-06-21 00:53:57,2025-06-21 00:53:57,2025-06-20,RG00004,False
SV00238,RT00012,OP00003,2025-08-10 10:47:55,2025-08-10 10:54:55,2025-08-10 12:47:55,2025-08-10 12:47:55,2025-08-10,RG00003,False
SV00239,RT00008,OP00003,2025-07-22 20:28:16,2025-07-22 20:34:16,2025-07-22 21:45:16,2025-07-22 21:48:16,2025-07-22,RG00003,False
SV00240,RT00003,OP00001,2025-07-03 12:53:40,2025-07-03 12:56:40,2025-07-03 13:39:40,2025-07-03 14:23:40,2025-07-03,RG00003,False
SV00241,RT00008,OP00005,2025-07-10 13:49:49,2025-07-10 14:14:49,2025-07-10 15:12:49,2025-07-10 15:18:49,2025-07-10,RG00003,False
SV00242,RT00005,OP00004,2025-07-09 21:31:40,2025-07-09 21:49:40,2025-07-09 23:48:40,2025-07-09 23:57:40,2025-07-09,RG00005,False
SV00243,RT00001,OP00005,2025-08-21 12:17:28,2025-08-21 12:26:28,2025-08-21 14:37:28,2025-08-21 15:07:28,2025-08-21,RG00004,False
SV00244,RT00007,OP00002,2025-06-01 07:45:18,2025-06-01 07:53:18,2025-06-01 09:56:18,2025-06-01 10:09:18,2025-06-01,RG00003,False
SV00245,RT00005,OP00006,2025-06-11 12:17:21,2025-06-11 12:20:21,2025-06-11 14:38:21,2025-06-11 14:55:21,2025-06-11,RG00005,False
SV00246,RT00006,OP00004,2025-08-31 15:57:34,2025-08-31 16:22:34,2025-08-31 18:05:34,2025-08-31 18:23:34,2025-08-31,RG00002,False
SV00247,RT00006,OP00003,2025-07-27 07:08:09,2025-07-27 07:45:09,2025-07-27 09:25:09,2025-07-27 10:14:09,2025-07-27,RG00002,False
SV00248,RT00008,OP00004,2025-08-28 12:24:44,2025-08-28 12:49:44,2025-08-28 13:49:44,2025-08-28 14:02:44,2025-08-28,RG00003,False
SV00249,RT00009,OP00003,2025-07-20 09:45:13,2025-07-20 09:52:13,2025-07-20 11:38:13,2025-07-20 11:58:13,2025-07-20,RG00003,False
SV00250,RT00002,OP00003,2025-06-23 07:26:26,2025-06-23 08:23:26,2025-06-23 09:30:26,2025-06-23 09:54:26,2025-06-23,RG00005,False
SV00251,RT00009,OP00004,2025-07-01 15:34:29,2025-07-01 15:52:29,2025-07-01 17:30:29,2025-07-01 17:34:29,2025-07-01,RG00003,False
SV00252,RT00012,OP00003,2025-07-12 18:03:13,2025-07-12 18:31:13,2025-07-12 19:50:13,2025-07-12 20:14:13,2025-07-12,RG00003,False
SV00253,RT00011,OP00003,2025-06-07 18:24:57,2025-06-07 18:33:57,2025-06-07 19:18:57,2025-06-07 19:37:57,2025-06-07,RG00004,False
SV00254,RT00010,OP00002,2025-06-16 23:44:01,2025-06-17 00:03:01,2025-06-17 01:21:01,2025-06-17 01:56:01,2025-06-16,RG00005,False
SV00255,RT00009,OP00005,2025-08-29 23:24:30,2025-08-29 23:26:30,2025-08-30 01:22:30,2025-08-30 01:26:30,2025-08-29,RG00003,False
SV00256,RT00010,OP00005,2025-07-30 05:22:19,2025-07-30 05:39:19,2025-07-30 07:03:19,2025-07-30 07:38:19,2025-07-30,RG00005,False
SV00257,RT00010,OP00006,2025-06-02 17:54:57,2025-06-02 18:31:57,2025-06-02 19:24:57,2025-06-02 20:11:57,2025-06-02,RG00005,False
SV00258,RT00007,OP00006,2025-06-01 18:34:47,2025-06-01 19:34:47,2025-06-01 20:43:47,2025-06-01 20:56:47,2025-06-01,RG00003,False
SV00259,RT00001,OP00002,2025-07-18 22:51:38,2025-07-18 22:55:38,2025-07-19 01:02:38,2025-07-19 01:02:38,2025-07-18,RG00004,False
SV00260,RT00007,OP00006,2025-06-12 12:31:14,2025-06-12 12:38:14,2025-06-12 14:43:14,2025-06-12 15:22:14,2025-06-12,RG00003,False
SV00261,RT00010,OP00004,2025-08-08 13:27:31,2025-08-08 13:38:31,2025-08-08 15:10:31,2025-08-08 15:32:31,2025-08-08,RG00005,False
SV00262,RT00005,OP00001,2025-07-07 05:24:21,2025-07-07 05:46:21,2025-07-07 07:39:21,2025-07-07 07:57:21,2025-07-07,RG00005,False
SV00263,RT00006,OP00001,2025-07-02 17:46:10,2025-07-02 18:00:10,2025-07-02 19:56:10,2025-07-02 20:48:10,2025-07-02,RG00002,False
SV00264,RT00010,OP00001,2025-06-09 19:58:08,2025-06-09 20:09:08,2025-06-09 21:33:08,2025-06-09 21:37:08,2025-06-09,RG00005,False
SV00265,RT00007,OP00002,2025-06-19 22:01:58,2025-06-19 22:24:58,2025-06-20 00:21:58,2025-06-20 00:29:58,2025-06-19,RG00003,False
SV00266,RT00005,OP00002,2025-07-18 17:37:36,2025-07-18 17:53:36,2025-07-18 19:50:36,2025-07-18 19:58:36,2025-07-18,RG00005,False
SV00267,RT00007,OP00003,2025-08-19 05:05:41,2025-08-19 05:29:41,2025-08-19 07:11:41,2025-08-19 07:35:41,2025-08-19,RG00003,False
SV00268,RT00009,OP00001,2025-06-03 18:08:55,2025-06-03 18:24:55,2025-06-03 20:09:55,2025-06-03 20:51:55,2025-06-03,RG00003,False
SV00269,RT00003,OP00004,2025-06-20 19:11:03,,2025-06-20 19:47:03,,2025-06-20,RG00003,True
SV00270,RT00008,OP00006,2025-06-24 13:24:20,2025-06-24 13:49:20,2025-06-24 14:54:20,2025-06-24 15:21:20,2025-06-24,RG00003,False
SV00271,RT00002,OP00004,2025-07-24 11:29:20,2025-07-24 11:44:20,2025-07-24 13:26:20,2025-07-24 13:47:20,2025-07-24,RG00005,False
SV00272,RT00011,OP00006,2025-07-03 15:48:56,2025-07-03 16:08:56,2025-07-03 16:45:56,2025-07-03 16:50:56,2025-07-03,RG00004,False
SV00273,RT00007,OP00001,2025-06-24 17:17:48,2025-06-24 17:26:48,2025-06-24 19:25:48,2025-06-24 19:28:48,2025-06-24,RG00003,False
SV00274,RT00002,OP00001,2025-08-14 18:16:53,2025-08-14 19:15:53,2025-08-14 20:16:53,2025-08-14 21:35:53,2025-08-14,RG00005,False
SV00275,RT00004,OP00001,2025-08-11 07:30:01,2025-08-11 07:59:01,2025-08-11 09:51:01,2025-08-11 09:53:01,2025-08-11,RG00005,False
SV00276,RT00007,OP00002,2025-07-06 22:03:22,2025-07-06 22:27:22,2025-07-07 00:11:22,2025-07-07 00:22:22,2025-07-06,RG00003,False
SV00277,RT00003,OP00006,2025-07-08 12:41:04,2025-07-08 13:04:04,2025-07-08 13:17:04,2025-07-08 14:13:04,2025-07-08,RG00003,False
SV00278,RT00002,OP00002,2025-08-23 06:48:01,2025-08-23 06:56:01,2025-08-23 08:44:01,2025-08-23 09:29:01,2025-08-23,RG00005,False
SV00279,RT00011,OP00002,2025-08-28 12:12:53,2025-08-28 12:19:53,2025-08-28 13:04:53,2025-08-28 13:20:53,2025-08-28,RG00004,False
SV00280,RT00010,OP00005,2025-06-25 05:39:09,2025-06-25 05:41:09,2025-06-25 07:18:09,2025-06-25 07:23:09,2025-06-25,RG00005,False
SV00281,RT00007,OP00004,2025-06-18 12:08:30,2025-06-18 12:13:30,2025-06-18 14:23:30,2025-06-18 15:10:30,2025-06-18,RG00003,False
SV00282,RT00001,OP00004,2025-08-21 08:36:13,2025-08-21 08:54:13,2025-08-21 10:51:13,2025-08-21 11:23:13,2025-08-21,RG00004,False
SV00283,RT00008,OP00003,2025-08-05 19:44:16,2025-08-05 19:51:16,2025-08-05 21:13:16,2025-08-05 21:27:16,2025-08-05,RG00003,False
SV00284,RT00003,OP00002,2025-07-24 16:10:38,2025-07-24 17:02:38,2025-07-24 16:47:38,2025-07-24 17:15:38,2025-07-24,RG00003,False
SV00285,RT00012,OP00006,2025-07-05 08:49:52,2025-07-05 08:56:52,2025-07-05 10:39:52,2025-07-05 11:18:52,2025-07-05,RG00003,False
SV00286,RT00012,OP00005,2025-08-19 10:19:06,2025-08-19 10:21:06,2025-08-19 12:07:06,2025-08-19 12:16:06,2025-08-19,RG00003,False
SV00287,RT00002,OP00005,2025-07-31 23:01:59,2025-07-31 23:18:59,2025-08-01 00:54:59,2025-08-01 01:30:59,2025-07-31,RG00005,False
SV00288,RT00003,OP00004,2025-07-11 14:36:43,2025-07-11 14:51:43,2025-07-11 15:14:43,2025-07-11 15:18:43,2025-07-11,RG00003,False
SV00289,RT00005,OP00002,2025-07-03 17:25:45,2025-07-03 17:49:45,2025-07-03 19:52:45,2025-07-03 20:39:45,2025-07-03,RG00005,False
SV00290,RT00011,OP00003,2025-08-07 11:04:37,2025-08-07 11:10:37,2025-08-07 11:57:37,2025-08-07 12:08:37,2025-08-07,RG00004,False
SV00291,RT00008,OP00002,2025-07-03 12:06:44,,2025-07-03 13:29:44,,2025-07-03,RG00003,True
SV00292,RT00010,OP00001,2025-06-14 14:54:43,2025-06-14 15:05:43,2025-06-14 16:26:43,2025-06-14 16:26:43,2025-06-14,RG00005,False
SV00293,RT00007,OP00002,2025-06-21 08:50:36,2025-06-21 09:50:36,2025-06-21 11:09:36,2025-06-21 11:35:36,2025-06-21,RG00003,False
SV00294,RT00007,OP00001,2025-07-18 06:22:34,2025-07-18 06:33:34,2025-07-18 08:42:34,2025-07-18 08:54:34,2025-07-18,RG00003,False
SV00295,RT00012,OP00001,2025-06-20 18:42:23,2025-06-20 18:46:23,2025-06-20 20:34:23,2025-06-20 21:00:23,2025-06-20,RG00003,False
SV00296,RT00007,OP00003,2025-06-08 07:32:41,2025-06-08 07:48:41,2025-06-08 09:40:41,2025-06-08 10:48:41,2025-06-08,RG00003,False
SV00297,RT00008,OP00006,2025-06-07 15:00:54,2025-06-07 15:09:54,2025-06-07 16:20:54,2025-06-07 16:39:54,2025-06-07,RG00003,False
SV00298,RT00001,OP00004,2025-08-06 18:52:31,2025-08-06 19:16:31,2025-08-06 21:07:31,2025-08-06 21:59:31,2025-08-06,RG00004,False
SV00299,RT00004,OP00002,2025-06-17 08:27:23,,2025-06-17 10:39:23,,2025-06-17,RG00005,True
SV00300,RT00006,OP00001,2025-07-03 19:45:09,2025-07-03 19:50:09,2025-07-03 22:03:09,2025-07-03 22:15:09,2025-07-03,RG00002,False
SV00301,RT00009,OP00002,2025-07-18 18:11:46,2025-07-18 18:24:46,2025-07-18 20:13:46,2025-07-18 20:37:46,2025-07-18,RG00003,False
SV00302,RT00002,OP00006,2025-08-15 21:41:17,2025-08-15 21:45:17,2025-08-15 23:47:17,2025-08-15 23:54:17,2025-08-15,RG00005,False
SV00303,RT00001,OP00004,2025-07-29 22:49:30,,2025-07-30 01:10:30,,2025-07-29,RG00004,True
SV00304,RT00010,OP00006,2025-08-25 19:27:52,2025-08-25 19:45:52,2025-08-25 20:59:52,2025-08-25 21:13:52,2025-08-25,RG00005,False
SV00305,RT00012,OP00004,2025-06-22 23:17:20,2025-06-22 23:19:20,2025-06-23 01:10:20,2025-06-23 01:27:20,2025-06-22,RG00003,False
SV00306,RT00002,OP00005,2025-06-30 12:53:59,2025-06-30 13:21:59,2025-06-30 14:54:59,2025-06-30 15:33:59,2025-06-30,RG00005,False
SV00307,RT00007,OP00004,2025-07-08 07:17:56,2025-07-08 07:37:56,2025-07-08 09:25:56,2025-07-08 09:33:56,2025-07-08,RG00003,False
SV00308,RT00003,OP00003,2025-07-21 19:15:48,2025-07-21 19:22:48,2025-07-21 19:55:48,2025-07-21 20:02:48,2025-07-21,RG00003,False
SV00309,RT00010,OP00006,2025-07-24 19:36:39,,2025-07-24 21:13:39,,2025-07-24,RG00005,True
SV00310,RT00002,OP00001,2025-06-08 17:21:01,2025-06-08 17:40:01,2025-06-08 19:14:01,2025-06-08 19:48:01,2025-06-08,RG00005,False
SV00311,RT00011,OP00005,2025-06-27 20:54:20,2025-06-27 20:55:20,2025-06-27 21:45:20,2025-06-27 22:16:20,2025-06-27,RG00004,False
SV00312,RT00007,OP00003,2025-06-27 10:31:13,2025-06-27 11:11:13,2025-06-27 12:43:13,2025-06-27 12:53:13,2025-06-27,RG00003,False
SV00313,RT00002,OP00002,2025-06-21 16:51:16,2025-06-21 17:51:16,2025-06-21 18:50:16,2025-06-21 19:07:16,2025-06-21,RG00005,False
SV00314,RT00003,OP00006,2025-06-30 15:17:56,2025-06-30 15:23:56,2025-06-30 16:02:56,2025-06-30 16:11:56,2025-06-30,RG00003,False
SV00315,RT00011,OP00001,2025-06-28 13:35:00,2025-06-28 13:41:00,2025-06-28 14:26:00,2025-06-28 14:28:00,2025-06-28,RG00004,False
SV00316,RT00007,OP00004,2025-08-03 21:12:05,2025-08-03 21:21:05,2025-08-03 23:19:05,2025-08-03 23:24:05,2025-08-03,RG00003,False
SV00317,RT00004,OP00001,2025-08-08 12:46:26,2025-08-08 13:03:26,2025-08-08 15:02:26,2025-08-08 15:09:26,2025-08-08,RG00005,False
SV00318,RT00001,OP00002,2025-07-31 20:35:48,2025-07-31 20:36:48,2025-07-31 23:01:48,2025-07-31 23:01:48,2025-07-31,RG00004,False
SV00319,RT00005,OP00005,2025-07-18 12:44:30,2025-07-18 12:49:30,2025-07-18 15:09:30,2025-07-18 15:16:30,2025-07-18,RG00005,False
SV00320,RT00012,OP00005,2025-06-19 20:28:50,2025-06-19 20:45:50,2025-06-19 22:17:50,2025-06-19 22:23:50,2025-06-19,RG00003,False
SV00321,RT00009,OP00006,2025-06-04 05:05:18,2025-06-04 05:14:18,2025-06-04 07:03:18,2025-06-04 07:12:18,2025-06-04,RG00003,False
SV00322,RT00008,OP00005,2025-07-05 12:25:44,2025-07-05 12:37:44,2025-07-05 13:57:44,2025-07-05 13:57:44,2025-07-05,RG00003,False
SV00323,RT00012,OP00006,2025-08-03 12:19:42,,2025-08-03 14:07:42,,2025-08-03,RG00003,True
SV00324,RT00009,OP00006,2025-07-19 23:23:30,2025-07-19 23:27:30,2025-07-20 01:14:30,2025-07-20 01:39:30,2025-07-19,RG00003,False
SV00325,RT00010,OP00006,2025-06-17 22:33:22,,2025-06-18 00:12:22,,2025-06-17,RG00005,True
SV00326,RT00009,OP00004,2025-07-14 18:47:35,2025-07-14 19:05:35,2025-07-14 20:48:35,2025-07-14 20:56:35,2025-07-14,RG00003,False
SV00327,RT00007,OP00003,2025-08-31 15:22:44,2025-08-31 15:33:44,2025-08-31 17:32:44,2025-08-31 17:38:44,2025-08-31,RG00003,False
SV00328,RT00004,OP00006,2025-06-30 19:17:19,2025-06-30 19:26:19,2025-06-30 21:38:19,2025-06-30 21:38:19,2025-06-30,RG00005,False
SV00329,RT00005,OP00006,2025-07-16 13:14:07,2025-07-16 13:19:07,2025-07-16 15:40:07,2025-07-16 16:09:07,2025-07-16,RG00005,False
SV00330,RT00001,OP00003,2025-06-06 11:20:07,2025-06-06 11:23:07,2025-06-06 13:42:07,2025-06-06 14:00:07,2025-06-06,RG00004,False
SV00331,RT00001,OP00001,2025-07-07 22:48:44,,2025-07-08 01:04:44,,2025-07-07,RG00004,True
SV00332,RT00003,OP00006,2025-06-24 10:12:13,2025-06-24 10:43:13,2025-06-24 11:00:13,2025-06-24 11:13:13,2025-06-24,RG00003,False
SV00333,RT00008,OP00004,2025-07-16 20:17:46,2025-07-16 20:20:46,2025-07-16 21:36:46,2025-07-16 21:36:46,2025-07-16,RG00003,False
SV00334,RT00002,OP00005,2025-07-23 23:48:33,2025-07-23 23:54:33,2025-07-24 01:41:33,2025-07-24 01:50:33,2025-07-23,RG00005,False
SV00335,RT00004,OP00005,2025-07-30 14:06:53,2025-07-30 14:06:53,2025-07-30 16:17:53,2025-07-30 16:18:53,2025-07-30,RG00005,False
SV00336,RT00002,OP00002,2025-08-02 11:18:14,2025-08-02 11:53:14,2025-08-02 13:11:14,2025-08-02 13:53:14,2025-08-02,RG00005,False
SV00337,RT00005,OP00002,2025-08-24 16:11:19,2025-08-24 16:12:19,2025-08-24 18:32:19,2025-08-24 19:24:19,2025-08-24,RG00005,False
SV00338,RT00009,OP00005,2025-07-02 05:45:34,2025-07-02 06:10:34,2025-07-02 07:42:34,2025-07-02 07:44:34,2025-07-02,RG00003,False
SV00339,RT00001,OP00005,2025-08-26 09:17:02,2025-08-26 09:32:02,2025-08-26 11:29:02,2025-08-26 11:41:02,2025-08-26,RG00004,False
SV00340,RT00005,OP00004,2025-07-03 06:35:18,2025-07-03 06:37:18,2025-07-03 08:49:18,2025-07-03 08:51:18,2025-07-03,RG00005,False
SV00341,RT00009,OP00003,2025-08-06 09:40:55,2025-08-06 10:09:55,2025-08-06 11:43:55,2025-08-06 12:24:55,2025-08-06,RG00003,False
SV00342,RT00001,OP00002,2025-06-18 20:06:55,2025-06-18 20:16:55,2025-06-18 22:26:55,2025-06-18 23:01:55,2025-06-18,RG00004,False
SV00343,RT00009,OP00003,2025-06-25 05:36:18,2025-06-25 05:41:18,2025-06-25 07:40:18,2025-06-25 07:46:18,2025-06-25,RG00003,False
SV00344,RT00008,OP00004,2025-07-24 20:30:28,2025-07-24 20:30:28,2025-07-24 22:00:28,2025-07-24 22:00:28,2025-07-24,RG00003,False
SV00345,RT00004,OP00005,2025-07-28 15:11:03,2025-07-28 15:33:03,2025-07-28 17:32:03,2025-07-28 17:45:03,2025-07-28,RG00005,False
SV00346,RT00012,OP00006,2025-08-06 13:55:30,2025-08-06 13:58:30,2025-08-06 15:43:30,2025-08-06 15:44:30,2025-08-06,RG00003,False
SV00347,RT00011,OP00003,2025-07-16 08:52:04,2025-07-16 09:15:04,2025-07-16 09:38:04,2025-07-16 09:38:04,2025-07-16,RG00004,False
SV00348,RT00010,OP00005,2025-06-24 17:31:04,2025-06-24 17:35:04,2025-06-24 19:07:04,2025-06-24 19:43:04,2025-06-24,RG00005,False
SV00349,RT00005,OP00005,2025-07-02 23:40:43,2025-07-02 23:53:43,2025-07-03 01:55:43,2025-07-03 01:55:43,2025-07-02,RG00005,False
SV00350,RT00005,OP00001,2025-07-17 06:09:09,2025-07-17 06:16:09,2025-07-17 08:31:09,2025-07-17 08:31:09,2025-07-17,RG00005,False
SV00351,RT00011,OP00003,2025-08-25 23:19:05,2025-08-25 23:29:05,2025-08-26 00:03:05,2025-08-26 00:10:05,2025-08-25,RG00004,False
SV00352,RT00012,OP00006,2025-06-23 12:07:35,2025-06-23 12:10:35,2025-06-23 13:59:35,2025-06-23 14:07:35,2025-06-23,RG00003,False
SV00353,RT00006,OP00003,2025-08-05 18:38:38,2025-08-05 18:39:38,2025-08-05 20:48:38,2025-08-05 20:56:38,2025-08-05,RG00002,False
SV00354,RT00007,OP00005,2025-06-27 12:49:33,2025-06-27 13:29:33,2025-06-27 15:05:33,2025-06-27 15:21:33,2025-06-27,RG00003,False
SV00355,RT00008,OP00006,2025-06-02 17:28:58,2025-06-02 18:02:58,2025-06-02 18:57:58,2025-06-02 18:58:58,2025-06-02,RG00003,False
SV00356,RT00008,OP00004,2025-08-29 19:19:55,2025-08-29 19:24:55,2025-08-29 20:38:55,2025-08-29 21:10:55,2025-08-29,RG00003,False
SV00357,RT00011,OP00001,2025-06-17 23:27:19,2025-06-17 23:52:19,2025-06-18 00:18:19,2025-06-18 00:20:19,2025-06-17,RG00004,False
SV00358,RT00002,OP00005,2025-07-03 23:39:03,2025-07-03 23:51:03,2025-07-04 01:45:03,2025-07-04 02:12:03,2025-07-03,RG00005,False
SV00359,RT00009,OP00002,2025-06-09 08:48:13,2025-06-09 09:22:13,2025-06-09 10:46:13,2025-06-09 10:57:13,2025-06-09,RG00003,False
SV00360,RT00007,OP00002,2025-07-13 11:16:42,,2025-07-13 13:23:42,,2025-07-13,RG00003,True
SV00361,RT00004,OP00001,2025-07-18 07:10:15,2025-07-18 07:15:15,2025-07-18 09:26:15,2025-07-18 09:35:15,2025-07-18,RG00005,False
SV00362,RT00004,OP00004,2025-07-09 10:35:04,2025-07-09 10:43:04,2025-07-09 12:46:04,2025-07-09 13:00:04,2025-07-09,RG00005,False
SV00363,RT00011,OP00005,2025-07-12 10:00:26,2025-07-12 10:15:26,2025-07-12 10:55:26,2025-07-12 10:57:26,2025-07-12,RG00004,False
SV00364,RT00008,OP00003,2025-06-26 19:44:38,2025-06-26 19:51:38,2025-06-26 21:04:38,2025-06-26 21:31:38,2025-06-26,RG00003,False
SV00365,RT00004,OP00001,2025-07-20 20:18:02,2025-07-20 20:18:02,2025-07-20 22:41:02,2025-07-20 23:16:02,2025-07-20,RG00005,False
SV00366,RT00006,OP00004,2025-06-25 12:18:45,2025-06-25 12:39:45,2025-06-25 14:25:45,2025-06-25 14:40:45,2025-06-25,RG00002,False
SV00367,RT00005,OP00003,2025-06-24 14:44:55,2025-06-24 14:58:55,2025-06-24 17:06:55,2025-06-24 17:39:55,2025-06-24,RG00005,False
SV00368,RT00003,OP00002,2025-06-13 19:04:43,2025-06-13 19:58:43,2025-06-13 19:42:43,2025-06-13 20:32:43,2025-06-13,RG00003,False
SV00369,RT00010,OP00002,2025-07-30 12:59:16,2025-07-30 12:59:16,2025-07-30 14:30:16,2025-07-30 14:47:16,2025-07-30,RG00005,False
SV00370,RT00011,OP00003,2025-06-07 23:42:51,2025-06-08 00:03:51,2025-06-08 00:24:51,2025-06-08 00:39:51,2025-06-07,RG00004,False
SV00371,RT00002,OP00001,2025-07-27 11:27:07,2025-07-27 11:55:07,2025-07-27 13:24:07,2025-07-27 13:58:07,2025-07-27,RG00005,False
SV00372,RT00009,OP00002,2025-07-06 22:14:41,2025-07-06 22:33:41,2025-07-07 00:05:41,2025-07-07 00:07:41,2025-07-06,RG00003,False
SV00373,RT00010,OP00005,2025-07-15 09:58:17,2025-07-15 10:26:17,2025-07-15 11:31:17,2025-07-15 11:34:17,2025-07-15,RG00005,False
SV00374,RT00009,OP00006,2025-06-20 09:04:03,2025-06-20 09:10:03,2025-06-20 11:10:03,2025-06-20 11:18:03,2025-06-20,RG00003,False
SV00375,RT00001,OP00003,2025-08-04 10:50:19,2025-08-04 11:06:19,2025-08-04 13:12:19,2025-08-04 13:24:19,2025-08-04,RG00004,False
SV00376,RT00010,OP00003,2025-06-08 23:58:18,2025-06-09 00:09:18,2025-06-09 01:34:18,2025-06-09 01:39:18,2025-06-08,RG00005,False
SV00377,RT00003,OP00002,2025-06-16 19:07:29,2025-06-16 19:27:29,2025-06-16 19:45:29,2025-06-16 19:49:29,2025-06-16,RG00003,False
SV00378,RT00008,OP00001,2025-06-14 14:44:25,2025-06-14 14:44:25,2025-06-14 16:12:25,2025-06-14 16:34:25,2025-06-14,RG00003,False
SV00379,RT00006,OP00005,2025-08-15 13:32:34,2025-08-15 13:32:34,2025-08-15 15:42:34,2025-08-15 16:17:34,2025-08-15,RG00002,False
SV00380,RT00005,OP00001,2025-08-26 20:28:05,2025-08-26 20:40:05,2025-08-26 22:49:05,2025-08-26 22:57:05,2025-08-26,RG00005,False
SV00381,RT00005,OP00004,2025-06-15 06:56:27,2025-06-15 06:56:27,2025-06-15 09:12:27,2025-06-15 09:17:27,2025-06-15,RG00005,False
SV00382,RT00006,OP00004,2025-08-31 15:38:16,2025-08-31 15:46:16,2025-08-31 17:44:16,2025-08-31 17:44:16,2025-08-31,RG00002,False
SV00383,RT00007,OP00006,2025-08-05 05:05:14,2025-08-05 05:15:14,2025-08-05 07:21:14,2025-08-05 08:10:14,2025-08-05,RG00003,False
SV00384,RT00001,OP00002,2025-07-02 23:37:01,2025-07-02 23:46:01,2025-07-03 02:01:01,2025-07-03 02:36:01,2025-07-02,RG00004,False
SV00385,RT00009,OP00002,2025-08-26 13:36:02,2025-08-26 13:40:02,2025-08-26 15:35:02,2025-08-26 15:36:02,2025-08-26,RG00003,False
SV00386,RT00003,OP00002,2025-08-02 10:30:33,2025-08-02 10:50:33,2025-08-02 11:05:33,2025-08-02 11:43:33,2025-08-02,RG00003,False
SV00387,RT00004,OP00006,2025-08-25 19:58:17,2025-08-25 20:32:17,2025-08-25 22:15:17,2025-08-25 23:02:17,2025-08-25,RG00005,False
SV00388,RT00010,OP00004,2025-07-21 10:37:27,2025-07-21 10:43:27,2025-07-21 12:07:27,2025-07-21 12:37:27,2025-07-21,RG00005,False
SV00389,RT00001,OP00001,2025-06-25 20:05:30,2025-06-25 20:27:30,2025-06-25 22:31:30,2025-06-25 23:00:30,2025-06-25,RG00004,False
SV00390,RT00011,OP00006,2025-07-28 16:26:21,2025-07-28 16:32:21,2025-07-28 17:22:21,2025-07-28 17:41:21,2025-07-28,RG00004,False
SV00391,RT00010,OP00006,2025-08-02 15:42:06,2025-08-02 15:53:06,2025-08-02 17:21:06,2025-08-02 17:39:06,2025-08-02,RG00005,False
SV00392,RT00003,OP00001,2025-08-01 10:21:26,,2025-08-01 10:55:26,,2025-08-01,RG00003,True
SV00393,RT00002,OP00002,2025-06-22 20:18:42,2025-06-22 20:58:42,2025-06-22 22:26:42,2025-06-22 22:28:42,2025-06-22,RG00005,False
SV00394,RT00002,OP00005,2025-07-28 17:52:48,2025-07-28 18:16:48,2025-07-28 19:50:48,2025-07-28 20:31:48,2025-07-28,RG00005,False
SV00395,RT00001,OP00001,2025-07-28 22:02:29,2025-07-28 22:03:29,2025-07-29 00:24:29,2025-07-29 00:58:29,2025-07-28,RG00004,False
SV00396,RT00008,OP00004,2025-08-25 07:20:16,2025-08-25 07:36:16,2025-08-25 08:42:16,2025-08-25 09:00:16,2025-08-25,RG00003,False
SV00397,RT00003,OP00003,2025-07-19 15:07:49,2025-07-19 15:33:49,2025-07-19 15:48:49,2025-07-19 16:08:49,2025-07-19,RG00003,False
SV00398,RT00003,OP00003,2025-07-22 17:55:32,2025-07-22 18:40:32,2025-07-22 18:31:32,2025-07-22 18:32:32,2025-07-22,RG00003,False
SV00399,RT00006,OP00006,2025-07-12 05:42:55,2025-07-12 05:42:55,2025-07-12 07:51:55,2025-07-12 08:15:55,2025-07-12,RG00002,False
SV00400,RT00008,OP00003,2025-08-09 22:29:26,2025-08-09 22:38:26,2025-08-09 23:53:26,2025-08-09 23:59:26,2025-08-09,RG00003,False
SV00401,RT00009,OP00005,2025-06-15 06:12:33,2025-06-15 06:24:33,2025-06-15 08:03:33,2025-06-15 08:10:33,2025-06-15,RG00003,False
SV00402,RT00009,OP00002,2025-07-24 16:39:48,2025-07-24 16:45:48,2025-07-24 18:31:48,2025-07-24 19:23:48,2025-07-24,RG00003,False
SV00403,RT00004,OP00004,2025-07-30 20:40:28,2025-07-30 21:05:28,2025-07-30 22:49:28,2025-07-30 22:51:28,2025-07-30,RG00005,False
SV00404,RT00005,OP00005,2025-06-08 06:13:17,2025-06-08 06:18:17,2025-06-08 08:33:17,2025-06-08 08:38:17,2025-06-08,RG00005,False
SV00405,RT00002,OP00004,2025-07-23 22:08:59,2025-07-23 22:18:59,2025-07-24 00:02:59,2025-07-24 00:37:59,2025-07-23,RG00005,False
SV00406,RT00011,OP00004,2025-07-30 14:28:56,2025-07-30 14:38:56,2025-07-30 15:25:56,2025-07-30 15:33:56,2025-07-30,RG00004,False
SV00407,RT00009,OP00002,2025-06-05 20:07:01,2025-06-05 20:12:01,2025-06-05 22:09:01,2025-06-05 22:12:01,2025-06-05,RG00003,False
SV00408,RT00008,OP00006,2025-08-07 12:45:10,2025-08-07 12:46:10,2025-08-07 14:14:10,2025-08-07 14:17:10,2025-08-07,RG00003,False
SV00409,RT00003,OP00003,2025-06-06 14:35:00,2025-06-06 14:39:00,2025-06-06 15:12:00,2025-06-06 15:34:00,2025-06-06,RG00003,False
SV00410,RT00011,OP00002,2025-07-17 22:26:05,2025-07-17 22:45:05,2025-07-17 23:13:05,2025-07-17 23:28:05,2025-07-17,RG00004,False
SV00411,RT00012,OP00005,2025-07-25 12:53:58,2025-07-25 12:53:58,2025-07-25 14:40:58,2025-07-25 14:51:58,2025-07-25,RG00003,False
SV00412,RT00009,OP00006,2025-07-10 08:29:07,2025-07-10 08:34:07,2025-07-10 10:33:07,2025-07-10 10:39:07,2025-07-10,RG00003,False
SV00413,RT00003,OP00005,2025-07-22 09:31:59,2025-07-22 09:35:59,2025-07-22 10:11:59,2025-07-22 10:20:59,2025-07-22,RG00003,False
SV00414,RT00009,OP00006,2025-06-16 14:32:45,2025-06-16 14:35:45,2025-06-16 16:33:45,2025-06-16 16:33:45,2025-06-16,RG00003,False
SV00415,RT00002,OP00005,2025-06-13 13:26:53,2025-06-13 13:28:53,2025-06-13 15:26:53,2025-06-13 16:00:53,2025-06-13,RG00005,False
SV00416,RT00012,OP00002,2025-06-30 20:30:15,2025-06-30 20:52:15,2025-06-30 22:29:15,2025-06-30 22:29:15,2025-06-30,RG00003,False
SV00417,RT00010,OP00006,2025-06-19 19:35:09,2025-06-19 20:01:09,2025-06-19 21:13:09,2025-06-19 21:29:09,2025-06-19,RG00005,False
SV00418,RT00009,OP00006,2025-06-17 17:12:58,2025-06-17 17:15:58,2025-06-17 19:11:58,2025-06-17 19:23:58,2025-06-17,RG00003,False
SV00419,RT00008,OP00004,2025-08-02 21:47:56,,2025-08-02 23:06:56,,2025-08-02,RG00003,True
SV00420,RT00009,OP00004,2025-06-19 09:55:04,2025-06-19 10:10:04,2025-06-19 11:57:04,2025-06-19 11:57:04,2025-06-19,RG00003,False
SV00421,RT00005,OP00001,2025-08-31 13:49:50,2025-08-31 13:58:50,2025-08-31 16:05:50,2025-08-31 16:25:50,2025-08-31,RG00005,False
SV00422,RT00011,OP00005,2025-07-28 18:21:59,2025-07-28 18:41:59,2025-07-28 19:04:59,2025-07-28 19:17:59,2025-07-28,RG00004,False
SV00423,RT00011,OP00004,2025-07-25 21:17:52,2025-07-25 21:26:52,2025-07-25 22:04:52,2025-07-25 22:08:52,2025-07-25,RG00004,False
SV00424,RT00002,OP00001,2025-08-29 05:18:46,2025-08-29 05:38:46,2025-08-29 07:18:46,2025-08-29 07:53:46,2025-08-29,RG00005,False
SV00425,RT00008,OP00004,2025-08-29 14:53:37,2025-08-29 14:53:37,2025-08-29 16:11:37,2025-08-29 16:36:37,2025-08-29,RG00003,False
SV00426,RT00012,OP00005,2025-08-01 23:42:31,2025-08-01 23:56:31,2025-08-02 01:40:31,2025-08-02 01:41:31,2025-08-01,RG00003,False
SV00427,RT00006,OP00006,2025-06-23 09:28:34,2025-06-23 10:00:34,2025-06-23 11:36:34,2025-06-23 11:50:34,2025-06-23,RG00002,False
SV00428,RT00008,OP00003,2025-06-09 20:22:21,,2025-06-09 21:53:21,,2025-06-09,RG00003,True
SV00429,RT00011,OP00005,2025-06-12 22:48:34,2025-06-12 22:50:34,2025-06-12 23:39:34,2025-06-12 23:52:34,2025-06-12,RG00004,False
SV00430,RT00005,OP00002,2025-06-01 17:29:59,,2025-06-01 19:51:59,,2025-06-01,RG00005,True
SV00431,RT00010,OP00004,2025-07-28 15:55:12,2025-07-28 15:57:12,2025-07-28 17:33:12,2025-07-28 17:33:12,2025-07-28,RG00005,False
SV00432,RT00002,OP00004,2025-06-01 12:36:24,2025-06-01 12:59:24,2025-06-01 14:31:24,2025-06-01 15:00:24,2025-06-01,RG00005,False
SV00433,RT00006,OP00006,2025-07-04 12:54:49,2025-07-04 12:54:49,2025-07-04 15:14:49,2025-07-04 15:16:49,2025-07-04,RG00002,False
SV00434,RT00005,OP00002,2025-07-18 18:02:20,2025-07-18 18:25:20,2025-07-18 20:15:20,2025-07-18 20:33:20,2025-07-18,RG00005,False
SV00435,RT00012,OP00006,2025-08-28 20:45:58,2025-08-28 21:00:58,2025-08-28 22:42:58,2025-08-28 23:10:58,2025-08-28,RG00003,False
SV00436,RT00012,OP00002,2025-06-01 17:24:42,2025-06-01 17:58:42,2025-06-01 19:16:42,2025-06-01 19:59:42,2025-06-01,RG00003,False
SV00437,RT00005,OP00003,2025-06-16 09:31:02,2025-06-16 09:42:02,2025-06-16 11:53:02,2025-06-16 12:04:02,2025-06-16,RG00005,False
SV00438,RT00001,OP00004,2025-07-31 09:32:37,2025-07-31 09:41:37,2025-07-31 11:52:37,2025-07-31 12:04:37,2025-07-31,RG00004,False
SV00439,RT00002,OP00004,2025-08-03 15:55:06,2025-08-03 16:28:06,2025-08-03 17:55:06,2025-08-03 18:29:06,2025-08-03,RG00005,False
SV00440,RT00008,OP00003,2025-08-02 19:06:33,2025-08-02 19:21:33,2025-08-02 20:37:33,2025-08-02 20:41:33,2025-08-02,RG00003,False
SV00441,RT00003,OP00001,2025-08-08 19:00:46,2025-08-08 19:36:46,2025-08-08 19:44:46,2025-08-08 20:59:46,2025-08-08,RG00003,False
SV00442,RT00010,OP00006,2025-06-22 09:26:55,2025-06-22 09:33:55,2025-06-22 11:09:55,2025-06-22 11:54:55,2025-06-22,RG00005,False
SV00443,RT00003,OP00003,2025-08-06 09:04:30,2025-08-06 09:34:30,2025-08-06 09:43:30,2025-08-06 11:07:30,2025-08-06,RG00003,False
SV00444,RT00008,OP00006,2025-08-15 13:21:39,2025-08-15 13:26:39,2025-08-15 14:45:39,2025-08-15 14:51:39,2025-08-15,RG00003,False
SV00445,RT00008,OP00005,2025-06-26 17:41:05,,2025-06-26 19:02:05,,2025-06-26,RG00003,True
SV00446,RT00002,OP00004,2025-06-16 15:54:43,2025-06-16 16:01:43,2025-06-16 17:47:43,2025-06-16 18:04:43,2025-06-16,RG00005,False
SV00447,RT00008,OP00006,2025-07-21 22:24:20,2025-07-21 22:33:20,2025-07-21 23:54:20,2025-07-22 00:15:20,2025-07-21,RG00003,False
SV00448,RT00011,OP00002,2025-08-25 20:55:34,2025-08-25 21:18:34,2025-08-25 21:37:34,2025-08-25 22:12:34,2025-08-25,RG00004,False
SV00449,RT00001,OP00006,2025-07-27 06:39:04,2025-07-27 06:40:04,2025-07-27 08:57:04,2025-07-27 09:32:04,2025-07-27,RG00004,False
SV00450,RT00006,OP00005,2025-06-29 12:40:43,2025-06-29 12:40:43,2025-06-29 14:57:43,2025-06-29 14:57:43,2025-06-29,RG00002,False
SV00451,RT00008,OP00004,2025-08-17 14:14:47,2025-08-17 14:30:47,2025-08-17 15:31:47,2025-08-17 15:41:47,2025-08-17,RG00003,False
SV00452,RT00003,OP00003,2025-08-31 07:27:06,2025-08-31 07:31:06,2025-08-31 08:10:06,2025-08-31 09:03:06,2025-08-31,RG00003,False
SV00453,RT00008,OP00005,2025-08-08 08:28:10,2025-08-08 08:37:10,2025-08-08 09:45:10,2025-08-08 09:45:10,2025-08-08,RG00003,False
SV00454,RT00012,OP00004,2025-07-17 14:57:01,,2025-07-17 16:55:01,,2025-07-17,RG00003,True
SV00455,RT00001,OP00006,2025-08-01 06:20:50,2025-08-01 06:21:50,2025-08-01 08:40:50,2025-08-01 08:43:50,2025-08-01,RG00004,False
SV00456,RT00011,OP00001,2025-08-08 06:18:22,2025-08-08 06:28:22,2025-08-08 07:03:22,2025-08-08 07:03:22,2025-08-08,RG00004,False
SV00457,RT00011,OP00001,2025-08-15 16:27:09,2025-08-15 16:50:09,2025-08-15 17:15:09,2025-08-15 17:26:09,2025-08-15,RG00004,False
SV00458,RT00009,OP00002,2025-06-16 12:33:26,2025-06-16 12:45:26,2025-06-16 14:31:26,2025-06-16 14:37:26,2025-06-16,RG00003,False
SV00459,RT00011,OP00004,2025-08-29 23:43:50,2025-08-29 23:50:50,2025-08-30 00:38:50,2025-08-30 00:38:50,2025-08-29,RG00004,False
SV00460,RT00009,OP00001,2025-08-29 10:10:11,2025-08-29 10:14:11,2025-08-29 12:16:11,2025-08-29 12:23:11,2025-08-29,RG00003,False
SV00461,RT00005,OP00003,2025-07-18 07:39:55,2025-07-18 07:40:55,2025-07-18 09:53:55,2025-07-18 10:39:55,2025-07-18,RG00005,False
SV00462,RT00010,OP00004,2025-08-24 17:39:43,2025-08-24 17:39:43,2025-08-24 19:11:43,2025-08-24 19:16:43,2025-08-24,RG00005,False
SV00463,RT00004,OP00003,2025-07-09 12:31:58,2025-07-09 12:32:58,2025-07-09 14:48:58,2025-07-09 15:09:58,2025-07-09,RG00005,False
SV00464,RT00011,OP00003,2025-07-03 23:09:14,2025-07-03 23:11:14,2025-07-03 23:53:14,2025-07-04 00:28:14,2025-07-03,RG00004,False
SV00465,RT00006,OP00001,2025-06-23 19:40:16,2025-06-23 20:17:16,2025-06-23 21:47:16,2025-06-23 22:19:16,2025-06-23,RG00002,False
SV00466,RT00012,OP00004,2025-06-10 19:16:42,2025-06-10 19:22:42,2025-06-10 21:09:42,2025-06-10 21:24:42,2025-06-10,RG00003,False
SV00467,RT00007,OP00006,2025-08-08 05:57:51,2025-08-08 06:13:51,2025-08-08 08:16:51,2025-08-08 09:05:51,2025-08-08,RG00003,False
SV00468,RT00005,OP00005,2025-07-04 19:57:18,2025-07-04 20:05:18,2025-07-04 22:21:18,2025-07-04 22:23:18,2025-07-04,RG00005,False
SV00469,RT00011,OP00001,2025-07-22 22:10:04,2025-07-22 22:12:04,2025-07-22 23:06:04,2025-07-22 23:33:04,2025-07-22,RG00004,False
SV00470,RT00010,OP00001,2025-06-10 19:22:37,2025-06-10 19:45:37,2025-06-10 20:52:37,2025-06-10 21:05:37,2025-06-10,RG00005,False
SV00471,RT00009,OP00006,2025-06-19 14:40:27,2025-06-19 14:47:27,2025-06-19 16:34:27,2025-06-19 16:37:27,2025-06-19,RG00003,False
SV00472,RT00003,OP00004,2025-07-28 13:29:54,2025-07-28 13:43:54,2025-07-28 14:06:54,2025-07-28 14:06:54,2025-07-28,RG00003,False
SV00473,RT00007,OP00004,2025-06-01 14:12:24,2025-06-01 14:15:24,2025-06-01 16:30:24,2025-06-01 16:43:24,2025-06-01,RG00003,False
SV00474,RT00010,OP00003,2025-08-08 20:06:15,2025-08-08 20:06:15,2025-08-08 21:36:15,2025-08-08 21:48:15,2025-08-08,RG00005,False
SV00475,RT00010,OP00006,2025-06-04 17:36:22,2025-06-04 17:58:22,2025-06-04 19:05:22,2025-06-04 19:06:22,2025-06-04,RG00005,False
SV00476,RT00011,OP00006,2025-06-16 23:18:44,2025-06-16 23:24:44,2025-06-17 00:13:44,2025-06-17 00:15:44,2025-06-16,RG00004,False
SV00477,RT00005,OP00004,2025-06-24 14:01:53,2025-06-24 14:26:53,2025-06-24 16:18:53,2025-06-24 16:33:53,2025-06-24,RG00005,False
SV00478,RT00007,OP00003,2025-08-19 17:17:00,2025-08-19 17:53:00,2025-08-19 19:30:00,2025-08-19 20:16:00,2025-08-19,RG00003,False
SV00479,RT00002,OP00001,2025-06-02 23:55:43,2025-06-02 23:58:43,2025-06-03 01:57:43,2025-06-03 02:16:43,2025-06-02,RG00005,False
SV00480,RT00004,OP00002,2025-08-31 06:58:38,2025-08-31 07:05:38,2025-08-31 09:15:38,2025-08-31 09:25:38,2025-08-31,RG00005,False
SV00481,RT00002,OP00005,2025-07-02 20:53:57,2025-07-02 20:57:57,2025-07-02 22:56:57,2025-07-02 23:05:57,2025-07-02,RG00005,False
SV00482,RT00012,OP00001,2025-08-30 14:49:51,2025-08-30 15:05:51,2025-08-30 16:47:51,2025-08-30 16:55:51,2025-08-30,RG00003,False
SV00483,RT00007,OP00004,2025-08-23 12:38:51,2025-08-23 13:06:51,2025-08-23 14:54:51,2025-08-23 15:03:51,2025-08-23,RG00003,False
SV00484,RT00002,OP00005,2025-06-24 16:14:40,2025-06-24 16:24:40,2025-06-24 18:17:40,2025-06-24 18:24:40,2025-06-24,RG00005,False
SV00485,RT00011,OP00002,2025-06-12 11:39:16,2025-06-12 11:47:16,2025-06-12 12:35:16,2025-06-12 13:04:16,2025-06-12,RG00004,False
SV00486,RT00001,OP00002,2025-07-20 09:40:06,2025-07-20 09:44:06,2025-07-20 11:59:06,2025-07-20 12:02:06,2025-07-20,RG00004,False
SV00487,RT00009,OP00003,2025-07-05 06:19:50,,2025-07-05 08:17:50,,2025-07-05,RG00003,True
SV00488,RT00001,OP00005,2025-07-03 19:02:37,2025-07-03 19:04:37,2025-07-03 21:15:37,2025-07-03 22:01:37,2025-07-03,RG00004,False
SV00489,RT00008,OP00003,2025-07-03 16:46:08,2025-07-03 17:00:08,2025-07-03 18:09:08,2025-07-03 18:28:08,2025-07-03,RG00003,False
SV00490,RT00002,OP00001,2025-07-31 07:58:18,,2025-07-31 09:55:18,,2025-07-31,RG00005,True
SV00491,RT00012,OP00006,2025-07-21 15:47:26,,2025-07-21 17:36:26,,2025-07-21,RG00003,True
SV00492,RT00008,OP00006,2025-07-13 10:12:08,2025-07-13 10:20:08,2025-07-13 11:33:08,2025-07-13 11:38:08,2025-07-13,RG00003,False
SV00493,RT00003,OP00006,2025-06-12 22:56:23,2025-06-12 23:03:23,2025-06-12 23:32:23,2025-06-12 23:35:23,2025-06-12,RG00003,False
SV00494,RT00006,OP00005,2025-08-06 21:32:58,2025-08-06 21:32:58,2025-08-06 23:43:58,2025-08-06 23:46:58,2025-08-06,RG00002,False
SV00495,RT00003,OP00006,2025-08-04 13:53:10,,2025-08-04 14:40:10,,2025-08-04,RG00003,True
SV00496,RT00007,OP00001,2025-07-03 13:58:52,2025-07-03 14:19:52,2025-07-03 16:18:52,2025-07-03 16:40:52,2025-07-03,RG00003,False
SV00497,RT00010,OP00003,2025-07-10 20:51:18,2025-07-10 21:01:18,2025-07-10 22:29:18,2025-07-10 22:39:18,2025-07-10,RG00005,False
SV00498,RT00009,OP00005,2025-08-13 15:51:07,2025-08-13 15:52:07,2025-08-13 17:55:07,2025-08-13 17:57:07,2025-08-13,RG00003,False
SV00499,RT00002,OP00003,2025-07-13 19:04:09,2025-07-13 19:26:09,2025-07-13 21:00:09,2025-07-13 21:27:09,2025-07-13,RG00005,False
SV00500,RT00012,OP00005,2025-07-14 12:55:43,2025-07-14 13:00:43,2025-07-14 14:52:43,2025-07-14 15:01:43,2025-07-14,RG00003,False
SV00501,RT00012,OP00003,2025-06-29 17:54:51,2025-06-29 18:25:51,2025-06-29 19:46:51,2025-06-29 20:10:51,2025-06-29,RG00003,False
SV00502,RT00005,OP00002,2025-06-13 22:23:05,2025-06-13 22:39:05,2025-06-14 00:50:05,2025-06-14 01:25:05,2025-06-13,RG00005,False
SV00503,RT00006,OP00003,2025-06-12 17:00:16,2025-06-12 17:28:16,2025-06-12 19:15:16,2025-06-12 20:05:16,2025-06-12,RG00002,False
SV00504,RT00004,OP00006,2025-07-16 22:07:29,,2025-07-17 00:30:29,,2025-07-16,RG00005,True
SV00505,RT00004,OP00002,2025-06-02 16:43:47,2025-06-02 16:45:47,2025-06-02 19:00:47,2025-06-02 19:32:47,2025-06-02,RG00005,False
SV00506,RT00004,OP00003,2025-07-05 13:37:24,2025-07-05 13:51:24,2025-07-05 15:49:24,2025-07-05 15:53:24,2025-07-05,RG00005,False
SV00507,RT00002,OP00005,2025-08-26 16:06:43,2025-08-26 16:49:43,2025-08-26 18:01:43,2025-08-26 18:25:43,2025-08-26,RG00005,False
SV00508,RT00004,OP00005,2025-08-20 12:30:01,2025-08-20 12:36:01,2025-08-20 14:44:01,2025-08-20 15:09:01,2025-08-20,RG00005,False
SV00509,RT00011,OP00005,2025-08-29 22:20:58,2025-08-29 22:24:58,2025-08-29 23:11:58,2025-08-29 23:31:58,2025-08-29,RG00004,False
SV00510,RT00001,OP00004,2025-06-08 12:41:04,2025-06-08 12:45:04,2025-06-08 14:53:04,2025-06-08 15:05:04,2025-06-08,RG00004,False
SV00511,RT00012,OP00001,2025-06-26 19:58:44,2025-06-26 20:04:44,2025-06-26 21:50:44,2025-06-26 22:14:44,2025-06-26,RG00003,False
SV00512,RT00006,OP00005,2025-08-13 14:41:26,2025-08-13 14:49:26,2025-08-13 16:57:26,2025-08-13 17:10:26,2025-08-13,RG00002,False
SV00513,RT00001,OP00002,2025-08-29 08:08:02,2025-08-29 08:14:02,2025-08-29 10:23:02,2025-08-29 10:58:02,2025-08-29,RG00004,False
SV00514,RT00010,OP00005,2025-07-04 06:19:31,2025-07-04 06:19:31,2025-07-04 07:49:31,2025-07-04 07:59:31,2025-07-04,RG00005,False
SV00515,RT00006,OP00004,2025-06-07 08:06:15,2025-06-07 08:36:15,2025-06-07 10:19:15,2025-06-07 11:10:15,2025-06-07,RG00002,False
SV00516,RT00001,OP00006,2025-08-07 22:08:24,2025-08-07 22:15:24,2025-08-08 00:30:24,2025-08-08 00:39:24,2025-08-07,RG00004,False
SV00517,RT00006,OP00002,2025-07-28 19:23:42,2025-07-28 19:27:42,2025-07-28 21:41:42,2025-07-28 21:43:42,2025-07-28,RG00002,False
SV00518,RT00010,OP00004,2025-08-14 22:26:37,2025-08-14 22:38:37,2025-08-14 23:55:37,2025-08-15 00:30:37,2025-08-14,RG00005,False
SV00519,RT00008,OP00006,2025-06-29 09:56:26,2025-06-29 10:31:26,2025-06-29 11:22:26,2025-06-29 11:26:26,2025-06-29,RG00003,False
SV00520,RT00011,OP00002,2025-07-06 08:53:31,2025-07-06 08:58:31,2025-07-06 09:43:31,2025-07-06 10:28:31,2025-07-06,RG00004,False
SV00521,RT00002,OP00003,2025-08-28 18:17:02,2025-08-28 18:38:02,2025-08-28 20:15:02,2025-08-28 20:21:02,2025-08-28,RG00005,False
SV00522,RT00002,OP00001,2025-06-21 16:13:28,,2025-06-21 18:06:28,,2025-06-21,RG00005,True
SV00523,RT00012,OP00001,2025-07-06 19:15:54,2025-07-06 19:15:54,2025-07-06 21:13:54,2025-07-06 21:33:54,2025-07-06,RG00003,False
SV00524,RT00004,OP00004,2025-06-10 16:06:43,2025-06-10 16:43:43,2025-06-10 18:29:43,2025-06-10 18:45:43,2025-06-10,RG00005,False
SV00525,RT00011,OP00006,2025-08-12 16:34:57,2025-08-12 16:52:57,2025-08-12 17:23:57,2025-08-12 18:15:57,2025-08-12,RG00004,False
SV00526,RT00003,OP00001,2025-06-24 16:03:25,2025-06-24 16:08:25,2025-06-24 16:39:25,2025-06-24 18:03:25,2025-06-24,RG00003,False
SV00527,RT00004,OP00006,2025-08-03 13:12:07,2025-08-03 13:20:07,2025-08-03 15:35:07,2025-08-03 15:35:07,2025-08-03,RG00005,False
SV00528,RT00012,OP00006,2025-07-19 19:05:42,2025-07-19 19:24:42,2025-07-19 20:54:42,2025-07-19 21:04:42,2025-07-19,RG00003,False
SV00529,RT00007,OP00004,2025-07-06 11:41:40,2025-07-06 11:47:40,2025-07-06 13:51:40,2025-07-06 14:36:40,2025-07-06,RG00003,False
SV00530,RT00011,OP00004,2025-08-21 05:03:50,2025-08-21 05:22:50,2025-08-21 05:48:50,2025-08-21 05:56:50,2025-08-21,RG00004,False
SV00531,RT00001,OP00004,2025-06-24 15:15:08,2025-06-24 15:40:08,2025-06-24 17:26:08,2025-06-24 17:34:08,2025-06-24,RG00004,False
SV00532,RT00006,OP00001,2025-06-23 23:13:04,,2025-06-24 01:20:04,,2025-06-23,RG00002,True
SV00533,RT00003,OP00004,2025-08-01 22:13:37,2025-08-01 22:53:37,2025-08-01 22:53:37,2025-08-01 23:49:37,2025-08-01,RG00003,False
SV00534,RT00011,OP00001,2025-07-07 11:52:55,,2025-07-07 12:38:55,,2025-07-07,RG00004,True
SV00535,RT00010,OP00004,2025-06-12 12:21:49,2025-06-12 12:36:49,2025-06-12 13:55:49,2025-06-12 14:06:49,2025-06-12,RG00005,False
SV00536,RT00007,OP00005,2025-07-25 09:50:57,2025-07-25 10:50:57,2025-07-25 12:08:57,2025-07-25 13:24:57,2025-07-25,RG00003,False
SV00537,RT00010,OP00006,2025-06-13 05:17:54,2025-06-13 05:28:54,2025-06-13 06:56:54,2025-06-13 06:59:54,2025-06-13,RG00005,False
SV00538,RT00002,OP00004,2025-06-23 09:08:34,2025-06-23 09:08:34,2025-06-23 11:03:34,2025-06-23 12:02:34,2025-06-23,RG00005,False
SV00539,RT00002,OP00002,2025-08-28 13:51:11,2025-08-28 14:05:11,2025-08-28 15:52:11,2025-08-28 16:29:11,2025-08-28,RG00005,False
SV00540,RT00004,OP00006,2025-06-30 08:42:55,2025-06-30 09:10:55,2025-06-30 10:53:55,2025-06-30 10:53:55,2025-06-30,RG00005,False
SV00541,RT00001,OP00006,2025-06-17 05:08:00,2025-06-17 05:13:00,2025-06-17 07:19:00,2025-06-17 07:22:00,2025-06-17,RG00004,False
SV00542,RT00003,OP00004,2025-08-01 16:50:50,,2025-08-01 17:25:50,,2025-08-01,RG00003,True
SV00543,RT00009,OP00003,2025-08-23 12:37:20,2025-08-23 12:51:20,2025-08-23 14:34:20,2025-08-23 14:58:20,2025-08-23,RG00003,False
SV00544,RT00007,OP00004,2025-08-28 05:11:16,2025-08-28 05:27:16,2025-08-28 07:31:16,2025-08-28 07:31:16,2025-08-28,RG00003,False
SV00545,RT00007,OP00006,2025-08-25 06:08:47,2025-08-25 06:33:47,2025-08-25 08:18:47,2025-08-25 08:31:47,2025-08-25,RG00003,False
SV00546,RT00011,OP00002,2025-06-13 18:33:07,2025-06-13 18:41:07,2025-06-13 19:17:07,2025-06-13 20:05:07,2025-06-13,RG00004,False
SV00547,RT00004,OP00006,2025-07-29 07:30:28,2025-07-29 08:07:28,2025-07-29 09:49:28,2025-07-29 10:23:28,2025-07-29,RG00005,False
SV00548,RT00002,OP00002,2025-06-19 16:32:37,2025-06-19 16:44:37,2025-06-19 18:28:37,2025-06-19 18:48:37,2025-06-19,RG00005,False
SV00549,RT00004,OP00001,2025-07-19 08:28:32,2025-07-19 08:56:32,2025-07-19 10:38:32,2025-07-19 10:38:32,2025-07-19,RG00005,False
SV00550,RT00006,OP00005,2025-06-12 12:39:02,,2025-06-12 14:59:02,,2025-06-12,RG00002,True
SV00551,RT00011,OP00006,2025-07-31 21:19:29,2025-07-31 21:26:29,2025-07-31 22:02:29,2025-07-31 22:10:29,2025-07-31,RG00004,False
SV00552,RT00011,OP00004,2025-06-19 05:03:30,2025-06-19 05:09:30,2025-06-19 05:50:30,2025-06-19 05:54:30,2025-06-19,RG00004,False
SV00553,RT00003,OP00001,2025-08-15 17:27:43,,2025-08-15 18:13:43,,2025-08-15,RG00003,True
SV00554,RT00001,OP00005,2025-06-09 08:31:45,2025-06-09 08:49:45,2025-06-09 10:54:45,2025-06-09 10:54:45,2025-06-09,RG00004,False
SV00555,RT00012,OP00004,2025-08-10 19:04:57,2025-08-10 19:26:57,2025-08-10 21:05:57,2025-08-10 21:46:57,2025-08-10,RG00003,False
SV00556,RT00008,OP00003,2025-06-28 07:20:38,2025-06-28 07:42:38,2025-06-28 08:37:38,2025-06-28 09:02:38,2025-06-28,RG00003,False
SV00557,RT00012,OP00004,2025-08-17 09:04:08,2025-08-17 09:41:08,2025-08-17 11:02:08,2025-08-17 11:15:08,2025-08-17,RG00003,False
SV00558,RT00005,OP00002,2025-07-22 13:39:40,2025-07-22 13:48:40,2025-07-22 16:05:40,2025-07-22 16:08:40,2025-07-22,RG00005,False
SV00559,RT00005,OP00002,2025-08-22 23:35:45,2025-08-23 00:00:45,2025-08-23 01:53:45,2025-08-23 01:56:45,2025-08-22,RG00005,False
SV00560,RT00011,OP00003,2025-06-16 15:24:38,2025-06-16 15:37:38,2025-06-16 16:17:38,2025-06-16 16:20:38,2025-06-16,RG00004,False
SV00561,RT00004,OP00001,2025-08-08 21:18:29,2025-08-08 21:27:29,2025-08-08 23:33:29,2025-08-08 23:57:29,2025-08-08,RG00005,False
SV00562,RT00006,OP00005,2025-06-12 21:38:27,,2025-06-12 23:49:27,,2025-06-12,RG00002,True
SV00563,RT00003,OP00004,2025-06-25 08:50:44,,2025-06-25 09:31:44,,2025-06-25,RG00003,True
SV00564,RT00009,OP00002,2025-07-22 08:54:41,2025-07-22 08:54:41,2025-07-22 10:53:41,2025-07-22 11:17:41,2025-07-22,RG00003,False
SV00565,RT00005,OP00001,2025-08-24 22:46:55,2025-08-24 22:46:55,2025-08-25 01:13:55,2025-08-25 01:16:55,2025-08-24,RG00005,False
SV00566,RT00003,OP00003,2025-07-23 11:27:28,2025-07-23 11:50:28,2025-07-23 12:04:28,2025-07-23 12:30:28,2025-07-23,RG00003,False
SV00567,RT00011,OP00006,2025-06-23 12:26:21,2025-06-23 12:44:21,2025-06-23 13:09:21,2025-06-23 13:28:21,2025-06-23,RG00004,False
SV00568,RT00001,OP00002,2025-06-16 19:25:26,,2025-06-16 21:43:26,,2025-06-16,RG00004,True
SV00569,RT00010,OP00003,2025-07-27 08:20:27,2025-07-27 08:43:27,2025-07-27 09:57:27,2025-07-27 09:59:27,2025-07-27,RG00005,False
SV00570,RT00012,OP00004,2025-07-09 15:42:16,2025-07-09 16:03:16,2025-07-09 17:43:16,2025-07-09 17:45:16,2025-07-09,RG00003,False
SV00571,RT00006,OP00005,2025-07-23 16:09:43,2025-07-23 16:29:43,2025-07-23 18:28:43,2025-07-23 19:20:43,2025-07-23,RG00002,False
SV00572,RT00002,OP00002,2025-07-12 20:04:05,2025-07-12 20:05:05,2025-07-12 22:12:05,2025-07-12 22:55:05,2025-07-12,RG00005,False
SV00573,RT00003,OP00002,2025-07-28 07:05:27,2025-07-28 07:46:27,2025-07-28 07:39:27,2025-07-28 08:11:27,2025-07-28,RG00003,False
SV00574,RT00001,OP00004,2025-07-09 08:47:47,2025-07-09 08:48:47,2025-07-09 11:00:47,2025-07-09 11:29:47,2025-07-09,RG00004,False
SV00575,RT00009,OP00006,2025-06-14 16:51:08,2025-06-14 17:08:08,2025-06-14 18:50:08,2025-06-14 19:27:08,2025-06-14,RG00003,False
SV00576,RT00008,OP00001,2025-06-05 22:03:37,,2025-06-05 23:32:37,,2025-06-05,RG00003,True
SV00577,RT00012,OP00005,2025-07-05 22:35:21,2025-07-05 23:00:21,2025-07-06 00:25:21,2025-07-06 00:40:21,2025-07-05,RG00003,False
SV00578,RT00002,OP00002,2025-08-26 08:26:22,2025-08-26 08:48:22,2025-08-26 10:32:22,2025-08-26 11:56:22,2025-08-26,RG00005,False
SV00579,RT00012,OP00005,2025-08-14 18:55:58,2025-08-14 19:28:58,2025-08-14 20:47:58,2025-08-14 21:33:58,2025-08-14,RG00003,False
SV00580,RT00011,OP00002,2025-06-18 06:18:38,2025-06-18 06:22:38,2025-06-18 07:07:38,2025-06-18 07:24:38,2025-06-18,RG00004,False
SV00581,RT00008,OP00005,2025-08-15 14:22:06,2025-08-15 14:23:06,2025-08-15 15:39:06,2025-08-15 15:45:06,2025-08-15,RG00003,False
SV00582,RT00012,OP00003,2025-06-09 23:32:13,2025-06-09 23:37:13,2025-06-10 01:30:13,2025-06-10 01:50:13,2025-06-09,RG00003,False
SV00583,RT00009,OP00002,2025-08-13 09:42:30,,2025-08-13 11:44:30,,2025-08-13,RG00003,True
SV00584,RT00001,OP00005,2025-07-28 12:54:06,2025-07-28 13:04:06,2025-07-28 15:20:06,2025-07-28 15:30:06,2025-07-28,RG00004,False
SV00585,RT00005,OP00001,2025-06-17 16:54:35,2025-06-17 17:20:35,2025-06-17 19:22:35,2025-06-17 19:40:35,2025-06-17,RG00005,False
SV00586,RT00008,OP00003,2025-06-07 16:07:48,2025-06-07 16:20:48,2025-06-07 17:35:48,2025-06-07 17:45:48,2025-06-07,RG00003,False
SV00587,RT00011,OP00003,2025-07-16 13:36:14,2025-07-16 13:44:14,2025-07-16 14:28:14,2025-07-16 14:31:14,2025-07-16,RG00004,False
SV00588,RT00002,OP00001,2025-06-13 18:54:35,2025-06-13 19:08:35,2025-06-13 20:59:35,2025-06-13 22:18:35,2025-06-13,RG00005,False
SV00589,RT00004,OP00005,2025-07-10 22:01:38,2025-07-10 22:09:38,2025-07-11 00:18:38,2025-07-11 00:37:38,2025-07-10,RG00005,False
SV00590,RT00007,OP00004,2025-07-12 13:01:11,2025-07-12 13:10:11,2025-07-12 15:12:11,2025-07-12 16:08:11,2025-07-12,RG00003,False
SV00591,RT00003,OP00001,2025-06-09 13:44:48,2025-06-09 13:57:48,2025-06-09 14:17:48,2025-06-09 15:08:48,2025-06-09,RG00003,False
SV00592,RT00012,OP00005,2025-07-20 14:58:21,,2025-07-20 16:54:21,,2025-07-20,RG00003,True
SV00593,RT00005,OP00001,2025-06-27 16:00:11,2025-06-27 16:09:11,2025-06-27 18:20:11,2025-06-27 18:35:11,2025-06-27,RG00005,False
SV00594,RT00008,OP00001,2025-08-05 09:36:42,2025-08-05 09:43:42,2025-08-05 10:53:42,2025-08-05 11:36:42,2025-08-05,RG00003,False
SV00595,RT00012,OP00002,2025-06-05 17:04:09,2025-06-05 17:30:09,2025-06-05 18:58:09,2025-06-05 19:18:09,2025-06-05,RG00003,False
SV00596,RT00010,OP00005,2025-06-29 05:05:47,2025-06-29 05:19:47,2025-06-29 06:34:47,2025-06-29 07:04:47,2025-06-29,RG00005,False
SV00597,RT00003,OP00004,2025-07-07 21:13:24,2025-07-07 21:33:24,2025-07-07 22:01:24,2025-07-07 22:45:24,2025-07-07,RG00003,False
SV00598,RT00004,OP00002,2025-07-08 18:29:21,2025-07-08 18:33:21,2025-07-08 20:49:21,2025-07-08 21:00:21,2025-07-08,RG00005,False
SV00599,RT00009,OP00001,2025-08-22 10:23:19,2025-08-22 10:23:19,2025-08-22 12:21:19,2025-08-22 12:36:19,2025-08-22,RG00003,False
SV00600,RT00007,OP00006,2025-06-08 15:49:36,2025-06-08 16:06:36,2025-06-08 18:00:36,2025-06-08 18:02:36,2025-06-08,RG00003,False
SV00601,RT00001,OP00001,2025-08-04 07:56:03,2025-08-04 08:11:03,2025-08-04 10:10:03,2025-08-04 10:33:03,2025-08-04,RG00004,False
SV00602,RT00012,OP00001,2025-08-25 09:10:48,2025-08-25 09:40:48,2025-08-25 11:03:48,2025-08-25 11:12:48,2025-08-25,RG00003,False
SV00603,RT00004,OP00005,2025-06-17 06:43:05,2025-06-17 07:01:05,2025-06-17 08:59:05,2025-06-17 09:17:05,2025-06-17,RG00005,False
SV00604,RT00004,OP00005,2025-08-10 13:28:42,,2025-08-10 15:45:42,,2025-08-10,RG00005,True
SV00605,RT00009,OP00002,2025-08-28 18:31:38,2025-08-28 18:37:38,2025-08-28 20:23:38,2025-08-28 20:41:38,2025-08-28,RG00003,False
SV00606,RT00006,OP00004,2025-07-15 19:26:17,2025-07-15 20:00:17,2025-07-15 21:39:17,2025-07-15 22:22:17,2025-07-15,RG00002,False
SV00607,RT00009,OP00002,2025-06-04 11:48:32,2025-06-04 11:49:32,2025-06-04 13:51:32,2025-06-04 14:09:32,2025-06-04,RG00003,False
SV00608,RT00012,OP00003,2025-07-06 08:22:27,2025-07-06 08:24:27,2025-07-06 10:19:27,2025-07-06 10:28:27,2025-07-06,RG00003,False
SV00609,RT00006,OP00001,2025-08-09 08:18:43,2025-08-09 08:38:43,2025-08-09 10:29:43,2025-08-09 10:58:43,2025-08-09,RG00002,False
SV00610,RT00006,OP00006,2025-07-01 23:31:33,,2025-07-02 01:42:33,,2025-07-01,RG00002,True
SV00611,RT00005,OP00001,2025-06-19 14:02:14,2025-06-19 14:02:14,2025-06-19 16:22:14,2025-06-19 16:57:14,2025-06-19,RG00005,False
SV00612,RT00005,OP00001,2025-07-31 17:38:03,2025-07-31 17:38:03,2025-07-31 20:01:03,2025-07-31 20:06:03,2025-07-31,RG00005,False
SV00613,RT00002,OP00002,2025-07-24 05:13:19,2025-07-24 05:13:19,2025-07-24 07:17:19,2025-07-24 08:13:19,2025-07-24,RG00005,False
SV00614,RT00008,OP00006,2025-07-09 11:49:08,2025-07-09 11:49:08,2025-07-09 13:06:08,2025-07-09 13:11:08,2025-07-09,RG00003,False
SV00615,RT00008,OP00006,2025-08-30 13:18:20,2025-08-30 13:18:20,2025-08-30 14:46:20,2025-08-30 14:57:20,2025-08-30,RG00003,False
SV00616,RT00011,OP00006,2025-08-13 08:00:31,2025-08-13 08:07:31,2025-08-13 08:46:31,2025-08-13 09:33:31,2025-08-13,RG00004,False
SV00617,RT00001,OP00002,2025-08-29 18:11:08,,2025-08-29 20:28:08,,2025-08-29,RG00004,True
SV00618,RT00008,OP00001,2025-06-19 17:34:45,2025-06-19 18:11:45,2025-06-19 19:06:45,2025-06-19 19:39:45,2025-06-19,RG00003,False
SV00619,RT00005,OP00002,2025-07-09 12:32:35,2025-07-09 12:34:35,2025-07-09 14:54:35,2025-07-09 15:06:35,2025-07-09,RG00005,False
SV00620,RT00002,OP00005,2025-08-06 16:04:25,,2025-08-06 18:02:25,,2025-08-06,RG00005,True
SV00621,RT00002,OP00005,2025-07-15 06:27:01,2025-07-15 06:30:01,2025-07-15 08:35:01,2025-07-15 09:31:01,2025-07-15,RG00005,False
SV00622,RT00006,OP00002,2025-06-13 19:58:04,2025-06-13 20:23:04,2025-06-13 22:05:04,2025-06-13 22:40:04,2025-06-13,RG00002,False
SV00623,RT00011,OP00006,2025-08-31 15:36:27,2025-08-31 15:48:27,2025-08-31 16:20:27,2025-08-31 16:29:27,2025-08-31,RG00004,False
SV00624,RT00009,OP00001,2025-07-28 23:25:45,2025-07-28 23:36:45,2025-07-29 01:17:45,2025-07-29 01:17:45,2025-07-28,RG00003,False
SV00625,RT00001,OP00002,2025-06-20 18:18:07,2025-06-20 18:38:07,2025-06-20 20:36:07,2025-06-20 20:36:07,2025-06-20,RG00004,False
SV00626,RT00012,OP00002,2025-08-31 17:01:20,2025-08-31 17:10:20,2025-08-31 18:54:20,2025-08-31 19:20:20,2025-08-31,RG00003,False
SV00627,RT00006,OP00002,2025-08-11 10:51:39,2025-08-11 11:09:39,2025-08-11 12:57:39,2025-08-11 13:16:39,2025-08-11,RG00002,False
SV00628,RT00009,OP00003,2025-07-31 19:53:44,2025-07-31 20:14:44,2025-07-31 21:59:44,2025-07-31 22:22:44,2025-07-31,RG00003,False
SV00629,RT00008,OP00005,2025-07-09 16:05:27,2025-07-09 16:11:27,2025-07-09 17:22:27,2025-07-09 17:24:27,2025-07-09,RG00003,False
SV00630,RT00011,OP00006,2025-06-01 08:15:27,2025-06-01 08:51:27,2025-06-01 09:07:27,2025-06-01 09:59:27,2025-06-01,RG00004,False
SV00631,RT00006,OP00004,2025-06-03 23:25:33,2025-06-03 23:33:33,2025-06-04 01:37:33,2025-06-04 01:43:33,2025-06-03,RG00002,False
SV00632,RT00003,OP00006,2025-08-16 07:25:55,2025-08-16 07:26:55,2025-08-16 08:02:55,2025-08-16 08:20:55,2025-08-16,RG00003,False
SV00633,RT00008,OP00004,2025-08-31 14:47:21,2025-08-31 14:51:21,2025-08-31 16:14:21,2025-08-31 16:16:21,2025-08-31,RG00003,False
SV00634,RT00009,OP00003,2025-08-01 12:21:49,2025-08-01 12:46:49,2025-08-01 14:17:49,2025-08-01 14:35:49,2025-08-01,RG00003,False
SV00635,RT00001,OP00002,2025-08-02 10:04:32,,2025-08-02 12:25:32,,2025-08-02,RG00004,True
SV00636,RT00012,OP00003,2025-06-25 08:33:32,2025-06-25 08:46:32,2025-06-25 10:20:32,2025-06-25 10:21:32,2025-06-25,RG00003,False
SV00637,RT00009,OP00003,2025-07-26 11:57:49,2025-07-26 12:05:49,2025-07-26 13:48:49,2025-07-26 14:02:49,2025-07-26,RG00003,False
SV00638,RT00006,OP00001,2025-07-03 16:22:46,2025-07-03 16:23:46,2025-07-03 18:32:46,2025-07-03 19:08:46,2025-07-03,RG00002,False
SV00639,RT00006,OP00005,2025-07-08 09:15:06,2025-07-08 09:26:06,2025-07-08 11:25:06,2025-07-08 11:46:06,2025-07-08,RG00002,False
SV00640,RT00012,OP00004,2025-06-06 09:16:12,2025-06-06 09:20:12,2025-06-06 11:05:12,2025-06-06 11:14:12,2025-06-06,RG00003,False
SV00641,RT00004,OP00002,2025-07-28 10:38:09,2025-07-28 10:52:09,2025-07-28 12:58:09,2025-07-28 13:28:09,2025-07-28,RG00005,False
SV00642,RT00001,OP00004,2025-07-14 07:11:49,,2025-07-14 09:24:49,,2025-07-14,RG00004,True
SV00643,RT00010,OP00006,2025-07-15 20:29:48,2025-07-15 20:32:48,2025-07-15 22:08:48,2025-07-15 22:20:48,2025-07-15,RG00005,False
SV00644,RT00008,OP00004,2025-07-02 23:48:37,2025-07-03 00:07:37,2025-07-03 01:17:37,2025-07-03 01:22:37,2025-07-02,RG00003,False
SV00645,RT00002,OP00006,2025-07-15 19:43:59,2025-07-15 19:48:59,2025-07-15 21:39:59,2025-07-15 22:16:59,2025-07-15,RG00005,False
SV00646,RT00012,OP00005,2025-07-31 23:41:40,2025-07-31 23:52:40,2025-08-01 01:37:40,2025-08-01 01:50:40,2025-07-31,RG00003,False
SV00647,RT00001,OP00006,2025-07-17 15:55:40,,2025-07-17 18:15:40,,2025-07-17,RG00004,True
SV00648,RT00002,OP00004,2025-06-21 15:09:28,2025-06-21 15:31:28,2025-06-21 17:12:28,2025-06-21 17:22:28,2025-06-21,RG00005,False
SV00649,RT00001,OP00004,2025-08-19 07:30:28,2025-08-19 07:43:28,2025-08-19 09:45:28,2025-08-19 10:02:28,2025-08-19,RG00004,False
SV00650,RT00001,OP00006,2025-08-24 14:50:17,2025-08-24 14:59:17,2025-08-24 17:06:17,2025-08-24 17:07:17,2025-08-24,RG00004,False
SV00651,RT00009,OP00003,2025-08-14 23:03:22,2025-08-14 23:11:22,2025-08-15 01:07:22,2025-08-15 01:07:22,2025-08-14,RG00003,False
SV00652,RT00001,OP00005,2025-07-06 21:04:19,2025-07-06 21:07:19,2025-07-06 23:30:19,2025-07-06 23:47:19,2025-07-06,RG00004,False
SV00653,RT00004,OP00001,2025-06-19 19:28:02,2025-06-19 19:36:02,2025-06-19 21:47:02,2025-06-19 21:56:02,2025-06-19,RG00005,False
SV00654,RT00010,OP00002,2025-06-20 06:23:53,2025-06-20 06:44:53,2025-06-20 07:56:53,2025-06-20 08:26:53,2025-06-20,RG00005,False
SV00655,RT00006,OP00004,2025-07-27 14:04:41,2025-07-27 14:22:41,2025-07-27 16:21:41,2025-07-27 16:33:41,2025-07-27,RG00002,False
SV00656,RT00007,OP00002,2025-06-18 07:39:38,2025-06-18 07:52:38,2025-06-18 09:52:38,2025-06-18 10:03:38,2025-06-18,RG00003,False
SV00657,RT00002,OP00001,2025-07-17 21:24:29,2025-07-17 21:43:29,2025-07-17 23:22:29,2025-07-17 23:23:29,2025-07-17,RG00005,False
SV00658,RT00006,OP00002,2025-07-19 23:35:50,2025-07-19 23:54:50,2025-07-20 01:53:50,2025-07-20 02:13:50,2025-07-19,RG00002,False
SV00659,RT00007,OP00001,2025-06-14 06:28:58,2025-06-14 06:39:58,2025-06-14 08:43:58,2025-06-14 08:57:58,2025-06-14,RG00003,False
SV00660,RT00010,OP00006,2025-06-15 23:41:12,2025-06-15 23:48:12,2025-06-16 01:18:12,2025-06-16 01:28:12,2025-06-15,RG00005,False
SV00661,RT00010,OP00003,2025-07-01 15:38:30,,2025-07-01 17:10:30,,2025-07-01,RG00005,True
SV00662,RT00002,OP00004,2025-06-01 21:09:03,,2025-06-01 23:07:03,,2025-06-01,RG00005,True
SV00663,RT00002,OP00001,2025-07-24 19:06:51,2025-07-24 20:06:51,2025-07-24 20:59:51,2025-07-24 21:33:51,2025-07-24,RG00005,False
SV00664,RT00010,OP00002,2025-06-03 15:45:05,2025-06-03 15:51:05,2025-06-03 17:25:05,2025-06-03 17:55:05,2025-06-03,RG00005,False
SV00665,RT00007,OP00004,2025-06-16 21:41:11,2025-06-16 21:55:11,2025-06-16 23:48:11,2025-06-17 00:39:11,2025-06-16,RG00003,False
SV00666,RT00012,OP00003,2025-08-26 06:15:45,2025-08-26 06:18:45,2025-08-26 08:06:45,2025-08-26 08:20:45,2025-08-26,RG00003,False
SV00667,RT00001,OP00006,2025-07-27 19:28:33,2025-07-27 19:40:33,2025-07-27 21:49:33,2025-07-27 22:08:33,2025-07-27,RG00004,False
SV00668,RT00008,OP00004,2025-08-14 21:39:10,2025-08-14 21:43:10,2025-08-14 23:03:10,2025-08-14 23:03:10,2025-08-14,RG00003,False
SV00669,RT00011,OP00001,2025-06-12 16:23:58,2025-06-12 16:50:58,2025-06-12 17:08:58,2025-06-12 17:28:58,2025-06-12,RG00004,False
SV00670,RT00003,OP00003,2025-08-13 14:24:26,2025-08-13 14:36:26,2025-08-13 15:12:26,2025-08-13 15:24:26,2025-08-13,RG00003,False
SV00671,RT00011,OP00002,2025-06-16 15:43:38,2025-06-16 16:04:38,2025-06-16 16:29:38,2025-06-16 16:29:38,2025-06-16,RG00004,False
SV00672,RT00006,OP00003,2025-08-11 06:50:40,2025-08-11 07:15:40,2025-08-11 09:06:40,2025-08-11 09:22:40,2025-08-11,RG00002,False
SV00673,RT00009,OP00003,2025-08-15 15:04:21,2025-08-15 15:07:21,2025-08-15 16:57:21,2025-08-15 17:04:21,2025-08-15,RG00003,False
SV00674,RT00006,OP00005,2025-06-24 08:35:43,2025-06-24 08:42:43,2025-06-24 10:48:43,2025-06-24 10:52:43,2025-06-24,RG00002,False
SV00675,RT00009,OP00003,2025-06-28 17:18:16,2025-06-28 17:44:16,2025-06-28 19:20:16,2025-06-28 19:25:16,2025-06-28,RG00003,False
SV00676,RT00007,OP00003,2025-06-08 09:21:05,2025-06-08 09:41:05,2025-06-08 11:37:05,2025-06-08 12:09:05,2025-06-08,RG00003,False
SV00677,RT00009,OP00004,2025-08-31 23:42:09,2025-08-31 23:45:09,2025-09-01 01:38:09,2025-09-01 01:38:09,2025-08-31,RG00003,False
SV00678,RT00002,OP00002,2025-07-06 16:19:41,2025-07-06 16:20:41,2025-07-06 18:14:41,2025-07-06 18:45:41,2025-07-06,RG00005,False
SV00679,RT00012,OP00004,2025-08-29 17:08:38,2025-08-29 17:09:38,2025-08-29 19:04:38,2025-08-29 19:56:38,2025-08-29,RG00003,False
SV00680,RT00008,OP00004,2025-06-08 07:19:35,2025-06-08 07:39:35,2025-06-08 08:50:35,2025-06-08 08:57:35,2025-06-08,RG00003,False
SV00681,RT00008,OP00001,2025-07-28 17:41:50,,2025-07-28 18:58:50,,2025-07-28,RG00003,True
SV00682,RT00002,OP00004,2025-07-30 15:52:08,2025-07-30 16:07:08,2025-07-30 17:53:08,2025-07-30 18:01:08,2025-07-30,RG00005,False
SV00683,RT00012,OP00005,2025-07-20 21:05:41,2025-07-20 21:05:41,2025-07-20 22:57:41,2025-07-20 22:57:41,2025-07-20,RG00003,False
SV00684,RT00004,OP00005,2025-06-28 18:32:23,2025-06-28 19:02:23,2025-06-28 20:48:23,2025-06-28 20:54:23,2025-06-28,RG00005,False
SV00685,RT00011,OP00001,2025-08-31 05:23:19,2025-08-31 05:32:19,2025-08-31 06:07:19,2025-08-31 06:28:19,2025-08-31,RG00004,False
SV00686,RT00007,OP00006,2025-07-11 10:13:21,2025-07-11 10:18:21,2025-07-11 12:30:21,2025-07-11 12:31:21,2025-07-11,RG00003,False
SV00687,RT00011,OP00002,2025-08-03 20:12:14,2025-08-03 20:21:14,2025-08-03 21:02:14,2025-08-03 21:17:14,2025-08-03,RG00004,False
SV00688,RT00004,OP00002,2025-06-27 09:09:04,2025-06-27 09:14:04,2025-06-27 11:21:04,2025-06-27 11:21:04,2025-06-27,RG00005,False
SV00689,RT00004,OP00004,2025-08-02 14:54:50,2025-08-02 15:10:50,2025-08-02 17:03:50,2025-08-02 17:16:50,2025-08-02,RG00005,False
SV00690,RT00006,OP00004,2025-06-17 08:32:49,2025-06-17 08:40:49,2025-06-17 10:39:49,2025-06-17 10:39:49,2025-06-17,RG00002,False
SV00691,RT00010,OP00006,2025-08-12 22:53:47,,2025-08-13 00:33:47,,2025-08-12,RG00005,True
SV00692,RT00006,OP00004,2025-07-03 21:02:42,2025-07-03 21:06:42,2025-07-03 23:22:42,2025-07-03 23:22:42,2025-07-03,RG00002,False
SV00693,RT00010,OP00002,2025-08-23 15:56:49,2025-08-23 16:07:49,2025-08-23 17:37:49,2025-08-23 17:47:49,2025-08-23,RG00005,False
SV00694,RT00003,OP00003,2025-08-16 09:38:24,2025-08-16 10:04:24,2025-08-16 10:16:24,2025-08-16 10:59:24,2025-08-16,RG00003,False
SV00695,RT00009,OP00005,2025-08-31 09:10:11,2025-08-31 09:11:11,2025-08-31 11:14:11,2025-08-31 11:19:11,2025-08-31,RG00003,False
SV00696,RT00012,OP00003,2025-06-29 10:46:28,2025-06-29 11:04:28,2025-06-29 12:47:28,2025-06-29 13:00:28,2025-06-29,RG00003,False
SV00697,RT00010,OP00003,2025-06-13 06:26:23,2025-06-13 06:42:23,2025-06-13 08:06:23,2025-06-13 08:11:23,2025-06-13,RG00005,False
SV00698,RT00011,OP00002,2025-07-16 12:28:39,2025-07-16 12:36:39,2025-07-16 13:21:39,2025-07-16 13:27:39,2025-07-16,RG00004,False
SV00699,RT00002,OP00003,2025-07-05 14:48:47,2025-07-05 15:07:47,2025-07-05 16:53:47,2025-07-05 17:14:47,2025-07-05,RG00005,False
SV00700,RT00006,OP00006,2025-06-06 19:14:34,2025-06-06 19:39:34,2025-06-06 21:23:34,2025-06-06 21:40:34,2025-06-06,RG00002,False
SV00701,RT00012,OP00001,2025-08-21 12:19:51,2025-08-21 12:34:51,2025-08-21 14:20:51,2025-08-21 14:45:51,2025-08-21,RG00003,False
SV00702,RT00007,OP00004,2025-08-08 20:57:53,,2025-08-08 23:10:53,,2025-08-08,RG00003,True
SV00703,RT00012,OP00001,2025-07-17 11:23:43,2025-07-17 11:29:43,2025-07-17 13:14:43,2025-07-17 13:27:43,2025-07-17,RG00003,False
SV00704,RT00009,OP00005,2025-06-25 23:28:29,2025-06-25 23:41:29,2025-06-26 01:33:29,2025-06-26 02:08:29,2025-06-25,RG00003,False
SV00705,RT00003,OP00004,2025-08-05 14:49:24,2025-08-05 15:05:24,2025-08-05 15:24:24,2025-08-05 15:33:24,2025-08-05,RG00003,False
SV00706,RT00010,OP00003,2025-06-10 21:33:26,2025-06-10 21:33:26,2025-06-10 23:02:26,2025-06-10 23:21:26,2025-06-10,RG00005,False
SV00707,RT00003,OP00005,2025-07-26 10:52:12,2025-07-26 10:55:12,2025-07-26 11:34:12,2025-07-26 12:30:12,2025-07-26,RG00003,False
SV00708,RT00007,OP00004,2025-06-30 09:55:16,2025-06-30 10:26:16,2025-06-30 12:01:16,2025-06-30 13:25:16,2025-06-30,RG00003,False
SV00709,RT00004,OP00006,2025-06-05 06:41:30,2025-06-05 06:59:30,2025-06-05 09:00:30,2025-06-05 09:05:30,2025-06-05,RG00005,False
SV00710,RT00008,OP00006,2025-07-03 16:35:59,2025-07-03 16:50:59,2025-07-03 18:00:59,2025-07-03 18:06:59,2025-07-03,RG00003,False
SV00711,RT00007,OP00006,2025-08-04 08:45:54,2025-08-04 09:03:54,2025-08-04 10:54:54,2025-08-04 11:37:54,2025-08-04,RG00003,False
SV00712,RT00005,OP00006,2025-06-18 21:54:07,2025-06-18 21:55:07,2025-06-19 00:09:07,2025-06-19 00:12:07,2025-06-18,RG00005,False
SV00713,RT00007,OP00003,2025-07-19 14:05:48,2025-07-19 14:32:48,2025-07-19 16:21:48,2025-07-19 16:44:48,2025-07-19,RG00003,False
SV00714,RT00003,OP00001,2025-06-11 10:17:28,2025-06-11 10:21:28,2025-06-11 10:55:28,2025-06-11 11:47:28,2025-06-11,RG00003,False
SV00715,RT00012,OP00004,2025-08-24 21:09:53,2025-08-24 21:16:53,2025-08-24 23:07:53,2025-08-24 23:07:53,2025-08-24,RG00003,False
SV00716,RT00002,OP00003,2025-06-26 18:05:58,2025-06-26 18:05:58,2025-06-26 20:03:58,2025-06-26 21:08:58,2025-06-26,RG00005,False
SV00717,RT00006,OP00006,2025-08-02 12:52:28,2025-08-02 13:11:28,2025-08-02 15:00:28,2025-08-02 15:16:28,2025-08-02,RG00002,False
SV00718,RT00002,OP00001,2025-08-28 16:59:01,,2025-08-28 18:54:01,,2025-08-28,RG00005,True
SV00719,RT00003,OP00005,2025-08-25 18:03:25,2025-08-25 18:31:25,2025-08-25 18:46:25,2025-08-25 19:36:25,2025-08-25,RG00003,False
SV00720,RT00006,OP00005,2025-07-29 21:23:15,2025-07-29 21:28:15,2025-07-29 23:44:15,2025-07-29 23:46:15,2025-07-29,RG00002,False
SV00721,RT00005,OP00005,2025-06-27 17:05:23,2025-06-27 17:21:23,2025-06-27 19:18:23,2025-06-27 19:27:23,2025-06-27,RG00005,False
SV00722,RT00008,OP00006,2025-07-19 12:01:20,2025-07-19 12:03:20,2025-07-19 13:31:20,2025-07-19 13:41:20,2025-07-19,RG00003,False
SV00723,RT00009,OP00005,2025-08-16 08:53:45,2025-08-16 09:20:45,2025-08-16 10:49:45,2025-08-16 11:26:45,2025-08-16,RG00003,False
SV00724,RT00011,OP00002,2025-07-03 15:50:09,2025-07-03 15:56:09,2025-07-03 16:45:09,2025-07-03 16:56:09,2025-07-03,RG00004,False
SV00725,RT00003,OP00004,2025-06-01 09:02:18,2025-06-01 10:02:18,2025-06-01 09:40:18,2025-06-01 10:29:18,2025-06-01,RG00003,False
SV00726,RT00012,OP00004,2025-06-21 20:44:53,2025-06-21 20:46:53,2025-06-21 22:31:53,2025-06-21 22:31:53,2025-06-21,RG00003,False
SV00727,RT00010,OP00006,2025-07-25 09:48:45,2025-07-25 10:11:45,2025-07-25 11:19:45,2025-07-25 11:54:45,2025-07-25,RG00005,False
SV00728,RT00003,OP00002,2025-06-06 20:28:39,2025-06-06 20:29:39,2025-06-06 21:11:39,2025-06-06 21:28:39,2025-06-06,RG00003,False
SV00729,RT00003,OP00003,2025-08-31 05:57:05,2025-08-31 06:00:05,2025-08-31 06:36:05,2025-08-31 06:55:05,2025-08-31,RG00003,False
SV00730,RT00006,OP00003,2025-08-20 05:16:13,2025-08-20 05:37:13,2025-08-20 07:28:13,2025-08-20 07:30:13,2025-08-20,RG00002,False
SV00731,RT00001,OP00005,2025-08-08 09:35:46,2025-08-08 09:42:46,2025-08-08 11:59:46,2025-08-08 12:14:46,2025-08-08,RG00004,False
SV00732,RT00007,OP00001,2025-06-05 21:27:07,2025-06-05 21:28:07,2025-06-05 23:41:07,2025-06-05 23:42:07,2025-06-05,RG00003,False
SV00733,RT00012,OP00003,2025-06-03 14:15:19,2025-06-03 14:16:19,2025-06-03 16:10:19,2025-06-03 16:45:19,2025-06-03,RG00003,False
SV00734,RT00001,OP00001,2025-07-23 08:03:15,2025-07-23 08:10:15,2025-07-23 10:23:15,2025-07-23 10:32:15,2025-07-23,RG00004,False
SV00735,RT00005,OP00004,2025-06-23 18:40:50,2025-06-23 19:03:50,2025-06-23 21:00:50,2025-06-23 21:16:50,2025-06-23,RG00005,False
SV00736,RT00010,OP00001,2025-07-23 19:04:07,2025-07-23 19:38:07,2025-07-23 20:35:07,2025-07-23 20:52:07,2025-07-23,RG00005,False
SV00737,RT00008,OP00004,2025-07-07 20:38:34,,2025-07-07 21:56:34,,2025-07-07,RG00003,True
SV00738,RT00004,OP00002,2025-08-13 05:40:32,2025-08-13 05:56:32,2025-08-13 08:01:32,2025-08-13 08:01:32,2025-08-13,RG00005,False
SV00739,RT00005,OP00002,2025-08-13 23:15:45,2025-08-13 23:18:45,2025-08-14 01:43:45,2025-08-14 01:47:45,2025-08-13,RG00005,False
SV00740,RT00004,OP00006,2025-08-22 09:18:27,,2025-08-22 11:31:27,,2025-08-22,RG00005,True
SV00741,RT00012,OP00006,2025-06-17 05:39:22,2025-06-17 06:01:22,2025-06-17 07:26:22,2025-06-17 07:47:22,2025-06-17,RG00003,False
SV00742,RT00012,OP00005,2025-08-24 12:36:26,,2025-08-24 14:33:26,,2025-08-24,RG00003,True
SV00743,RT00004,OP00003,2025-08-17 10:42:42,2025-08-17 11:07:42,2025-08-17 12:51:42,2025-08-17 12:56:42,2025-08-17,RG00005,False
SV00744,RT00012,OP00005,2025-08-12 07:33:23,2025-08-12 07:57:23,2025-08-12 09:32:23,2025-08-12 10:24:23,2025-08-12,RG00003,False
SV00745,RT00008,OP00004,2025-06-01 07:33:34,2025-06-01 07:48:34,2025-06-01 08:52:34,2025-06-01 09:04:34,2025-06-01,RG00003,False
SV00746,RT00002,OP00005,2025-07-21 21:50:32,2025-07-21 21:58:32,2025-07-21 23:52:32,2025-07-22 00:23:32,2025-07-21,RG00005,False
SV00747,RT00001,OP00001,2025-07-15 22:01:24,,2025-07-16 00:27:24,,2025-07-15,RG00004,True
SV00748,RT00003,OP00004,2025-08-16 20:02:40,,2025-08-16 20:41:40,,2025-08-16,RG00003,True
SV00749,RT00009,OP00006,2025-06-04 17:23:16,2025-06-04 17:43:16,2025-06-04 19:17:16,2025-06-04 19:24:16,2025-06-04,RG00003,False
SV00750,RT00004,OP00002,2025-08-01 05:22:50,2025-08-01 05:26:50,2025-08-01 07:31:50,2025-08-01 07:34:50,2025-08-01,RG00005,False
SV00751,RT00010,OP00006,2025-08-04 07:22:15,2025-08-04 07:39:15,2025-08-04 08:56:15,2025-08-04 09:11:15,2025-08-04,RG00005,False
SV00752,RT00005,OP00003,2025-07-02 08:49:37,,2025-07-02 11:07:37,,2025-07-02,RG00005,True
SV00753,RT00002,OP00004,2025-07-04 15:08:02,2025-07-04 15:23:02,2025-07-04 17:10:02,2025-07-04 17:28:02,2025-07-04,RG00005,False
SV00754,RT00004,OP00004,2025-08-31 16:34:21,2025-08-31 16:44:21,2025-08-31 18:45:21,2025-08-31 19:27:21,2025-08-31,RG00005,False
SV00755,RT00002,OP00001,2025-08-11 10:53:49,2025-08-11 11:05:49,2025-08-11 13:01:49,2025-08-11 13:25:49,2025-08-11,RG00005,False
SV00756,RT00002,OP00003,2025-07-09 19:44:30,2025-07-09 20:00:30,2025-07-09 21:40:30,2025-07-09 22:14:30,2025-07-09,RG00005,False
SV00757,RT00004,OP00002,2025-06-26 10:51:08,2025-06-26 10:58:08,2025-06-26 13:09:08,2025-06-26 13:09:08,2025-06-26,RG00005,False
SV00758,RT00006,OP00004,2025-07-04 07:45:49,2025-07-04 07:54:49,2025-07-04 10:03:49,2025-07-04 10:47:49,2025-07-04,RG00002,False
SV00759,RT00007,OP00004,2025-07-24 19:02:18,2025-07-24 20:02:18,2025-07-24 21:23:18,2025-07-24 22:06:18,2025-07-24,RG00003,False
SV00760,RT00010,OP00001,2025-06-03 11:02:50,2025-06-03 11:13:50,2025-06-03 12:45:50,2025-06-03 12:47:50,2025-06-03,RG00005,False
SV00761,RT00003,OP00005,2025-07-20 11:56:02,2025-07-20 12:13:02,2025-07-20 12:37:02,2025-07-20 12:37:02,2025-07-20,RG00003,False
SV00762,RT00003,OP00002,2025-06-12 15:59:19,2025-06-12 16:06:19,2025-06-12 16:34:19,2025-06-12 16:58:19,2025-06-12,RG00003,False
SV00763,RT00010,OP00006,2025-08-04 21:25:52,2025-08-04 21:26:52,2025-08-04 23:05:52,2025-08-04 23:13:52,2025-08-04,RG00005,False
SV00764,RT00006,OP00003,2025-07-24 22:30:16,2025-07-24 22:33:16,2025-07-25 00:41:16,2025-07-25 00:55:16,2025-07-24,RG00002,False
SV00765,RT00012,OP00004,2025-06-05 06:48:41,2025-06-05 07:13:41,2025-06-05 08:45:41,2025-06-05 09:09:41,2025-06-05,RG00003,False
SV00766,RT00003,OP00004,2025-07-27 11:18:22,2025-07-27 11:25:22,2025-07-27 12:03:22,2025-07-27 12:59:22,2025-07-27,RG00003,False
SV00767,RT00002,OP00006,2025-06-17 06:55:41,2025-06-17 07:22:41,2025-06-17 08:59:41,2025-06-17 09:08:41,2025-06-17,RG00005,False
SV00768,RT00008,OP00002,2025-07-17 15:17:07,2025-07-17 15:21:07,2025-07-17 16:39:07,2025-07-17 16:59:07,2025-07-17,RG00003,False
SV00769,RT00005,OP00005,2025-06-23 16:27:56,2025-06-23 16:41:56,2025-06-23 18:54:56,2025-06-23 18:54:56,2025-06-23,RG00005,False
SV00770,RT00001,OP00004,2025-08-18 17:47:28,2025-08-18 17:57:28,2025-08-18 19:59:28,2025-08-18 20:09:28,2025-08-18,RG00004,False
SV00771,RT00003,OP00002,2025-08-24 17:21:11,2025-08-24 17:30:11,2025-08-24 18:02:11,2025-08-24 18:24:11,2025-08-24,RG00003,False
SV00772,RT00010,OP00006,2025-06-14 20:44:31,2025-06-14 20:53:31,2025-06-14 22:26:31,2025-06-14 23:01:31,2025-06-14,RG00005,False
SV00773,RT00008,OP00001,2025-08-05 16:59:51,2025-08-05 17:28:51,2025-08-05 18:30:51,2025-08-05 18:46:51,2025-08-05,RG00003,False
SV00774,RT00004,OP00005,2025-08-14 21:17:51,,2025-08-14 23:34:51,,2025-08-14,RG00005,True
SV00775,RT00007,OP00003,2025-07-21 07:46:27,2025-07-21 07:52:27,2025-07-21 09:59:27,2025-07-21 10:25:27,2025-07-21,RG00003,False
SV00776,RT00010,OP00004,2025-07-08 07:27:38,2025-07-08 07:30:38,2025-07-08 09:03:38,2025-07-08 09:15:38,2025-07-08,RG00005,False
SV00777,RT00012,OP00002,2025-08-03 10:34:18,2025-08-03 10:45:18,2025-08-03 12:21:18,2025-08-03 12:40:18,2025-08-03,RG00003,False
SV00778,RT00002,OP00001,2025-07-08 15:06:05,2025-07-08 15:13:05,2025-07-08 17:03:05,2025-07-08 17:19:05,2025-07-08,RG00005,False
SV00779,RT00007,OP00003,2025-07-20 15:42:18,2025-07-20 15:54:18,2025-07-20 17:51:18,2025-07-20 18:42:18,2025-07-20,RG00003,False
SV00780,RT00005,OP00002,2025-08-21 14:28:38,2025-08-21 14:37:38,2025-08-21 16:43:38,2025-08-21 16:43:38,2025-08-21,RG00005,False
SV00781,RT00005,OP00002,2025-06-30 18:10:44,2025-06-30 18:23:44,2025-06-30 20:34:44,2025-06-30 20:50:44,2025-06-30,RG00005,False
SV00782,RT00006,OP00003,2025-08-18 19:22:28,2025-08-18 19:40:28,2025-08-18 21:41:28,2025-08-18 21:51:28,2025-08-18,RG00002,False
SV00783,RT00009,OP00001,2025-08-30 06:46:55,2025-08-30 07:02:55,2025-08-30 08:44:55,2025-08-30 08:46:55,2025-08-30,RG00003,False
SV00784,RT00006,OP00006,2025-07-21 16:39:27,2025-07-21 17:13:27,2025-07-21 18:46:27,2025-07-21 19:10:27,2025-07-21,RG00002,False
SV00785,RT00012,OP00001,2025-08-02 13:40:50,2025-08-02 13:46:50,2025-08-02 15:38:50,2025-08-02 16:05:50,2025-08-02,RG00003,False
SV00786,RT00008,OP00005,2025-07-22 06:04:42,2025-07-22 06:04:42,2025-07-22 07:34:42,2025-07-22 08:06:42,2025-07-22,RG00003,False
SV00787,RT00007,OP00004,2025-07-08 17:23:32,2025-07-08 18:09:32,2025-07-08 19:44:32,2025-07-08 20:37:32,2025-07-08,RG00003,False
SV00788,RT00009,OP00003,2025-08-27 10:01:09,,2025-08-27 11:59:09,,2025-08-27,RG00003,True
SV00789,RT00004,OP00006,2025-08-18 19:02:08,2025-08-18 19:27:08,2025-08-18 21:26:08,2025-08-18 22:16:08,2025-08-18,RG00005,False
SV00790,RT00002,OP00003,2025-06-30 07:15:49,2025-06-30 07:38:49,2025-06-30 09:17:49,2025-06-30 09:56:49,2025-06-30,RG00005,False
SV00791,RT00007,OP00003,2025-07-21 16:23:24,2025-07-21 16:32:24,2025-07-21 18:31:24,2025-07-21 19:12:24,2025-07-21,RG00003,False
SV00792,RT00006,OP00001,2025-08-20 23:02:38,2025-08-20 23:05:38,2025-08-21 01:20:38,2025-08-21 01:43:38,2025-08-20,RG00002,False
SV00793,RT00001,OP00004,2025-06-05 09:43:28,2025-06-05 10:00:28,2025-06-05 11:55:28,2025-06-05 12:00:28,2025-06-05,RG00004,False
SV00794,RT00011,OP00005,2025-06-29 16:23:28,2025-06-29 16:47:28,2025-06-29 17:09:28,2025-06-29 17:21:28,2025-06-29,RG00004,False
SV00795,RT00009,OP00002,2025-06-04 07:36:08,2025-06-04 07:51:08,2025-06-04 09:30:08,2025-06-04 09:45:08,2025-06-04,RG00003,False
SV00796,RT00009,OP00002,2025-06-10 21:23:25,2025-06-10 21:31:25,2025-06-10 23:28:25,2025-06-10 23:30:25,2025-06-10,RG00003,False
SV00797,RT00012,OP00003,2025-07-26 15:41:17,2025-07-26 15:53:17,2025-07-26 17:32:17,2025-07-26 17:56:17,2025-07-26,RG00003,False
SV00798,RT00002,OP00004,2025-06-17 12:07:01,2025-06-17 12:33:01,2025-06-17 14:05:01,2025-06-17 14:11:01,2025-06-17,RG00005,False
SV00799,RT00003,OP00006,2025-08-13 10:31:33,2025-08-13 10:42:33,2025-08-13 11:10:33,2025-08-13 11:19:33,2025-08-13,RG00003,False
SV00800,RT00005,OP00001,2025-06-17 17:58:35,,2025-06-17 20:17:35,,2025-06-17,RG00005,True
SV00801,RT00005,OP00004,2025-08-23 08:16:49,,2025-08-23 10:33:49,,2025-08-23,RG00005,True
SV00802,RT00001,OP00004,2025-08-27 13:45:28,2025-08-27 13:45:28,2025-08-27 15:57:28,2025-08-27 16:04:28,2025-08-27,RG00004,False
SV00803,RT00008,OP00001,2025-08-08 11:39:18,2025-08-08 12:02:18,2025-08-08 13:09:18,2025-08-08 13:23:18,2025-08-08,RG00003,False
SV00804,RT00012,OP00003,2025-07-04 20:12:07,2025-07-04 20:14:07,2025-07-04 22:00:07,2025-07-04 22:19:07,2025-07-04,RG00003,False
SV00805,RT00008,OP00004,2025-06-06 09:54:04,2025-06-06 10:11:04,2025-06-06 11:24:04,2025-06-06 12:16:04,2025-06-06,RG00003,False
SV00806,RT00004,OP00002,2025-07-23 19:11:57,2025-07-23 19:28:57,2025-07-23 21:26:57,2025-07-23 21:35:57,2025-07-23,RG00005,False
SV00807,RT00007,OP00001,2025-08-05 19:05:51,2025-08-05 19:42:51,2025-08-05 21:15:51,2025-08-05 21:19:51,2025-08-05,RG00003,False
SV00808,RT00011,OP00006,2025-08-16 15:42:22,2025-08-16 15:49:22,2025-08-16 16:32:22,2025-08-16 16:34:22,2025-08-16,RG00004,False
SV00809,RT00010,OP00005,2025-07-13 07:35:34,2025-07-13 07:41:34,2025-07-13 09:13:34,2025-07-13 09:23:34,2025-07-13,RG00005,False
SV00810,RT00003,OP00003,2025-08-14 14:57:19,2025-08-14 15:08:19,2025-08-14 15:32:19,2025-08-14 15:52:19,2025-08-14,RG00003,False
SV00811,RT00006,OP00001,2025-06-23 10:45:45,2025-06-23 10:45:45,2025-06-23 12:53:45,2025-06-23 13:05:45,2025-06-23,RG00002,False
SV00812,RT00010,OP00005,2025-07-25 10:50:23,2025-07-25 10:58:23,2025-07-25 12:30:23,2025-07-25 12:51:23,2025-07-25,RG00005,False
SV00813,RT00010,OP00005,2025-08-19 21:14:07,2025-08-19 21:14:07,2025-08-19 22:54:07,2025-08-19 23:15:07,2025-08-19,RG00005,False
SV00814,RT00012,OP00006,2025-08-14 11:50:08,2025-08-14 11:55:08,2025-08-14 13:46:08,2025-08-14 13:51:08,2025-08-14,RG00003,False
SV00815,RT00009,OP00004,2025-06-16 12:50:31,2025-06-16 12:53:31,2025-06-16 14:49:31,2025-06-16 14:53:31,2025-06-16,RG00003,False
SV00816,RT00001,OP00006,2025-06-08 05:23:35,2025-06-08 05:27:35,2025-06-08 07:48:35,2025-06-08 08:22:35,2025-06-08,RG00004,False
SV00817,RT00005,OP00004,2025-06-04 23:23:29,,2025-06-05 01:36:29,,2025-06-04,RG00005,True
SV00818,RT00004,OP00004,2025-06-04 22:08:39,2025-06-04 22:24:39,2025-06-05 00:30:39,2025-06-05 00:46:39,2025-06-04,RG00005,False
SV00819,RT00008,OP00001,2025-07-26 07:04:19,2025-07-26 07:38:19,2025-07-26 08:24:19,2025-07-26 09:13:19,2025-07-26,RG00003,False
SV00820,RT00011,OP00001,2025-06-25 17:45:46,2025-06-25 17:55:46,2025-06-25 18:40:46,2025-06-25 18:50:46,2025-06-25,RG00004,False
SV00821,RT00012,OP00003,2025-08-06 20:33:26,2025-08-06 20:46:26,2025-08-06 22:23:26,2025-08-06 22:40:26,2025-08-06,RG00003,False
SV00822,RT00001,OP00004,2025-08-06 18:52:36,2025-08-06 19:01:36,2025-08-06 21:07:36,2025-08-06 21:59:36,2025-08-06,RG00004,False
SV00823,RT00009,OP00005,2025-06-27 07:08:20,2025-06-27 07:42:20,2025-06-27 09:02:20,2025-06-27 09:24:20,2025-06-27,RG00003,False
SV00824,RT00006,OP00002,2025-07-02 07:28:29,2025-07-02 08:04:29,2025-07-02 09:37:29,2025-07-02 09:48:29,2025-07-02,RG00002,False
SV00825,RT00004,OP00003,2025-07-20 21:22:08,2025-07-20 21:35:08,2025-07-20 23:34:08,2025-07-20 23:41:08,2025-07-20,RG00005,False
SV00826,RT00012,OP00001,2025-07-31 22:40:37,2025-07-31 22:46:37,2025-08-01 00:35:37,2025-08-01 00:35:37,2025-07-31,RG00003,False
SV00827,RT00009,OP00006,2025-07-21 10:49:08,2025-07-21 11:04:08,2025-07-21 12:51:08,2025-07-21 12:54:08,2025-07-21,RG00003,False
SV00828,RT00011,OP00003,2025-06-19 18:32:58,2025-06-19 18:56:58,2025-06-19 19:27:58,2025-06-19 19:45:58,2025-06-19,RG00004,False
SV00829,RT00005,OP00003,2025-06-21 06:53:07,2025-06-21 07:15:07,2025-06-21 09:14:07,2025-06-21 09:30:07,2025-06-21,RG00005,False
SV00830,RT00005,OP00003,2025-06-05 21:09:19,2025-06-05 21:19:19,2025-06-05 23:34:19,2025-06-05 23:51:19,2025-06-05,RG00005,False
SV00831,RT00012,OP00003,2025-08-21 10:10:20,2025-08-21 10:10:20,2025-08-21 12:11:20,2025-08-21 12:12:20,2025-08-21,RG00003,False
SV00832,RT00005,OP00002,2025-08-31 12:22:33,2025-08-31 12:26:33,2025-08-31 14:50:33,2025-08-31 15:00:33,2025-08-31,RG00005,False
SV00833,RT00001,OP00006,2025-07-12 14:54:05,2025-07-12 15:12:05,2025-07-12 17:06:05,2025-07-12 17:14:05,2025-07-12,RG00004,False
SV00834,RT00001,OP00006,2025-07-31 13:12:40,2025-07-31 13:16:40,2025-07-31 15:28:40,2025-07-31 15:33:40,2025-07-31,RG00004,False
SV00835,RT00008,OP00006,2025-06-22 22:17:08,2025-06-22 22:26:08,2025-06-22 23:42:08,2025-06-22 23:54:08,2025-06-22,RG00003,False
SV00836,RT00012,OP00004,2025-06-21 14:39:34,2025-06-21 14:42:34,2025-06-21 16:37:34,2025-06-21 16:55:34,2025-06-21,RG00003,False
SV00837,RT00008,OP00005,2025-08-09 07:32:41,2025-08-09 07:45:41,2025-08-09 08:53:41,2025-08-09 09:24:41,2025-08-09,RG00003,False
SV00838,RT00012,OP00006,2025-06-01 10:37:37,2025-06-01 10:38:37,2025-06-01 12:35:37,2025-06-01 12:50:37,2025-06-01,RG00003,False
SV00839,RT00006,OP00003,2025-06-05 09:10:42,2025-06-05 09:10:42,2025-06-05 11:17:42,2025-06-05 11:33:42,2025-06-05,RG00002,False
SV00840,RT00012,OP00003,2025-06-12 15:53:59,2025-06-12 16:06:59,2025-06-12 17:51:59,2025-06-12 18:10:59,2025-06-12,RG00003,False
SV00841,RT00011,OP00006,2025-08-29 23:02:52,2025-08-29 23:06:52,2025-08-29 23:54:52,2025-08-29 23:56:52,2025-08-29,RG00004,False
SV00842,RT00004,OP00006,2025-07-16 05:05:02,2025-07-16 05:05:02,2025-07-16 07:21:02,2025-07-16 07:21:02,2025-07-16,RG00005,False
SV00843,RT00002,OP00003,2025-07-04 23:16:41,2025-07-04 23:32:41,2025-07-05 01:10:41,2025-07-05 01:10:41,2025-07-04,RG00005,False
SV00844,RT00002,OP00004,2025-07-19 11:49:36,2025-07-19 12:05:36,2025-07-19 13:57:36,2025-07-19 14:03:36,2025-07-19,RG00005,False
SV00845,RT00009,OP00001,2025-08-17 18:39:40,2025-08-17 18:39:40,2025-08-17 20:38:40,2025-08-17 20:47:40,2025-08-17,RG00003,False
SV00846,RT00005,OP00001,2025-08-29 05:31:56,2025-08-29 05:36:56,2025-08-29 07:55:56,2025-08-29 07:58:56,2025-08-29,RG00005,False
SV00847,RT00004,OP00006,2025-07-15 22:18:41,2025-07-15 22:25:41,2025-07-16 00:27:41,2025-07-16 00:41:41,2025-07-15,RG00005,False
SV00848,RT00010,OP00002,2025-06-27 14:30:15,2025-06-27 14:31:15,2025-06-27 16:08:15,2025-06-27 16:13:15,2025-06-27,RG00005,False
SV00849,RT00001,OP00006,2025-08-12 17:19:29,2025-08-12 17:29:29,2025-08-12 19:39:29,2025-08-12 20:04:29,2025-08-12,RG00004,False
SV00850,RT00007,OP00006,2025-06-26 07:44:03,2025-06-26 08:19:03,2025-06-26 09:59:03,2025-06-26 11:23:03,2025-06-26,RG00003,False
SV00851,RT00003,OP00001,2025-07-17 10:28:26,2025-07-17 10:39:26,2025-07-17 11:09:26,2025-07-17 11:54:26,2025-07-17,RG00003,False
SV00852,RT00006,OP00003,2025-08-25 20:29:13,,2025-08-25 22:50:13,,2025-08-25,RG00002,True
SV00853,RT00005,OP00006,2025-07-26 15:38:09,2025-07-26 16:00:09,2025-07-26 17:54:09,2025-07-26 18:29:09,2025-07-26,RG00005,False
SV00854,RT00005,OP00003,2025-08-02 15:55:45,2025-08-02 16:20:45,2025-08-02 18:15:45,2025-08-02 18:28:45,2025-08-02,RG00005,False
SV00855,RT00011,OP00003,2025-07-18 15:46:55,2025-07-18 16:11:55,2025-07-18 16:32:55,2025-07-18 16:35:55,2025-07-18,RG00004,False
SV00856,RT00005,OP00002,2025-07-31 16:25:08,2025-07-31 16:34:08,2025-07-31 18:47:08,2025-07-31 18:57:08,2025-07-31,RG00005,False
SV00857,RT00001,OP00003,2025-08-20 16:32:35,,2025-08-20 18:57:35,,2025-08-20,RG00004,True
SV00858,RT00001,OP00001,2025-06-26 08:20:15,2025-06-26 08:24:15,2025-06-26 10:41:15,2025-06-26 11:23:15,2025-06-26,RG00004,False
SV00859,RT00003,OP00004,2025-07-06 19:07:17,2025-07-06 19:29:17,2025-07-06 19:48:17,2025-07-06 20:14:17,2025-07-06,RG00003,False
SV00860,RT00012,OP00004,2025-06-01 19:15:09,2025-06-01 19:19:09,2025-06-01 21:14:09,2025-06-01 21:43:09,2025-06-01,RG00003,False
SV00861,RT00010,OP00005,2025-06-08 08:03:18,,2025-06-08 09:33:18,,2025-06-08,RG00005,True
SV00862,RT00004,OP00006,2025-07-22 17:55:39,2025-07-22 18:14:39,2025-07-22 20:10:39,2025-07-22 20:11:39,2025-07-22,RG00005,False
SV00863,RT00005,OP00001,2025-08-18 18:15:55,2025-08-18 18:50:55,2025-08-18 20:42:55,2025-08-18 20:43:55,2025-08-18,RG00005,False
SV00864,RT00002,OP00003,2025-07-17 10:52:20,2025-07-17 11:18:20,2025-07-17 12:51:20,2025-07-17 12:53:20,2025-07-17,RG00005,False
SV00865,RT00008,OP00004,2025-07-26 23:46:20,2025-07-27 00:11:20,2025-07-27 01:16:20,2025-07-27 01:51:20,2025-07-26,RG00003,False
SV00866,RT00011,OP00001,2025-08-25 11:48:10,2025-08-25 11:53:10,2025-08-25 12:45:10,2025-08-25 12:49:10,2025-08-25,RG00004,False
SV00867,RT00011,OP00004,2025-06-14 20:32:29,2025-06-14 20:47:29,2025-06-14 21:25:29,2025-06-14 21:27:29,2025-06-14,RG00004,False
SV00868,RT00002,OP00003,2025-08-29 20:56:19,2025-08-29 20:58:19,2025-08-29 22:50:19,2025-08-29 23:46:19,2025-08-29,RG00005,False
SV00869,RT00009,OP00004,2025-06-28 20:01:05,2025-06-28 20:07:05,2025-06-28 21:57:05,2025-06-28 22:09:05,2025-06-28,RG00003,False
SV00870,RT00002,OP00006,2025-08-26 17:32:29,2025-08-26 17:43:29,2025-08-26 19:27:29,2025-08-26 20:05:29,2025-08-26,RG00005,False
SV00871,RT00009,OP00006,2025-08-17 12:13:37,2025-08-17 12:21:37,2025-08-17 14:13:37,2025-08-17 14:32:37,2025-08-17,RG00003,False
SV00872,RT00007,OP00005,2025-08-27 16:03:03,2025-08-27 16:14:03,2025-08-27 18:21:03,2025-08-27 18:30:03,2025-08-27,RG00003,False
SV00873,RT00008,OP00005,2025-06-02 14:31:38,2025-06-02 14:33:38,2025-06-02 15:52:38,2025-06-02 16:27:38,2025-06-02,RG00003,False
SV00874,RT00011,OP00004,2025-06-26 20:18:34,2025-06-26 20:32:34,2025-06-26 21:00:34,2025-06-26 21:09:34,2025-06-26,RG00004,False
SV00875,RT00002,OP00001,2025-06-14 05:54:06,2025-06-14 05:58:06,2025-06-14 07:52:06,2025-06-14 08:24:06,2025-06-14,RG00005,False
SV00876,RT00007,OP00006,2025-07-29 18:08:56,2025-07-29 19:08:56,2025-07-29 20:20:56,2025-07-29 20:59:56,2025-07-29,RG00003,False
SV00877,RT00012,OP00001,2025-07-26 13:46:23,2025-07-26 14:01:23,2025-07-26 15:38:23,2025-07-26 15:38:23,2025-07-26,RG00003,False
SV00878,RT00006,OP00001,2025-06-07 17:23:02,2025-06-07 17:38:02,2025-06-07 19:30:02,2025-06-07 20:17:02,2025-06-07,RG00002,False
SV00879,RT00004,OP00004,2025-06-03 17:03:36,2025-06-03 17:14:36,2025-06-03 19:19:36,2025-06-03 20:11:36,2025-06-03,RG00005,False
SV00880,RT00007,OP00001,2025-06-23 22:12:23,2025-06-23 22:17:23,2025-06-24 00:19:23,2025-06-24 00:48:23,2025-06-23,RG00003,False
SV00881,RT00004,OP00006,2025-06-18 22:18:04,2025-06-18 22:26:04,2025-06-19 00:41:04,2025-06-19 01:10:04,2025-06-18,RG00005,False
SV00882,RT00002,OP00003,2025-07-08 17:32:28,2025-07-08 18:32:28,2025-07-08 19:26:28,2025-07-08 20:05:28,2025-07-08,RG00005,False
SV00883,RT00010,OP00005,2025-06-15 22:17:52,,2025-06-15 23:56:52,,2025-06-15,RG00005,True
SV00884,RT00012,OP00003,2025-08-03 08:08:06,2025-08-03 08:42:06,2025-08-03 10:00:06,2025-08-03 10:47:06,2025-08-03,RG00003,False
SV00885,RT00007,OP00001,2025-08-28 17:23:50,,2025-08-28 19:37:50,,2025-08-28,RG00003,True
SV00886,RT00008,OP00003,2025-06-28 15:35:23,,2025-06-28 17:03:23,,2025-06-28,RG00003,True
SV00887,RT00002,OP00006,2025-08-13 09:12:38,2025-08-13 09:31:38,2025-08-13 11:19:38,2025-08-13 12:19:38,2025-08-13,RG00005,False
SV00888,RT00005,OP00006,2025-07-09 21:25:32,2025-07-09 21:44:32,2025-07-09 23:50:32,2025-07-10 00:19:32,2025-07-09,RG00005,False
SV00889,RT00001,OP00001,2025-07-27 06:02:02,2025-07-27 06:03:02,2025-07-27 08:16:02,2025-07-27 08:51:02,2025-07-27,RG00004,False
SV00890,RT00007,OP00004,2025-06-17 09:45:21,2025-06-17 09:59:21,2025-06-17 11:51:21,2025-06-17 11:57:21,2025-06-17,RG00003,False
SV00891,RT00008,OP00003,2025-08-25 20:33:29,2025-08-25 20:49:29,2025-08-25 21:57:29,2025-08-25 22:32:29,2025-08-25,RG00003,False
SV00892,RT00006,OP00004,2025-08-29 09:38:57,,2025-08-29 11:55:57,,2025-08-29,RG00002,True
SV00893,RT00005,OP00004,2025-07-14 21:08:20,2025-07-14 21:18:20,2025-07-14 23:36:20,2025-07-15 00:00:20,2025-07-14,RG00005,False
SV00894,RT00006,OP00002,2025-06-25 15:10:25,2025-06-25 15:10:25,2025-06-25 17:30:25,2025-06-25 17:30:25,2025-06-25,RG00002,False
SV00895,RT00002,OP00001,2025-06-17 14:37:21,,2025-06-17 16:35:21,,2025-06-17,RG00005,True
SV00896,RT00001,OP00005,2025-06-13 21:53:32,2025-06-13 21:59:32,2025-06-14 00:19:32,2025-06-14 00:26:32,2025-06-13,RG00004,False
SV00897,RT00007,OP00006,2025-08-23 22:31:45,2025-08-23 22:34:45,2025-08-24 00:48:45,2025-08-24 01:29:45,2025-08-23,RG00003,False
SV00898,RT00007,OP00006,2025-06-25 23:19:30,2025-06-25 23:46:30,2025-06-26 01:36:30,2025-06-26 02:00:30,2025-06-25,RG00003,False
SV00899,RT00010,OP00001,2025-08-07 05:23:21,2025-08-07 05:38:21,2025-08-07 06:56:21,2025-08-07 07:16:21,2025-08-07,RG00005,False
SV00900,RT00011,OP00005,2025-06-10 08:26:37,2025-06-10 08:37:37,2025-06-10 09:16:37,2025-06-10 09:18:37,2025-06-10,RG00004,False
SV00901,RT00010,OP00006,2025-08-06 14:50:57,2025-08-06 15:15:57,2025-08-06 16:20:57,2025-08-06 16:45:57,2025-08-06,RG00005,False
SV00902,RT00002,OP00001,2025-06-18 05:38:30,2025-06-18 06:08:30,2025-06-18 07:40:30,2025-06-18 08:21:30,2025-06-18,RG00005,False
SV00903,RT00002,OP00006,2025-08-25 13:41:50,2025-08-25 14:00:50,2025-08-25 15:34:50,2025-08-25 15:53:50,2025-08-25,RG00005,False
SV00904,RT00001,OP00004,2025-07-04 23:36:14,2025-07-05 00:01:14,2025-07-05 01:59:14,2025-07-05 02:11:14,2025-07-04,RG00004,False
SV00905,RT00010,OP00003,2025-06-08 06:37:30,2025-06-08 06:45:30,2025-06-08 08:06:30,2025-06-08 08:10:30,2025-06-08,RG00005,False
SV00906,RT00008,OP00003,2025-07-10 10:33:40,2025-07-10 10:53:40,2025-07-10 11:55:40,2025-07-10 12:06:40,2025-07-10,RG00003,False
SV00907,RT00008,OP00006,2025-08-22 17:09:52,2025-08-22 17:29:52,2025-08-22 18:32:52,2025-08-22 18:52:52,2025-08-22,RG00003,False
SV00908,RT00001,OP00002,2025-07-12 12:02:36,2025-07-12 12:02:36,2025-07-12 14:20:36,2025-07-12 14:44:36,2025-07-12,RG00004,False
SV00909,RT00012,OP00005,2025-07-11 08:12:01,2025-07-11 08:33:01,2025-07-11 10:05:01,2025-07-11 10:16:01,2025-07-11,RG00003,False
SV00910,RT00011,OP00005,2025-06-06 19:20:26,2025-06-06 19:40:26,2025-06-06 20:08:26,2025-06-06 20:49:26,2025-06-06,RG00004,False
SV00911,RT00008,OP00005,2025-07-22 09:26:44,2025-07-22 10:03:44,2025-07-22 10:51:44,2025-07-22 11:16:44,2025-07-22,RG00003,False
SV00912,RT00009,OP00004,2025-06-26 11:26:32,2025-06-26 11:33:32,2025-06-26 13:30:32,2025-06-26 13:41:32,2025-06-26,RG00003,False
SV00913,RT00004,OP00005,2025-08-03 20:55:54,2025-08-03 21:02:54,2025-08-03 23:04:54,2025-08-03 23:14:54,2025-08-03,RG00005,False
SV00914,RT00001,OP00003,2025-07-29 06:45:08,2025-07-29 06:48:08,2025-07-29 08:56:08,2025-07-29 09:00:08,2025-07-29,RG00004,False
SV00915,RT00001,OP00004,2025-07-26 21:13:35,2025-07-26 21:17:35,2025-07-26 23:39:35,2025-07-26 23:52:35,2025-07-26,RG00004,False
SV00916,RT00003,OP00001,2025-07-29 15:42:30,2025-07-29 15:55:30,2025-07-29 16:19:30,2025-07-29 16:51:30,2025-07-29,RG00003,False
SV00917,RT00005,OP00005,2025-08-09 21:24:20,2025-08-09 21:24:20,2025-08-09 23:42:20,2025-08-10 00:02:20,2025-08-09,RG00005,False
SV00918,RT00005,OP00005,2025-07-03 10:29:58,2025-07-03 10:34:58,2025-07-03 12:42:58,2025-07-03 12:42:58,2025-07-03,RG00005,False
SV00919,RT00009,OP00001,2025-07-23 22:21:34,2025-07-23 22:37:34,2025-07-24 00:19:34,2025-07-24 00:28:34,2025-07-23,RG00003,False
SV00920,RT00010,OP00005,2025-06-22 16:43:49,2025-06-22 17:20:49,2025-06-22 18:19:49,2025-06-22 18:20:49,2025-06-22,RG00005,False
SV00921,RT00012,OP00001,2025-06-21 13:39:30,,2025-06-21 15:34:30,,2025-06-21,RG00003,True
SV00922,RT00002,OP00004,2025-08-09 11:15:17,2025-08-09 11:18:17,2025-08-09 13:16:17,2025-08-09 13:17:17,2025-08-09,RG00005,False
SV00923,RT00002,OP00003,2025-08-09 22:19:14,2025-08-09 22:59:14,2025-08-10 00:25:14,2025-08-10 00:43:14,2025-08-09,RG00005,False
SV00924,RT00006,OP00001,2025-06-04 14:49:18,2025-06-04 14:54:18,2025-06-04 17:07:18,2025-06-04 17:30:18,2025-06-04,RG00002,False
SV00925,RT00009,OP00002,2025-08-14 11:44:45,2025-08-14 11:53:45,2025-08-14 13:46:45,2025-08-14 13:46:45,2025-08-14,RG00003,False
SV00926,RT00001,OP00001,2025-08-01 20:20:30,2025-08-01 20:24:30,2025-08-01 22:45:30,2025-08-01 22:45:30,2025-08-01,RG00004,False
SV00927,RT00009,OP00005,2025-08-01 16:35:59,2025-08-01 16:38:59,2025-08-01 18:34:59,2025-08-01 18:47:59,2025-08-01,RG00003,False
SV00928,RT00009,OP00004,2025-06-24 13:18:07,2025-06-24 13:23:07,2025-06-24 15:15:07,2025-06-24 15:38:07,2025-06-24,RG00003,False
SV00929,RT00009,OP00006,2025-07-25 23:43:34,2025-07-25 23:50:34,2025-07-26 01:48:34,2025-07-26 01:49:34,2025-07-25,RG00003,False
SV00930,RT00005,OP00004,2025-06-09 17:57:25,2025-06-09 18:04:25,2025-06-09 20:19:25,2025-06-09 20:52:25,2025-06-09,RG00005,False
SV00931,RT00009,OP00006,2025-06-03 16:49:51,,2025-06-03 18:52:51,,2025-06-03,RG00003,True
SV00932,RT00011,OP00001,2025-07-01 09:18:02,2025-07-01 09:27:02,2025-07-01 10:03:02,2025-07-01 10:05:02,2025-07-01,RG00004,False
SV00933,RT00004,OP00003,2025-07-10 14:45:05,2025-07-10 15:07:05,2025-07-10 16:54:05,2025-07-10 17:29:05,2025-07-10,RG00005,False
SV00934,RT00002,OP00002,2025-07-06 16:59:28,2025-07-06 17:30:28,2025-07-06 19:03:28,2025-07-06 19:29:28,2025-07-06,RG00005,False
SV00935,RT00006,OP00004,2025-06-24 13:47:30,2025-06-24 13:52:30,2025-06-24 16:02:30,2025-06-24 16:18:30,2025-06-24,RG00002,False
SV00936,RT00004,OP00005,2025-06-06 11:12:52,2025-06-06 11:37:52,2025-06-06 13:30:52,2025-06-06 13:42:52,2025-06-06,RG00005,False
SV00937,RT00006,OP00006,2025-08-05 22:17:59,,2025-08-06 00:26:59,,2025-08-05,RG00002,True
SV00938,RT00003,OP00005,2025-08-23 22:44:17,2025-08-23 23:24:17,2025-08-23 23:32:17,2025-08-23 23:34:17,2025-08-23,RG00003,False
SV00939,RT00006,OP00003,2025-08-31 09:06:39,2025-08-31 09:11:39,2025-08-31 11:14:39,2025-08-31 11:34:39,2025-08-31,RG00002,False
SV00940,RT00002,OP00006,2025-08-14 23:15:15,2025-08-14 23:21:15,2025-08-15 01:18:15,2025-08-15 01:49:15,2025-08-14,RG00005,False
SV00941,RT00002,OP00004,2025-06-04 06:42:57,2025-06-04 06:54:57,2025-06-04 08:43:57,2025-06-04 08:46:57,2025-06-04,RG00005,False
SV00942,RT00009,OP00001,2025-08-18 21:14:40,2025-08-18 21:27:40,2025-08-18 23:15:40,2025-08-18 23:45:40,2025-08-18,RG00003,False
SV00943,RT00007,OP00005,2025-06-06 12:03:06,2025-06-06 12:25:06,2025-06-06 14:17:06,2025-06-06 15:13:06,2025-06-06,RG00003,False
SV00944,RT00003,OP00003,2025-07-21 18:21:45,2025-07-21 19:21:45,2025-07-21 19:02:45,2025-07-21 19:16:45,2025-07-21,RG00003,False
SV00945,RT00011,OP00004,2025-08-01 20:06:43,2025-08-01 20:14:43,2025-08-01 20:57:43,2025-08-01 21:20:43,2025-08-01,RG00004,False
SV00946,RT00001,OP00004,2025-07-27 09:00:35,2025-07-27 09:26:35,2025-07-27 11:17:35,2025-07-27 11:39:35,2025-07-27,RG00004,False
SV00947,RT00008,OP00004,2025-08-05 10:26:41,,2025-08-05 11:47:41,,2025-08-05,RG00003,True
SV00948,RT00006,OP00004,2025-08-18 20:30:41,2025-08-18 20:52:41,2025-08-18 22:43:41,2025-08-18 23:01:41,2025-08-18,RG00002,False
SV00949,RT00007,OP00006,2025-08-14 11:48:18,,2025-08-14 13:55:18,,2025-08-14,RG00003,True
SV00950,RT00009,OP00004,2025-06-08 15:18:41,,2025-06-08 17:21:41,,2025-06-08,RG00003,True
SV00951,RT00005,OP00005,2025-06-26 06:58:49,2025-06-26 07:15:49,2025-06-26 09:21:49,2025-06-26 09:38:49,2025-06-26,RG00005,False
SV00952,RT00001,OP00003,2025-07-21 07:41:36,2025-07-21 07:49:36,2025-07-21 09:56:36,2025-07-21 10:02:36,2025-07-21,RG00004,False
SV00953,RT00012,OP00006,2025-07-15 12:34:47,2025-07-15 12:37:47,2025-07-15 14:20:47,2025-07-15 14:55:47,2025-07-15,RG00003,False
SV00954,RT00010,OP00004,2025-07-14 06:58:58,2025-07-14 06:58:58,2025-07-14 08:41:58,2025-07-14 08:44:58,2025-07-14,RG00005,False
SV00955,RT00007,OP00002,2025-06-05 10:26:56,2025-06-05 10:26:56,2025-06-05 12:41:56,2025-06-05 12:48:56,2025-06-05,RG00003,False
SV00956,RT00005,OP00002,2025-08-09 10:59:58,,2025-08-09 13:20:58,,2025-08-09,RG00005,True
SV00957,RT00003,OP00003,2025-06-26 06:53:25,2025-06-26 07:04:25,2025-06-26 07:39:25,2025-06-26 07:40:25,2025-06-26,RG00003,False
SV00958,RT00012,OP00001,2025-08-07 20:11:59,2025-08-07 20:29:59,2025-08-07 22:09:59,2025-08-07 22:44:59,2025-08-07,RG00003,False
SV00959,RT00009,OP00001,2025-06-19 14:56:02,2025-06-19 15:06:02,2025-06-19 16:59:02,2025-06-19 17:11:02,2025-06-19,RG00003,False
SV00960,RT00001,OP00006,2025-08-23 05:19:36,2025-08-23 05:42:36,2025-08-23 07:31:36,2025-08-23 07:31:36,2025-08-23,RG00004,False
SV00961,RT00001,OP00006,2025-06-20 08:59:21,2025-06-20 09:10:21,2025-06-20 11:16:21,2025-06-20 11:21:21,2025-06-20,RG00004,False
SV00962,RT00001,OP00006,2025-06-12 14:29:41,,2025-06-12 16:50:41,,2025-06-12,RG00004,True
SV00963,RT00003,OP00001,2025-07-17 22:33:31,2025-07-17 23:03:31,2025-07-17 23:13:31,2025-07-17 23:38:31,2025-07-17,RG00003,False
SV00964,RT00012,OP00002,2025-06-01 09:54:32,2025-06-01 10:00:32,2025-06-01 11:55:32,2025-06-01 12:15:32,2025-06-01,RG00003,False
SV00965,RT00006,OP00001,2025-08-29 19:17:12,2025-08-29 19:22:12,2025-08-29 21:34:12,2025-08-29 21:42:12,2025-08-29,RG00002,False
SV00966,RT00010,OP00005,2025-06-14 08:21:10,2025-06-14 08:35:10,2025-06-14 09:58:10,2025-06-14 10:50:10,2025-06-14,RG00005,False
SV00967,RT00011,OP00004,2025-08-03 19:41:16,2025-08-03 20:18:16,2025-08-03 20:28:16,2025-08-03 20:35:16,2025-08-03,RG00004,False
SV00968,RT00003,OP00006,2025-07-08 10:00:47,2025-07-08 10:02:47,2025-07-08 10:38:47,2025-07-08 11:02:47,2025-07-08,RG00003,False
SV00969,RT00008,OP00002,2025-07-07 15:50:18,2025-07-07 15:55:18,2025-07-07 17:16:18,2025-07-07 17:19:18,2025-07-07,RG00003,False
SV00970,RT00010,OP00003,2025-06-11 23:43:48,2025-06-11 23:52:48,2025-06-12 01:14:48,2025-06-12 01:15:48,2025-06-11,RG00005,False
SV00971,RT00002,OP00003,2025-08-16 11:11:39,,2025-08-16 13:19:39,,2025-08-16,RG00005,True
SV00972,RT00009,OP00004,2025-06-03 17:52:27,2025-06-03 17:53:27,2025-06-03 19:47:27,2025-06-03 20:34:27,2025-06-03,RG00003,False
SV00973,RT00003,OP00002,2025-07-03 21:20:05,2025-07-03 21:37:05,2025-07-03 22:01:05,2025-07-03 22:11:05,2025-07-03,RG00003,False
SV00974,RT00005,OP00001,2025-06-06 17:42:06,2025-06-06 18:19:06,2025-06-06 20:00:06,2025-06-06 20:51:06,2025-06-06,RG00005,False
SV00975,RT00010,OP00001,2025-07-20 10:08:30,2025-07-20 10:20:30,2025-07-20 11:46:30,2025-07-20 12:02:30,2025-07-20,RG00005,False
SV00976,RT00008,OP00005,2025-06-10 15:59:15,2025-06-10 16:01:15,2025-06-10 17:18:15,2025-06-10 17:34:15,2025-06-10,RG00003,False
SV00977,RT00002,OP00005,2025-06-05 05:16:24,2025-06-05 05:51:24,2025-06-05 07:16:24,2025-06-05 07:46:24,2025-06-05,RG00005,False
SV00978,RT00006,OP00001,2025-06-23 12:28:48,2025-06-23 12:45:48,2025-06-23 14:45:48,2025-06-23 14:54:48,2025-06-23,RG00002,False
SV00979,RT00012,OP00003,2025-06-10 13:21:19,2025-06-10 13:39:19,2025-06-10 15:14:19,2025-06-10 15:40:19,2025-06-10,RG00003,False
SV00980,RT00005,OP00006,2025-07-14 23:46:36,2025-07-14 23:46:36,2025-07-15 02:08:36,2025-07-15 02:16:36,2025-07-14,RG00005,False
SV00981,RT00010,OP00003,2025-06-02 05:16:41,2025-06-02 05:23:41,2025-06-02 06:57:41,2025-06-02 07:23:41,2025-06-02,RG00005,False
SV00982,RT00009,OP00005,2025-06-13 16:44:15,2025-06-13 16:47:15,2025-06-13 18:45:15,2025-06-13 18:45:15,2025-06-13,RG00003,False
SV00983,RT00012,OP00004,2025-07-10 06:42:07,2025-07-10 06:55:07,2025-07-10 08:39:07,2025-07-10 08:39:07,2025-07-10,RG00003,False
SV00984,RT00005,OP00001,2025-06-02 19:19:10,2025-06-02 19:32:10,2025-06-02 21:40:10,2025-06-02 22:27:10,2025-06-02,RG00005,False
SV00985,RT00002,OP00005,2025-08-23 17:43:32,2025-08-23 18:08:32,2025-08-23 19:45:32,2025-08-23 19:46:32,2025-08-23,RG00005,False
SV00986,RT00005,OP00005,2025-08-04 14:44:07,2025-08-04 14:44:07,2025-08-04 17:11:07,2025-08-04 17:19:07,2025-08-04,RG00005,False
SV00987,RT00012,OP00006,2025-08-02 14:23:39,2025-08-02 14:23:39,2025-08-02 16:12:39,2025-08-02 16:42:39,2025-08-02,RG00003,False
SV00988,RT00004,OP00001,2025-08-12 12:14:08,2025-08-12 12:19:08,2025-08-12 14:38:08,2025-08-12 14:57:08,2025-08-12,RG00005,False
SV00989,RT00011,OP00006,2025-06-17 20:09:29,2025-06-17 20:09:29,2025-06-17 20:52:29,2025-06-17 20:55:29,2025-06-17,RG00004,False
SV00990,RT00007,OP00001,2025-06-09 16:26:44,2025-06-09 17:26:44,2025-06-09 18:34:44,2025-06-09 18:47:44,2025-06-09,RG00003,False
SV00991,RT00006,OP00006,2025-08-14 22:58:30,2025-08-14 23:06:30,2025-08-15 01:19:30,2025-08-15 01:19:30,2025-08-14,RG00002,False
SV00992,RT00002,OP00003,2025-06-15 22:51:42,2025-06-15 23:26:42,2025-06-16 00:50:42,2025-06-16 01:13:42,2025-06-15,RG00005,False
SV00993,RT00012,OP00004,2025-06-24 11:48:15,2025-06-24 12:10:15,2025-06-24 13:37:15,2025-06-24 13:42:15,2025-06-24,RG00003,False
SV00994,RT00011,OP00004,2025-07-08 07:33:28,2025-07-08 07:55:28,2025-07-08 08:27:28,2025-07-08 08:57:28,2025-07-08,RG00004,False
SV00995,RT00011,OP00001,2025-07-05 21:45:23,2025-07-05 21:56:23,2025-07-05 22:36:23,2025-07-05 22:41:23,2025-07-05,RG00004,False
SV00996,RT00005,OP00002,2025-07-19 07:58:36,2025-07-19 08:26:36,2025-07-19 10:24:36,2025-07-19 10:48:36,2025-07-19,RG00005,False
SV00997,RT00007,OP00005,2025-08-08 08:03:53,2025-08-08 08:15:53,2025-08-08 10:10:53,2025-08-08 11:29:53,2025-08-08,RG00003,False
SV00998,RT00011,OP00005,2025-08-01 22:57:32,2025-08-01 23:15:32,2025-08-01 23:43:32,2025-08-01 23:48:32,2025-08-01,RG00004,False
SV00999,RT00007,OP00001,2025-07-30 11:36:34,2025-07-30 11:54:34,2025-07-30 13:46:34,2025-07-30 14:17:34,2025-07-30,RG00003,False
SV01000,RT00005,OP00006,2025-07-20 09:10:20,2025-07-20 09:27:20,2025-07-20 11:29:20,2025-07-20 12:16:20,2025-07-20,RG00005,False
SV01001,RT00012,OP00002,2025-08-17 21:28:07,2025-08-17 21:33:07,2025-08-17 23:24:07,2025-08-17 23:35:07,2025-08-17,RG00003,False
SV01002,RT00009,OP00003,2025-08-14 11:45:37,2025-08-14 12:07:37,2025-08-14 13:49:37,2025-08-14 14:07:37,2025-08-14,RG00003,False
SV01003,RT00004,OP00006,2025-06-09 20:05:57,2025-06-09 20:22:57,2025-06-09 22:28:57,2025-06-09 22:47:57,2025-06-09,RG00005,False
SV01004,RT00011,OP00006,2025-07-04 21:28:51,2025-07-04 21:30:51,2025-07-04 22:14:51,2025-07-04 22:26:51,2025-07-04,RG00004,False
SV01005,RT00003,OP00001,2025-08-15 06:29:08,2025-08-15 06:36:08,2025-08-15 07:12:08,2025-08-15 07:58:08,2025-08-15,RG00003,False
SV01006,RT00004,OP00001,2025-07-05 21:26:29,2025-07-05 21:39:29,2025-07-05 23:40:29,2025-07-05 23:49:29,2025-07-05,RG00005,False
SV01007,RT00005,OP00005,2025-06-01 23:03:35,2025-06-01 23:15:35,2025-06-02 01:18:35,2025-06-02 01:28:35,2025-06-01,RG00005,False
SV01008,RT00006,OP00001,2025-07-10 19:43:51,2025-07-10 20:02:51,2025-07-10 22:04:51,2025-07-10 22:39:51,2025-07-10,RG00002,False
SV01009,RT00003,OP00001,2025-08-03 14:46:01,2025-08-03 15:04:01,2025-08-03 15:29:01,2025-08-03 16:25:01,2025-08-03,RG00003,False
SV01010,RT00002,OP00001,2025-06-22 17:16:52,2025-06-22 17:24:52,2025-06-22 19:14:52,2025-06-22 19:19:52,2025-06-22,RG00005,False
SV01011,RT00004,OP00005,2025-07-30 05:47:13,2025-07-30 05:55:13,2025-07-30 08:06:13,2025-07-30 08:36:13,2025-07-30,RG00005,False
SV01012,RT00005,OP00003,2025-08-03 23:04:02,2025-08-03 23:14:02,2025-08-04 01:18:02,2025-08-04 01:18:02,2025-08-03,RG00005,False
SV01013,RT00004,OP00003,2025-08-11 18:22:44,2025-08-11 18:25:44,2025-08-11 20:31:44,2025-08-11 21:18:44,2025-08-11,RG00005,False
SV01014,RT00011,OP00001,2025-06-11 07:34:03,2025-06-11 07:49:03,2025-06-11 08:30:03,2025-06-11 09:13:03,2025-06-11,RG00004,False
SV01015,RT00012,OP00005,2025-06-14 07:59:30,2025-06-14 08:12:30,2025-06-14 09:53:30,2025-06-14 10:39:30,2025-06-14,RG00003,False
SV01016,RT00003,OP00003,2025-07-30 06:18:26,2025-07-30 06:29:26,2025-07-30 06:57:26,2025-07-30 07:05:26,2025-07-30,RG00003,False
SV01017,RT00008,OP00006,2025-06-30 10:49:08,2025-06-30 11:00:08,2025-06-30 12:11:08,2025-06-30 12:46:08,2025-06-30,RG00003,False
SV01018,RT00010,OP00003,2025-07-05 18:23:57,,2025-07-05 19:56:57,,2025-07-05,RG00005,True
SV01019,RT00004,OP00003,2025-08-24 17:28:55,2025-08-24 17:32:55,2025-08-24 19:52:55,2025-08-24 20:44:55,2025-08-24,RG00005,False
SV01020,RT00002,OP00005,2025-07-07 17:24:05,2025-07-07 17:27:05,2025-07-07 19:19:05,2025-07-07 19:26:05,2025-07-07,RG00005,False
SV01021,RT00002,OP00006,2025-06-05 22:08:41,2025-06-05 22:09:41,2025-06-06 00:05:41,2025-06-06 00:42:41,2025-06-05,RG00005,False
SV01022,RT00001,OP00005,2025-08-22 16:07:11,2025-08-22 16:44:11,2025-08-22 18:31:11,2025-08-22 19:10:11,2025-08-22,RG00004,False
SV01023,RT00004,OP00001,2025-08-17 22:25:33,2025-08-17 22:32:33,2025-08-18 00:47:33,2025-08-18 01:00:33,2025-08-17,RG00005,False
SV01024,RT00010,OP00004,2025-06-26 09:46:14,2025-06-26 10:07:14,2025-06-26 11:26:14,2025-06-26 12:00:14,2025-06-26,RG00005,False
SV01025,RT00009,OP00003,2025-08-01 05:48:01,2025-08-01 06:05:01,2025-08-01 07:52:01,2025-08-01 08:22:01,2025-08-01,RG00003,False
SV01026,RT00011,OP00004,2025-06-04 14:29:43,2025-06-04 14:34:43,2025-06-04 15:26:43,2025-06-04 15:52:43,2025-06-04,RG00004,False
SV01027,RT00007,OP00005,2025-08-28 22:27:34,,2025-08-29 00:45:34,,2025-08-28,RG00003,True
SV01028,RT00012,OP00005,2025-07-12 17:52:14,2025-07-12 18:17:14,2025-07-12 19:38:14,2025-07-12 20:02:14,2025-07-12,RG00003,False
SV01029,RT00010,OP00005,2025-08-28 12:29:22,2025-08-28 12:35:22,2025-08-28 13:58:22,2025-08-28 14:09:22,2025-08-28,RG00005,False
SV01030,RT00007,OP00004,2025-06-18 09:17:12,2025-06-18 09:24:12,2025-06-18 11:29:12,2025-06-18 11:29:12,2025-06-18,RG00003,False
SV01031,RT00007,OP00005,2025-07-10 08:02:51,2025-07-10 08:17:51,2025-07-10 10:19:51,2025-07-10 11:38:51,2025-07-10,RG00003,False
SV01032,RT00008,OP00001,2025-08-11 18:39:49,2025-08-11 18:39:49,2025-08-11 19:56:49,2025-08-11 20:48:49,2025-08-11,RG00003,False
SV01033,RT00001,OP00005,2025-07-09 05:15:13,2025-07-09 05:18:13,2025-07-09 07:36:13,2025-07-09 07:38:13,2025-07-09,RG00004,False
SV01034,RT00010,OP00002,2025-06-14 07:06:38,2025-06-14 07:11:38,2025-06-14 08:40:38,2025-06-14 08:56:38,2025-06-14,RG00005,False
SV01035,RT00010,OP00004,2025-07-02 06:28:38,2025-07-02 06:38:38,2025-07-02 07:56:38,2025-07-02 07:56:38,2025-07-02,RG00005,False
SV01036,RT00008,OP00002,2025-07-21 06:15:47,2025-07-21 06:19:47,2025-07-21 07:32:47,2025-07-21 07:32:47,2025-07-21,RG00003,False
SV01037,RT00004,OP00005,2025-07-08 06:25:28,2025-07-08 06:36:28,2025-07-08 08:41:28,2025-07-08 09:11:28,2025-07-08,RG00005,False
SV01038,RT00004,OP00001,2025-06-23 12:34:13,2025-06-23 12:42:13,2025-06-23 14:50:13,2025-06-23 14:53:13,2025-06-23,RG00005,False
SV01039,RT00004,OP00003,2025-08-02 06:08:32,2025-08-02 06:10:32,2025-08-02 08:28:32,2025-08-02 08:39:32,2025-08-02,RG00005,False
SV01040,RT00006,OP00006,2025-06-15 14:14:52,2025-06-15 14:14:52,2025-06-15 16:29:52,2025-06-15 16:34:52,2025-06-15,RG00002,False
SV01041,RT00007,OP00006,2025-06-25 23:20:36,2025-06-25 23:33:36,2025-06-26 01:30:36,2025-06-26 01:40:36,2025-06-25,RG00003,False
SV01042,RT00006,OP00005,2025-06-17 15:15:19,2025-06-17 15:33:19,2025-06-17 17:24:19,2025-06-17 17:30:19,2025-06-17,RG00002,False
SV01043,RT00001,OP00001,2025-08-05 09:42:33,2025-08-05 09:58:33,2025-08-05 12:05:33,2025-08-05 12:29:33,2025-08-05,RG00004,False
SV01044,RT00012,OP00004,2025-08-17 12:26:19,2025-08-17 12:51:19,2025-08-17 14:21:19,2025-08-17 14:33:19,2025-08-17,RG00003,False
SV01045,RT00008,OP00002,2025-07-23 13:03:35,,2025-07-23 14:25:35,,2025-07-23,RG00003,True
SV01046,RT00010,OP00002,2025-07-21 23:56:47,,2025-07-22 01:26:47,,2025-07-21,RG00005,True
SV01047,RT00011,OP00002,2025-07-09 10:40:43,2025-07-09 10:56:43,2025-07-09 11:23:43,2025-07-09 11:45:43,2025-07-09,RG00004,False
SV01048,RT00007,OP00004,2025-07-21 18:35:31,2025-07-21 19:15:31,2025-07-21 20:50:31,2025-07-21 21:07:31,2025-07-21,RG00003,False
SV01049,RT00006,OP00006,2025-08-09 06:22:41,2025-08-09 06:29:41,2025-08-09 08:37:41,2025-08-09 08:45:41,2025-08-09,RG00002,False
SV01050,RT00006,OP00001,2025-06-06 17:50:33,2025-06-06 18:22:33,2025-06-06 20:10:33,2025-06-06 20:14:33,2025-06-06,RG00002,False
SV01051,RT00005,OP00004,2025-08-06 15:44:26,2025-08-06 15:58:26,2025-08-06 18:07:26,2025-08-06 18:24:26,2025-08-06,RG00005,False
SV01052,RT00006,OP00002,2025-06-07 18:09:19,2025-06-07 18:46:19,2025-06-07 20:28:19,2025-06-07 21:09:19,2025-06-07,RG00002,False
SV01053,RT00012,OP00005,2025-07-21 17:11:48,2025-07-21 17:16:48,2025-07-21 19:01:48,2025-07-21 19:20:48,2025-07-21,RG00003,False
SV01054,RT00009,OP00003,2025-08-11 22:30:15,2025-08-11 22:43:15,2025-08-12 00:31:15,2025-08-12 00:38:15,2025-08-11,RG00003,False
SV01055,RT00010,OP00004,2025-07-12 12:19:54,2025-07-12 12:25:54,2025-07-12 14:02:54,2025-07-12 14:34:54,2025-07-12,RG00005,False
SV01056,RT00009,OP00004,2025-08-03 09:51:29,2025-08-03 09:59:29,2025-08-03 11:53:29,2025-08-03 12:40:29,2025-08-03,RG00003,False
SV01057,RT00010,OP00001,2025-06-15 06:35:26,2025-06-15 06:43:26,2025-06-15 08:09:26,2025-06-15 08:09:26,2025-06-15,RG00005,False
SV01058,RT00008,OP00001,2025-06-29 18:35:33,2025-06-29 18:46:33,2025-06-29 19:57:33,2025-06-29 20:12:33,2025-06-29,RG00003,False
SV01059,RT00010,OP00004,2025-07-03 09:24:15,2025-07-03 09:43:15,2025-07-03 11:04:15,2025-07-03 11:11:15,2025-07-03,RG00005,False
SV01060,RT00009,OP00002,2025-06-27 13:13:21,2025-06-27 13:17:21,2025-06-27 15:04:21,2025-06-27 15:25:21,2025-06-27,RG00003,False
SV01061,RT00010,OP00003,2025-07-06 07:59:28,2025-07-06 08:29:28,2025-07-06 09:34:28,2025-07-06 09:41:28,2025-07-06,RG00005,False
SV01062,RT00008,OP00001,2025-06-29 16:05:34,2025-06-29 16:18:34,2025-06-29 17:29:34,2025-06-29 17:29:34,2025-06-29,RG00003,False
SV01063,RT00008,OP00002,2025-07-08 11:03:17,2025-07-08 11:19:17,2025-07-08 12:24:17,2025-07-08 12:30:17,2025-07-08,RG00003,False
SV01064,RT00001,OP00005,2025-07-27 17:43:38,2025-07-27 17:54:38,2025-07-27 20:00:38,2025-07-27 20:23:38,2025-07-27,RG00004,False
SV01065,RT00010,OP00001,2025-06-27 06:55:04,2025-06-27 07:05:04,2025-06-27 08:23:04,2025-06-27 08:33:04,2025-06-27,RG00005,False
SV01066,RT00011,OP00002,2025-07-25 11:51:48,2025-07-25 12:05:48,2025-07-25 12:38:48,2025-07-25 12:46:48,2025-07-25,RG00004,False
SV01067,RT00005,OP00002,2025-07-03 23:46:42,2025-07-04 00:08:42,2025-07-04 02:02:42,2025-07-04 02:32:42,2025-07-03,RG00005,False
SV01068,RT00004,OP00003,2025-08-07 22:13:30,2025-08-07 22:29:30,2025-08-08 00:33:30,2025-08-08 00:42:30,2025-08-07,RG00005,False
SV01069,RT00002,OP00003,2025-08-25 11:55:58,2025-08-25 11:58:58,2025-08-25 13:49:58,2025-08-25 14:22:58,2025-08-25,RG00005,False
SV01070,RT00008,OP00005,2025-08-05 15:19:58,2025-08-05 15:41:58,2025-08-05 16:48:58,2025-08-05 17:15:58,2025-08-05,RG00003,False
SV01071,RT00003,OP00002,2025-06-10 05:13:59,2025-06-10 05:53:59,2025-06-10 05:54:59,2025-06-10 05:54:59,2025-06-10,RG00003,False
SV01072,RT00004,OP00006,2025-06-05 11:47:07,2025-06-05 12:09:07,2025-06-05 13:57:07,2025-06-05 14:07:07,2025-06-05,RG00005,False
SV01073,RT00012,OP00002,2025-08-13 20:58:15,2025-08-13 21:03:15,2025-08-13 22:45:15,2025-08-13 23:10:15,2025-08-13,RG00003,False
SV01074,RT00007,OP00003,2025-07-08 11:25:58,2025-07-08 11:31:58,2025-07-08 13:34:58,2025-07-08 13:44:58,2025-07-08,RG00003,False
SV01075,RT00010,OP00006,2025-06-13 12:35:20,2025-06-13 12:43:20,2025-06-13 14:03:20,2025-06-13 14:27:20,2025-06-13,RG00005,False
SV01076,RT00009,OP00001,2025-07-01 14:24:29,2025-07-01 14:32:29,2025-07-01 16:16:29,2025-07-01 16:32:29,2025-07-01,RG00003,False
SV01077,RT00002,OP00001,2025-07-17 22:41:22,2025-07-17 22:50:22,2025-07-18 00:37:22,2025-07-18 00:54:22,2025-07-17,RG00005,False
SV01078,RT00003,OP00004,2025-08-27 14:16:23,2025-08-27 14:48:23,2025-08-27 15:02:23,2025-08-27 15:35:23,2025-08-27,RG00003,False
SV01079,RT00004,OP00003,2025-07-22 21:56:31,2025-07-22 22:04:31,2025-07-23 00:19:31,2025-07-23 00:26:31,2025-07-22,RG00005,False
SV01080,RT00010,OP00004,2025-07-26 19:06:51,2025-07-26 19:06:51,2025-07-26 20:46:51,2025-07-26 21:38:51,2025-07-26,RG00005,False
SV01081,RT00001,OP00006,2025-06-15 20:48:53,2025-06-15 20:49:53,2025-06-15 23:02:53,2025-06-15 23:30:53,2025-06-15,RG00004,False
SV01082,RT00007,OP00003,2025-06-29 15:58:13,2025-06-29 16:12:13,2025-06-29 18:12:13,2025-06-29 18:29:13,2025-06-29,RG00003,False
SV01083,RT00002,OP00005,2025-06-08 16:20:26,2025-06-08 16:27:26,2025-06-08 18:28:26,2025-06-08 18:46:26,2025-06-08,RG00005,False
SV01084,RT00005,OP00002,2025-06-05 06:36:55,2025-06-05 06:39:55,2025-06-05 08:53:55,2025-06-05 09:10:55,2025-06-05,RG00005,False
SV01085,RT00001,OP00005,2025-06-29 12:47:09,,2025-06-29 15:04:09,,2025-06-29,RG00004,True
SV01086,RT00003,OP00006,2025-07-17 05:16:35,2025-07-17 05:19:35,2025-07-17 05:49:35,2025-07-17 06:24:35,2025-07-17,RG00003,False
SV01087,RT00012,OP00003,2025-08-07 23:37:46,2025-08-07 23:52:46,2025-08-08 01:32:46,2025-08-08 01:42:46,2025-08-07,RG00003,False
SV01088,RT00002,OP00006,2025-08-15 18:18:09,2025-08-15 18:27:09,2025-08-15 20:24:09,2025-08-15 21:48:09,2025-08-15,RG00005,False
SV01089,RT00001,OP00002,2025-07-15 11:21:14,2025-07-15 11:28:14,2025-07-15 13:35:14,2025-07-15 14:10:14,2025-07-15,RG00004,False
SV01090,RT00007,OP00001,2025-06-02 17:36:53,2025-06-02 18:29:53,2025-06-02 19:50:53,2025-06-02 20:24:53,2025-06-02,RG00003,False
SV01091,RT00005,OP00001,2025-06-27 12:31:35,2025-06-27 12:36:35,2025-06-27 14:48:35,2025-06-27 14:48:35,2025-06-27,RG00005,False
SV01092,RT00001,OP00006,2025-07-06 15:16:48,2025-07-06 15:34:48,2025-07-06 17:40:48,2025-07-06 17:40:48,2025-07-06,RG00004,False
SV01093,RT00006,OP00004,2025-07-06 20:46:41,2025-07-06 20:52:41,2025-07-06 22:55:41,2025-07-06 23:03:41,2025-07-06,RG00002,False
SV01094,RT00005,OP00003,2025-06-26 20:29:10,2025-06-26 20:50:10,2025-06-26 22:45:10,2025-06-26 22:45:10,2025-06-26,RG00005,False
SV01095,RT00003,OP00003,2025-07-13 16:10:08,2025-07-13 16:34:08,2025-07-13 16:52:08,2025-07-13 17:06:08,2025-07-13,RG00003,False
SV01096,RT00012,OP00001,2025-06-27 22:31:11,2025-06-27 22:34:11,2025-06-28 00:20:11,2025-06-28 00:54:11,2025-06-27,RG00003,False
SV01097,RT00007,OP00005,2025-08-08 22:41:03,2025-08-08 23:15:03,2025-08-09 00:50:03,2025-08-09 01:17:03,2025-08-08,RG00003,False
SV01098,RT00011,OP00002,2025-06-20 21:02:53,2025-06-20 21:26:53,2025-06-20 21:59:53,2025-06-20 22:29:53,2025-06-20,RG00004,False
SV01099,RT00010,OP00005,2025-06-11 07:52:42,2025-06-11 07:54:42,2025-06-11 09:26:42,2025-06-11 10:13:42,2025-06-11,RG00005,False
SV01100,RT00009,OP00005,2025-08-13 06:48:00,2025-08-13 07:13:00,2025-08-13 08:45:00,2025-08-13 08:48:00,2025-08-13,RG00003,False
SV01101,RT00009,OP00006,2025-07-08 18:08:53,2025-07-08 18:41:53,2025-07-08 20:07:53,2025-07-08 20:37:53,2025-07-08,RG00003,False
SV01102,RT00009,OP00001,2025-06-06 12:04:45,2025-06-06 12:04:45,2025-06-06 14:01:45,2025-06-06 14:13:45,2025-06-06,RG00003,False
SV01103,RT00002,OP00001,2025-08-11 09:00:13,2025-08-11 09:00:13,2025-08-11 11:04:13,2025-08-11 11:10:13,2025-08-11,RG00005,False
SV01104,RT00003,OP00001,2025-06-23 21:29:23,2025-06-23 21:58:23,2025-06-23 22:15:23,2025-06-23 22:40:23,2025-06-23,RG00003,False
SV01105,RT00007,OP00006,2025-07-17 06:39:40,2025-07-17 06:55:40,2025-07-17 08:54:40,2025-07-17 09:01:40,2025-07-17,RG00003,False
SV01106,RT00005,OP00004,2025-08-29 20:42:31,,2025-08-29 23:00:31,,2025-08-29,RG00005,True
SV01107,RT00002,OP00005,2025-07-16 05:00:34,2025-07-16 05:22:34,2025-07-16 06:54:34,2025-07-16 07:18:34,2025-07-16,RG00005,False
SV01108,RT00003,OP00006,2025-06-12 22:26:00,2025-06-12 22:49:00,2025-06-12 23:14:00,2025-06-13 00:10:00,2025-06-12,RG00003,False
SV01109,RT00010,OP00003,2025-08-29 05:33:46,2025-08-29 05:37:46,2025-08-29 07:07:46,2025-08-29 07:17:46,2025-08-29,RG00005,False
SV01110,RT00006,OP00002,2025-06-13 13:34:18,2025-06-13 13:56:18,2025-06-13 15:55:18,2025-06-13 16:12:18,2025-06-13,RG00002,False
SV01111,RT00007,OP00004,2025-08-01 05:32:52,2025-08-01 05:52:52,2025-08-01 07:48:52,2025-08-01 08:01:52,2025-08-01,RG00003,False
SV01112,RT00009,OP00003,2025-08-21 18:51:58,,2025-08-21 20:49:58,,2025-08-21,RG00003,True
SV01113,RT00001,OP00005,2025-08-28 10:06:58,,2025-08-28 12:17:58,,2025-08-28,RG00004,True
SV01114,RT00011,OP00001,2025-07-30 08:33:09,2025-07-30 09:07:09,2025-07-30 09:15:09,2025-07-30 09:42:09,2025-07-30,RG00004,False
SV01115,RT00007,OP00005,2025-07-13 12:12:39,2025-07-13 12:45:39,2025-07-13 14:20:39,2025-07-13 15:11:39,2025-07-13,RG00003,False
SV01116,RT00008,OP00006,2025-08-15 21:16:52,2025-08-15 21:27:52,2025-08-15 22:36:52,2025-08-15 22:39:52,2025-08-15,RG00003,False
SV01117,RT00012,OP00002,2025-08-07 16:17:50,2025-08-07 16:46:50,2025-08-07 18:18:50,2025-08-07 18:39:50,2025-08-07,RG00003,False
SV01118,RT00003,OP00006,2025-06-05 17:05:23,2025-06-05 17:19:23,2025-06-05 17:42:23,2025-06-05 18:13:23,2025-06-05,RG00003,False
SV01119,RT00004,OP00004,2025-07-07 17:29:36,2025-07-07 17:33:36,2025-07-07 19:40:36,2025-07-07 20:00:36,2025-07-07,RG00005,False
SV01120,RT00010,OP00004,2025-08-11 12:44:14,,2025-08-11 14:14:14,,2025-08-11,RG00005,True
SV01121,RT00006,OP00002,2025-08-31 14:43:52,2025-08-31 14:58:52,2025-08-31 16:52:52,2025-08-31 16:56:52,2025-08-31,RG00002,False
SV01122,RT00010,OP00003,2025-07-01 07:41:54,2025-07-01 07:59:54,2025-07-01 09:17:54,2025-07-01 09:56:54,2025-07-01,RG00005,False
SV01123,RT00007,OP00003,2025-06-09 06:05:25,2025-06-09 06:28:25,2025-06-09 08:18:25,2025-06-09 08:18:25,2025-06-09,RG00003,False
SV01124,RT00004,OP00004,2025-07-21 17:24:35,2025-07-21 17:37:35,2025-07-21 19:47:35,2025-07-21 20:19:35,2025-07-21,RG00005,False
SV01125,RT00008,OP00004,2025-06-29 20:03:40,2025-06-29 20:19:40,2025-06-29 21:29:40,2025-06-29 21:35:40,2025-06-29,RG00003,False
SV01126,RT00005,OP00001,2025-08-17 05:44:10,2025-08-17 05:59:10,2025-08-17 08:05:10,2025-08-17 08:09:10,2025-08-17,RG00005,False
SV01127,RT00001,OP00003,2025-07-10 07:31:54,2025-07-10 07:45:54,2025-07-10 09:56:54,2025-07-10 09:56:54,2025-07-10,RG00004,False
SV01128,RT00004,OP00002,2025-07-11 18:41:50,2025-07-11 18:41:50,2025-07-11 20:51:50,2025-07-11 21:08:50,2025-07-11,RG00005,False
SV01129,RT00003,OP00003,2025-08-25 15:36:54,2025-08-25 15:44:54,2025-08-25 16:12:54,2025-08-25 17:04:54,2025-08-25,RG00003,False
SV01130,RT00009,OP00001,2025-06-11 08:57:33,2025-06-11 09:22:33,2025-06-11 10:53:33,2025-06-11 11:35:33,2025-06-11,RG00003,False
SV01131,RT00008,OP00006,2025-06-23 06:14:13,2025-06-23 06:15:13,2025-06-23 07:32:13,2025-06-23 07:39:13,2025-06-23,RG00003,False
SV01132,RT00001,OP00004,2025-06-01 23:30:17,2025-06-01 23:35:17,2025-06-02 01:50:17,2025-06-02 01:53:17,2025-06-01,RG00004,False
SV01133,RT00011,OP00004,2025-07-16 06:59:04,2025-07-16 07:10:04,2025-07-16 07:52:04,2025-07-16 07:55:04,2025-07-16,RG00004,False
SV01134,RT00006,OP00001,2025-06-21 13:57:34,2025-06-21 14:10:34,2025-06-21 16:13:34,2025-06-21 16:33:34,2025-06-21,RG00002,False
SV01135,RT00009,OP00002,2025-08-29 23:42:02,2025-08-29 23:51:02,2025-08-30 01:46:02,2025-08-30 02:07:02,2025-08-29,RG00003,False
SV01136,RT00007,OP00004,2025-07-06 10:59:54,2025-07-06 11:05:54,2025-07-06 13:08:54,2025-07-06 13:34:54,2025-07-06,RG00003,False
SV01137,RT00004,OP00005,2025-07-24 15:01:13,2025-07-24 15:11:13,2025-07-24 17:13:13,2025-07-24 17:42:13,2025-07-24,RG00005,False
SV01138,RT00001,OP00004,2025-08-26 23:09:48,2025-08-26 23:09:48,2025-08-27 01:21:48,2025-08-27 01:37:48,2025-08-26,RG00004,False
SV01139,RT00012,OP00005,2025-07-27 17:59:04,2025-07-27 18:14:04,2025-07-27 19:45:04,2025-07-27 19:59:04,2025-07-27,RG00003,False
SV01140,RT00002,OP00001,2025-06-01 14:10:36,2025-06-01 14:10:36,2025-06-01 16:07:36,2025-06-01 16:12:36,2025-06-01,RG00005,False
SV01141,RT00012,OP00001,2025-08-02 12:36:53,2025-08-02 12:42:53,2025-08-02 14:27:53,2025-08-02 14:43:53,2025-08-02,RG00003,False
SV01142,RT00005,OP00004,2025-07-24 17:43:57,2025-07-24 17:47:57,2025-07-24 20:06:57,2025-07-24 20:54:57,2025-07-24,RG00005,False
SV01143,RT00012,OP00003,2025-07-25 22:21:24,2025-07-25 22:27:24,2025-07-26 00:18:24,2025-07-26 00:43:24,2025-07-25,RG00003,False
SV01144,RT00011,OP00005,2025-07-10 09:50:44,2025-07-10 10:24:44,2025-07-10 10:46:44,2025-07-10 10:48:44,2025-07-10,RG00004,False
SV01145,RT00005,OP00002,2025-06-15 07:32:47,2025-06-15 07:32:47,2025-06-15 09:53:47,2025-06-15 10:09:47,2025-06-15,RG00005,False
SV01146,RT00008,OP00004,2025-06-21 16:03:06,2025-06-21 16:07:06,2025-06-21 17:22:06,2025-06-21 18:14:06,2025-06-21,RG00003,False
SV01147,RT00006,OP00002,2025-07-17 18:14:53,2025-07-17 18:27:53,2025-07-17 20:31:53,2025-07-17 20:53:53,2025-07-17,RG00002,False
SV01148,RT00008,OP00004,2025-08-12 07:21:38,2025-08-12 07:26:38,2025-08-12 08:48:38,2025-08-12 09:37:38,2025-08-12,RG00003,False
SV01149,RT00002,OP00003,2025-07-23 17:49:20,2025-07-23 18:26:20,2025-07-23 19:47:20,2025-07-23 20:11:20,2025-07-23,RG00005,False
SV01150,RT00003,OP00003,2025-06-09 05:40:17,2025-06-09 06:02:17,2025-06-09 06:16:17,2025-06-09 06:44:17,2025-06-09,RG00003,False
SV01151,RT00006,OP00003,2025-08-13 19:31:14,2025-08-13 19:52:14,2025-08-13 21:49:14,2025-08-13 21:58:14,2025-08-13,RG00002,False
SV01152,RT00012,OP00006,2025-07-22 16:35:24,2025-07-22 16:51:24,2025-07-22 18:33:24,2025-07-22 18:46:24,2025-07-22,RG00003,False
SV01153,RT00010,OP00003,2025-07-27 18:11:43,2025-07-27 18:15:43,2025-07-27 19:53:43,2025-07-27 20:18:43,2025-07-27,RG00005,False
SV01154,RT00003,OP00001,2025-06-26 23:42:24,2025-06-26 23:44:24,2025-06-27 00:23:24,2025-06-27 01:19:24,2025-06-26,RG00003,False
SV01155,RT00006,OP00001,2025-07-11 07:49:39,2025-07-11 08:03:39,2025-07-11 10:07:39,2025-07-11 10:13:39,2025-07-11,RG00002,False
SV01156,RT00006,OP00006,2025-07-05 14:51:15,,2025-07-05 17:12:15,,2025-07-05,RG00002,True
SV01157,RT00002,OP00005,2025-08-02 07:05:17,2025-08-02 07:28:17,2025-08-02 09:11:17,2025-08-02 09:18:17,2025-08-02,RG00005,False
SV01158,RT00007,OP00002,2025-06-25 09:24:45,2025-06-25 09:34:45,2025-06-25 11:35:45,2025-06-25 12:05:45,2025-06-25,RG00003,False
SV01159,RT00012,OP00004,2025-08-29 09:47:24,2025-08-29 09:48:24,2025-08-29 11:36:24,2025-08-29 12:23:24,2025-08-29,RG00003,False
SV01160,RT00002,OP00004,2025-08-14 15:23:06,2025-08-14 15:43:06,2025-08-14 17:20:06,2025-08-14 17:43:06,2025-08-14,RG00005,False
SV01161,RT00006,OP00006,2025-07-08 07:00:19,2025-07-08 07:08:19,2025-07-08 09:07:19,2025-07-08 09:40:19,2025-07-08,RG00002,False
SV01162,RT00001,OP00001,2025-06-02 19:23:48,2025-06-02 19:42:48,2025-06-02 21:39:48,2025-06-02 21:57:48,2025-06-02,RG00004,False
SV01163,RT00003,OP00004,2025-06-07 13:06:08,2025-06-07 13:22:08,2025-06-07 13:42:08,2025-06-07 14:33:08,2025-06-07,RG00003,False
SV01164,RT00002,OP00001,2025-08-21 07:11:27,2025-08-21 07:26:27,2025-08-21 09:17:27,2025-08-21 10:13:27,2025-08-21,RG00005,False
SV01165,RT00007,OP00005,2025-08-30 19:35:35,2025-08-30 19:59:35,2025-08-30 21:56:35,2025-08-30 22:36:35,2025-08-30,RG00003,False
SV01166,RT00004,OP00002,2025-07-04 21:26:06,2025-07-04 21:34:06,2025-07-04 23:49:06,2025-07-05 00:24:06,2025-07-04,RG00005,False
SV01167,RT00008,OP00005,2025-08-30 05:05:22,2025-08-30 05:18:22,2025-08-30 06:27:22,2025-08-30 06:41:22,2025-08-30,RG00003,False
SV01168,RT00006,OP00006,2025-06-17 22:05:38,2025-06-17 22:05:38,2025-06-18 00:23:38,2025-06-18 00:29:38,2025-06-17,RG00002,False
SV01169,RT00012,OP00003,2025-07-13 15:55:24,2025-07-13 16:09:24,2025-07-13 17:52:24,2025-07-13 18:03:24,2025-07-13,RG00003,False
SV01170,RT00010,OP00003,2025-07-29 05:18:26,2025-07-29 05:18:26,2025-07-29 06:46:26,2025-07-29 07:14:26,2025-07-29,RG00005,False
SV01171,RT00004,OP00003,2025-07-21 17:49:05,2025-07-21 17:51:05,2025-07-21 20:02:05,2025-07-21 20:54:05,2025-07-21,RG00005,False
SV01172,RT00005,OP00005,2025-07-24 22:57:15,2025-07-24 23:12:15,2025-07-25 01:25:15,2025-07-25 01:38:15,2025-07-24,RG00005,False
SV01173,RT00009,OP00004,2025-06-24 23:33:10,2025-06-24 23:41:10,2025-06-25 01:39:10,2025-06-25 01:45:10,2025-06-24,RG00003,False
SV01174,RT00007,OP00002,2025-06-25 17:10:08,,2025-06-25 19:19:08,,2025-06-25,RG00003,True
SV01175,RT00010,OP00003,2025-08-10 13:19:17,2025-08-10 13:23:17,2025-08-10 15:00:17,2025-08-10 15:19:17,2025-08-10,RG00005,False
SV01176,RT00009,OP00006,2025-07-22 20:09:04,2025-07-22 20:11:04,2025-07-22 22:14:04,2025-07-22 22:18:04,2025-07-22,RG00003,False
SV01177,RT00007,OP00006,2025-08-09 10:27:17,2025-08-09 11:04:17,2025-08-09 12:34:17,2025-08-09 12:44:17,2025-08-09,RG00003,False
SV01178,RT00012,OP00003,2025-08-27 18:19:30,2025-08-27 18:19:30,2025-08-27 20:07:30,2025-08-27 20:12:30,2025-08-27,RG00003,False
SV01179,RT00001,OP00003,2025-07-03 07:23:16,2025-07-03 07:57:16,2025-07-03 09:42:16,2025-07-03 10:04:16,2025-07-03,RG00004,False
SV01180,RT00012,OP00002,2025-07-19 12:46:40,2025-07-19 12:47:40,2025-07-19 14:42:40,2025-07-19 15:01:40,2025-07-19,RG00003,False
SV01181,RT00008,OP00003,2025-06-29 20:38:39,2025-06-29 20:38:39,2025-06-29 21:55:39,2025-06-29 21:55:39,2025-06-29,RG00003,False
SV01182,RT00004,OP00002,2025-08-02 11:29:06,2025-08-02 11:51:06,2025-08-02 13:45:06,2025-08-02 13:55:06,2025-08-02,RG00005,False
SV01183,RT00003,OP00006,2025-06-22 09:19:00,2025-06-22 10:01:00,2025-06-22 10:02:00,2025-06-22 10:25:00,2025-06-22,RG00003,False
SV01184,RT00007,OP00003,2025-06-26 17:21:53,2025-06-26 17:42:53,2025-06-26 19:30:53,2025-06-26 20:02:53,2025-06-26,RG00003,False
SV01185,RT00012,OP00005,2025-06-28 17:51:55,2025-06-28 18:11:55,2025-06-28 19:50:55,2025-06-28 19:53:55,2025-06-28,RG00003,False
SV01186,RT00003,OP00005,2025-08-24 15:28:21,2025-08-24 16:05:21,2025-08-24 16:08:21,2025-08-24 16:40:21,2025-08-24,RG00003,False
SV01187,RT00008,OP00006,2025-07-19 18:52:52,2025-07-19 19:04:52,2025-07-19 20:24:52,2025-07-19 21:11:52,2025-07-19,RG00003,False
SV01188,RT00006,OP00002,2025-08-10 09:19:20,2025-08-10 09:42:20,2025-08-10 11:36:20,2025-08-10 11:39:20,2025-08-10,RG00002,False
SV01189,RT00005,OP00005,2025-08-20 11:30:20,2025-08-20 11:49:20,2025-08-20 13:55:20,2025-08-20 14:00:20,2025-08-20,RG00005,False
SV01190,RT00004,OP00002,2025-08-23 10:25:20,2025-08-23 10:26:20,2025-08-23 12:38:20,2025-08-23 12:42:20,2025-08-23,RG00005,False
SV01191,RT00008,OP00005,2025-07-19 14:47:44,2025-07-19 15:12:44,2025-07-19 16:05:44,2025-07-19 16:28:44,2025-07-19,RG00003,False
SV01192,RT00008,OP00005,2025-06-20 20:36:50,2025-06-20 20:47:50,2025-06-20 21:53:50,2025-06-20 22:07:50,2025-06-20,RG00003,False
SV01193,RT00012,OP00002,2025-08-25 12:20:24,2025-08-25 12:39:24,2025-08-25 14:11:24,2025-08-25 14:21:24,2025-08-25,RG00003,False
SV01194,RT00001,OP00004,2025-08-31 13:52:50,2025-08-31 14:14:50,2025-08-31 16:18:50,2025-08-31 16:31:50,2025-08-31,RG00004,False
SV01195,RT00009,OP00005,2025-08-02 17:23:07,2025-08-02 17:24:07,2025-08-02 19:29:07,2025-08-02 20:21:07,2025-08-02,RG00003,False
SV01196,RT00005,OP00003,2025-07-31 23:12:37,2025-07-31 23:14:37,2025-08-01 01:30:37,2025-08-01 01:58:37,2025-07-31,RG00005,False
SV01197,RT00004,OP00006,2025-07-19 22:11:43,2025-07-19 22:12:43,2025-07-20 00:22:43,2025-07-20 00:37:43,2025-07-19,RG00005,False
SV01198,RT00006,OP00004,2025-08-10 22:01:46,2025-08-10 22:06:46,2025-08-11 00:22:46,2025-08-11 00:42:46,2025-08-10,RG00002,False
SV01199,RT00006,OP00002,2025-06-01 19:45:13,2025-06-01 20:19:13,2025-06-01 22:01:13,2025-06-01 22:11:13,2025-06-01,RG00002,False
SV01200,RT00002,OP00004,2025-06-13 19:51:18,2025-06-13 19:56:18,2025-06-13 21:51:18,2025-06-13 22:29:18,2025-06-13,RG00005,False
