FleetID,Date,Status,HoursInService
FL00001,2025-06-01,In service,19.91
FL00001,2025-06-02,In service,20.19
FL00001,2025-06-03,In service,12.98
FL00001,2025-06-04,In service,23.29
FL00001,2025-06-05,In service,17.08
FL00001,2025-06-06,In service,19.27
FL00001,2025-06-07,In service,25.43
FL00001,2025-06-08,In service,8.5
FL00001,2025-06-09,In service,18.96
FL00001,2025-06-10,In service,20.18
FL00001,2025-06-11,In service,15.82
FL00001,2025-06-12,In service,10.35
FL00001,2025-06-13,In service,12.5
FL00001,2025-06-14,Under maintenance,0.0
FL00001,2025-06-15,In service,18.16
FL00001,2025-06-16,In service,6.12
FL00001,2025-06-17,In service,13.52
FL00001,2025-06-18,In service,19.09
FL00001,2025-06-19,In service,25.93
FL00001,2025-06-20,In service,16.62
FL00001,2025-06-21,In service,14.92
FL00001,2025-06-22,In service,11.86
FL00001,2025-06-23,Under maintenance,0.0
FL00001,2025-06-24,Under maintenance,0.0
FL00001,2025-06-25,In service,16.6
FL00001,2025-06-26,Under maintenance,0.0
FL00001,2025-06-27,In service,17.31
FL00001,2025-06-28,In service,22.17
FL00001,2025-06-29,In service,21.48
FL00001,2025-06-30,In service,8.63
FL00001,2025-07-01,In service,8.18
FL00001,2025-07-02,In service,15.06
FL00001,2025-07-03,Under maintenance,0.0
FL00001,2025-07-04,In service,20.43
FL00001,2025-07-05,In service,24.91
FL00001,2025-07-06,In service,14.62
FL00001,2025-07-07,In service,18.17
FL00001,2025-07-08,In service,13.8
FL00001,2025-07-09,In service,10.42
FL00001,2025-07-10,In service,20.94
FL00001,2025-07-11,In service,18.3
FL00001,2025-07-12,Under maintenance,0.0
FL00001,2025-07-13,In service,11.55
FL00001,2025-07-14,In service,13.78
FL00001,2025-07-15,In service,22.88
FL00001,2025-07-16,In service,18.98
FL00001,2025-07-17,In service,15.14
FL00001,2025-07-18,In service,17.86
FL00001,2025-07-19,In service,10.14
FL00001,2025-07-20,In service,18.03
FL00001,2025-07-21,In service,9.79
FL00001,2025-07-22,Under maintenance,0.0
FL00001,2025-07-23,In service,14.44
FL00001,2025-07-24,In service,19.37
FL00001,2025-07-25,In service,17.53
FL00001,2025-07-26,In service,23.03
FL00001,2025-07-27,In service,17.0
FL00001,2025-07-28,Under maintenance,0.0
FL00001,2025-07-29,In service,9.12
FL00001,2025-07-30,In service,11.33
FL00001,2025-07-31,In service,15.49
FL00001,2025-08-01,Under maintenance,0.0
FL00001,2025-08-02,Under maintenance,0.0
FL00001,2025-08-03,In service,18.7
FL00001,2025-08-04,In service,24.85
FL00001,2025-08-05,In service,6.21
FL00001,2025-08-06,In service,13.34
FL00001,2025-08-07,In service,19.29
FL00001,2025-08-08,In service,8.06
FL00001,2025-08-09,In service,19.61
FL00001,2025-08-10,In service,16.62
FL00001,2025-08-11,Under maintenance,0.0
FL00001,2025-08-12,In service,15.15
FL00001,2025-08-13,In service,16.83
FL00001,2025-08-14,In service,10.25
FL00001,2025-08-15,In service,11.72
FL00001,2025-08-16,In service,14.63
FL00001,2025-08-17,In service,10.03
FL00001,2025-08-18,In service,6.83
FL00001,2025-08-19,In service,15.11
FL00001,2025-08-20,In service,19.76
FL00001,2025-08-21,In service,17.13
FL00001,2025-08-22,In service,21.59
FL00001,2025-08-23,In service,7.34
FL00001,2025-08-24,Under maintenance,0.0
FL00001,2025-08-25,Under maintenance,0.0
FL00001,2025-08-26,In service,14.03
FL00001,2025-08-27,In service,13.72
FL00001,2025-08-28,Under maintenance,0.0
FL00001,2025-08-29,In service,8.96
FL00001,2025-08-30,In service,19.01
FL00001,2025-08-31,In service,13.07
FL00002,2025-06-01,Under maintenance,0.0
FL00002,2025-06-02,In service,14.56
FL00002,2025-06-03,In service,9.64
FL00002,2025-06-04,Under maintenance,0.0
FL00002,2025-06-05,In service,16.34
FL00002,2025-06-06,In service,21.39
FL00002,2025-06-07,Under maintenance,0.0
FL00002,2025-06-08,In service,15.91
FL00002,2025-06-09,Under maintenance,0.0
FL00002,2025-06-10,In service,17.36
FL00002,2025-06-11,In service,21.15
FL00002,2025-06-12,In service,17.46
FL00002,2025-06-13,In service,17.07
FL00002,2025-06-14,Under maintenance,0.0
FL00002,2025-06-15,Under maintenance,0.0
FL00002,2025-06-16,In service,16.0
FL00002,2025-06-17,In service,21.98
FL00002,2025-06-18,In service,16.05
FL00002,2025-06-19,Under maintenance,0.0
FL00002,2025-06-20,In service,12.56
FL00002,2025-06-21,In service,15.45
FL00002,2025-06-22,In service,19.36
FL00002,2025-06-23,In service,27.37
FL00002,2025-06-24,In service,17.68
FL00002,2025-06-25,In service,16.71
FL00002,2025-06-26,In service,22.66
FL00002,2025-06-27,In service,18.3
FL00002,2025-06-28,In service,24.63
FL00002,2025-06-29,In service,11.01
FL00002,2025-06-30,In service,11.07
FL00002,2025-07-01,In service,11.91
FL00002,2025-07-02,In service,20.45
FL00002,2025-07-03,In service,17.7
FL00002,2025-07-04,In service,14.74
FL00002,2025-07-05,In service,17.74
FL00002,2025-07-06,In service,21.25
FL00002,2025-07-07,In service,14.48
FL00002,2025-07-08,Under maintenance,0.0
FL00002,2025-07-09,In service,19.78
FL00002,2025-07-10,In service,13.61
FL00002,2025-07-11,In service,18.58
FL00002,2025-07-12,In service,28.48
FL00002,2025-07-13,In service,13.4
FL00002,2025-07-14,In service,20.0
FL00002,2025-07-15,In service,16.03
FL00002,2025-07-16,In service,18.64
FL00002,2025-07-17,In service,12.16
FL00002,2025-07-18,In service,19.43
FL00002,2025-07-19,Under maintenance,0.0
FL00002,2025-07-20,In service,14.69
FL00002,2025-07-21,In service,11.99
FL00002,2025-07-22,In service,16.17
FL00002,2025-07-23,In service,16.8
FL00002,2025-07-24,Under maintenance,0.0
FL00002,2025-07-25,In service,17.82
FL00002,2025-07-26,In service,15.26
FL00002,2025-07-27,In service,18.53
FL00002,2025-07-28,In service,14.16
FL00002,2025-07-29,In service,14.05
FL00002,2025-07-30,In service,12.2
FL00002,2025-07-31,Under maintenance,0.0
FL00002,2025-08-01,In service,18.85
FL00002,2025-08-02,Under maintenance,0.0
FL00002,2025-08-03,In service,17.73
FL00002,2025-08-04,In service,15.69
FL00002,2025-08-05,Under maintenance,0.0
FL00002,2025-08-06,Under maintenance,0.0
FL00002,2025-08-07,In service,15.53
FL00002,2025-08-08,In service,16.05
FL00002,2025-08-09,In service,13.07
FL00002,2025-08-10,In service,12.24
FL00002,2025-08-11,In service,11.6
FL00002,2025-08-12,In service,15.13
FL00002,2025-08-13,In service,4.22
FL00002,2025-08-14,In service,23.87
FL00002,2025-08-15,Under maintenance,0.0
FL00002,2025-08-16,In service,18.16
FL00002,2025-08-17,Under maintenance,0.0
FL00002,2025-08-18,In service,16.67
FL00002,2025-08-19,In service,17.19
FL00002,2025-08-20,Under maintenance,0.0
FL00002,2025-08-21,In service,9.63
FL00002,2025-08-22,Under maintenance,0.0
FL00002,2025-08-23,In service,16.5
FL00002,2025-08-24,In service,13.39
FL00002,2025-08-25,In service,13.17
FL00002,2025-08-26,In service,20.05
FL00002,2025-08-27,In service,22.11
FL00002,2025-08-28,In service,7.66
FL00002,2025-08-29,In service,17.26
FL00002,2025-08-30,In service,19.0
FL00002,2025-08-31,Under maintenance,0.0
FL00003,2025-06-01,Under maintenance,0.0
FL00003,2025-06-02,In service,5.99
FL00003,2025-06-03,In service,22.05
FL00003,2025-06-04,In service,17.18
FL00003,2025-06-05,In service,15.35
FL00003,2025-06-06,In service,14.1
FL00003,2025-06-07,In service,18.42
FL00003,2025-06-08,In service,24.26
FL00003,2025-06-09,In service,18.28
FL00003,2025-06-10,In service,16.97
FL00003,2025-06-11,In service,16.02
FL00003,2025-06-12,In service,20.42
FL00003,2025-06-13,In service,14.56
FL00003,2025-06-14,Under maintenance,0.0
FL00003,2025-06-15,Under maintenance,0.0
FL00003,2025-06-16,In service,20.99
FL00003,2025-06-17,In service,20.99
FL00003,2025-06-18,In service,21.89
FL00003,2025-06-19,In service,14.85
FL00003,2025-06-20,In service,8.16
FL00003,2025-06-21,In service,16.38
FL00003,2025-06-22,In service,16.88
FL00003,2025-06-23,In service,14.02
FL00003,2025-06-24,In service,10.72
FL00003,2025-06-25,Under maintenance,0.0
FL00003,2025-06-26,In service,13.08
FL00003,2025-06-27,In service,7.16
FL00003,2025-06-28,In service,27.19
FL00003,2025-06-29,In service,4.98
FL00003,2025-06-30,In service,10.75
FL00003,2025-07-01,In service,21.32
FL00003,2025-07-02,In service,22.9
FL00003,2025-07-03,In service,17.0
FL00003,2025-07-04,Under maintenance,0.0
FL00003,2025-07-05,In service,23.1
FL00003,2025-07-06,In service,26.15
FL00003,2025-07-07,Under maintenance,0.0
FL00003,2025-07-08,In service,12.61
FL00003,2025-07-09,In service,20.65
FL00003,2025-07-10,In service,18.71
FL00003,2025-07-11,In service,16.31
FL00003,2025-07-12,In service,21.26
FL00003,2025-07-13,Under maintenance,0.0
FL00003,2025-07-14,In service,17.04
FL00003,2025-07-15,In service,6.72
FL00003,2025-07-16,Under maintenance,0.0
FL00003,2025-07-17,In service,9.12
FL00003,2025-07-18,In service,9.68
FL00003,2025-07-19,Under maintenance,0.0
FL00003,2025-07-20,In service,7.74
FL00003,2025-07-21,In service,12.14
FL00003,2025-07-22,In service,22.51
FL00003,2025-07-23,In service,16.04
FL00003,2025-07-24,In service,6.26
FL00003,2025-07-25,In service,19.18
FL00003,2025-07-26,Under maintenance,0.0
FL00003,2025-07-27,In service,10.07
FL00003,2025-07-28,In service,17.97
FL00003,2025-07-29,In service,21.16
FL00003,2025-07-30,In service,12.96
FL00003,2025-07-31,Under maintenance,0.0
FL00003,2025-08-01,In service,13.06
FL00003,2025-08-02,In service,13.69
FL00003,2025-08-03,Under maintenance,0.0
FL00003,2025-08-04,In service,14.42
FL00003,2025-08-05,In service,18.63
FL00003,2025-08-06,In service,7.67
FL00003,2025-08-07,In service,17.59
FL00003,2025-08-08,In service,21.38
FL00003,2025-08-09,In service,14.41
FL00003,2025-08-10,In service,9.04
FL00003,2025-08-11,In service,23.22
FL00003,2025-08-12,Under maintenance,0.0
FL00003,2025-08-13,In service,12.43
FL00003,2025-08-14,In service,10.78
FL00003,2025-08-15,In service,7.68
FL00003,2025-08-16,In service,11.58
FL00003,2025-08-17,In service,17.55
FL00003,2025-08-18,In service,21.25
FL00003,2025-08-19,Under maintenance,0.0
FL00003,2025-08-20,Under maintenance,0.0
FL00003,2025-08-21,In service,15.03
FL00003,2025-08-22,Under maintenance,0.0
FL00003,2025-08-23,In service,15.58
FL00003,2025-08-24,In service,13.7
FL00003,2025-08-25,In service,11.06
FL00003,2025-08-26,In service,11.83
FL00003,2025-08-27,In service,17.53
FL00003,2025-08-28,In service,16.14
FL00003,2025-08-29,In service,21.59
FL00003,2025-08-30,Under maintenance,0.0
FL00003,2025-08-31,In service,14.7
FL00004,2025-06-01,In service,19.31
FL00004,2025-06-02,Under maintenance,0.0
FL00004,2025-06-03,Under maintenance,0.0
FL00004,2025-06-04,In service,26.79
FL00004,2025-06-05,In service,9.28
FL00004,2025-06-06,In service,15.13
FL00004,2025-06-07,In service,15.7
FL00004,2025-06-08,In service,15.61
FL00004,2025-06-09,Under maintenance,0.0
FL00004,2025-06-10,In service,10.36
FL00004,2025-06-11,In service,22.36
FL00004,2025-06-12,In service,13.94
FL00004,2025-06-13,In service,16.73
FL00004,2025-06-14,In service,17.14
FL00004,2025-06-15,In service,15.57
FL00004,2025-06-16,In service,21.65
FL00004,2025-06-17,In service,16.15
FL00004,2025-06-18,In service,13.83
FL00004,2025-06-19,In service,20.08
FL00004,2025-06-20,In service,21.49
FL00004,2025-06-21,In service,10.14
FL00004,2025-06-22,In service,9.03
FL00004,2025-06-23,In service,16.92
FL00004,2025-06-24,In service,14.66
FL00004,2025-06-25,Under maintenance,0.0
FL00004,2025-06-26,In service,18.24
FL00004,2025-06-27,In service,10.8
FL00004,2025-06-28,In service,11.66
FL00004,2025-06-29,In service,8.63
FL00004,2025-06-30,In service,10.82
FL00004,2025-07-01,In service,17.77
FL00004,2025-07-02,In service,17.97
FL00004,2025-07-03,Under maintenance,0.0
FL00004,2025-07-04,In service,16.19
FL00004,2025-07-05,In service,15.24
FL00004,2025-07-06,In service,22.45
FL00004,2025-07-07,In service,19.28
FL00004,2025-07-08,In service,13.6
FL00004,2025-07-09,In service,31.30
FL00004,2025-07-10,In service,9.96
FL00004,2025-07-11,In service,18.06
FL00004,2025-07-12,In service,15.07
FL00004,2025-07-13,In service,13.6
FL00004,2025-07-14,Under maintenance,0.0
FL00004,2025-07-15,In service,16.97
FL00004,2025-07-16,In service,9.56
FL00004,2025-07-17,In service,9.95
FL00004,2025-07-18,In service,23.14
FL00004,2025-07-19,In service,22.36
FL00004,2025-07-20,Under maintenance,0.0
FL00004,2025-07-21,In service,9.38
FL00004,2025-07-22,Under maintenance,0.0
FL00004,2025-07-23,In service,11.97
FL00004,2025-07-24,Under maintenance,0.0
FL00004,2025-07-25,Under maintenance,0.0
FL00004,2025-07-26,In service,15.61
FL00004,2025-07-27,Under maintenance,0.0
FL00004,2025-07-28,In service,18.5
FL00004,2025-07-29,Under maintenance,0.0
FL00004,2025-07-30,In service,20.42
FL00004,2025-07-31,In service,12.3
FL00004,2025-08-01,In service,20.28
FL00004,2025-08-02,In service,15.19
FL00004,2025-08-03,In service,17.69
FL00004,2025-08-04,In service,15.49
FL00004,2025-08-05,In service,17.43
FL00004,2025-08-06,Under maintenance,0.0
FL00004,2025-08-07,In service,22.92
FL00004,2025-08-08,Under maintenance,0.0
FL00004,2025-08-09,In service,12.6
FL00004,2025-08-10,In service,14.72
FL00004,2025-08-11,In service,20.43
FL00004,2025-08-12,Under maintenance,0.0
FL00004,2025-08-13,In service,18.29
FL00004,2025-08-14,Under maintenance,0.0
FL00004,2025-08-15,In service,22.76
FL00004,2025-08-16,In service,13.57
FL00004,2025-08-17,In service,10.45
FL00004,2025-08-18,In service,20.58
FL00004,2025-08-19,Under maintenance,0.0
FL00004,2025-08-20,In service,28.43
FL00004,2025-08-21,In service,17.55
FL00004,2025-08-22,In service,10.42
FL00004,2025-08-23,In service,13.7
FL00004,2025-08-24,In service,15.86
FL00004,2025-08-25,In service,21.35
FL00004,2025-08-26,In service,14.96
FL00004,2025-08-27,In service,12.06
FL00004,2025-08-28,In service,17.13
FL00004,2025-08-29,Under maintenance,0.0
FL00004,2025-08-30,In service,10.52
FL00004,2025-08-31,In service,19.82
FL00005,2025-06-01,In service,19.39
FL00005,2025-06-02,In service,15.96
FL00005,2025-06-03,In service,16.33
FL00005,2025-06-04,In service,13.0
FL00005,2025-06-05,Under maintenance,0.0
FL00005,2025-06-06,In service,12.98
FL00005,2025-06-07,In service,8.16
FL00005,2025-06-08,In service,16.91
FL00005,2025-06-09,Under maintenance,0.0
FL00005,2025-06-10,Under maintenance,0.0
FL00005,2025-06-11,In service,21.61
FL00005,2025-06-12,In service,7.69
FL00005,2025-06-13,In service,8.52
FL00005,2025-06-14,In service,12.55
FL00005,2025-06-15,In service,9.16
FL00005,2025-06-16,Under maintenance,0.0
FL00005,2025-06-17,In service,21.34
FL00005,2025-06-18,In service,15.56
FL00005,2025-06-19,Under maintenance,0.0
FL00005,2025-06-20,In service,20.05
FL00005,2025-06-21,In service,24.77
FL00005,2025-06-22,Under maintenance,0.0
FL00005,2025-06-23,In service,18.61
FL00005,2025-06-24,In service,5.58
FL00005,2025-06-25,In service,13.89
FL00005,2025-06-26,In service,22.36
FL00005,2025-06-27,In service,16.16
FL00005,2025-06-28,In service,11.53
FL00005,2025-06-29,In service,21.87
FL00005,2025-06-30,In service,26.58
FL00005,2025-07-01,In service,14.77
FL00005,2025-07-02,Under maintenance,0.0
FL00005,2025-07-03,Under maintenance,0.0
FL00005,2025-07-04,In service,8.41
FL00005,2025-07-05,In service,16.23
FL00005,2025-07-06,In service,19.74
FL00005,2025-07-07,In service,15.03
FL00005,2025-07-08,Under maintenance,0.0
FL00005,2025-07-09,In service,6.11
FL00005,2025-07-10,In service,14.47
FL00005,2025-07-11,In service,14.1
FL00005,2025-07-12,In service,12.16
FL00005,2025-07-13,In service,12.19
FL00005,2025-07-14,Under maintenance,0.0
FL00005,2025-07-15,Under maintenance,0.0
FL00005,2025-07-16,In service,22.57
FL00005,2025-07-17,In service,5.36
FL00005,2025-07-18,In service,15.36
FL00005,2025-07-19,In service,8.95
FL00005,2025-07-20,In service,14.23
FL00005,2025-07-21,In service,10.87
FL00005,2025-07-22,In service,23.67
FL00005,2025-07-23,Under maintenance,0.0
FL00005,2025-07-24,In service,5.7
FL00005,2025-07-25,In service,24.39
FL00005,2025-07-26,In service,15.64
FL00005,2025-07-27,In service,6.53
FL00005,2025-07-28,Under maintenance,0.0
FL00005,2025-07-29,In service,15.2
FL00005,2025-07-30,In service,15.61
FL00005,2025-07-31,In service,3.0
FL00005,2025-08-01,Under maintenance,0.0
FL00005,2025-08-02,Under maintenance,0.0
FL00005,2025-08-03,In service,22.27
FL00005,2025-08-04,Under maintenance,0.0
FL00005,2025-08-05,In service,22.26
FL00005,2025-08-06,In service,23.78
FL00005,2025-08-07,In service,20.66
FL00005,2025-08-08,In service,19.97
FL00005,2025-08-09,In service,26.03
FL00005,2025-08-10,In service,20.39
FL00005,2025-08-11,In service,22.74
FL00005,2025-08-12,In service,8.14
FL00005,2025-08-13,In service,14.46
FL00005,2025-08-14,In service,17.95
FL00005,2025-08-15,In service,16.37
FL00005,2025-08-16,In service,12.29
FL00005,2025-08-17,In service,20.04
FL00005,2025-08-18,In service,21.29
FL00005,2025-08-19,In service,15.6
FL00005,2025-08-20,In service,14.71
FL00005,2025-08-21,Under maintenance,0.0
FL00005,2025-08-22,In service,13.51
FL00005,2025-08-23,In service,15.41
FL00005,2025-08-24,In service,20.91
FL00005,2025-08-25,Under maintenance,0.0
FL00005,2025-08-26,Under maintenance,0.0
FL00005,2025-08-27,Under maintenance,0.0
FL00005,2025-08-28,In service,13.16
FL00005,2025-08-29,In service,18.56
FL00005,2025-08-30,Under maintenance,0.0
FL00005,2025-08-31,In service,15.76
FL00006,2025-06-01,In service,18.63
FL00006,2025-06-02,Under maintenance,0.0
FL00006,2025-06-03,In service,14.42
FL00006,2025-06-04,Under maintenance,0.0
FL00006,2025-06-05,In service,14.42
FL00006,2025-06-06,In service,19.3
FL00006,2025-06-07,In service,10.77
FL00006,2025-06-08,Under maintenance,0.0
FL00006,2025-06-09,Under maintenance,0.0
FL00006,2025-06-10,In service,12.66
FL00006,2025-06-11,In service,14.56
FL00006,2025-06-12,In service,21.15
FL00006,2025-06-13,In service,8.99
FL00006,2025-06-14,In service,13.92
FL00006,2025-06-15,In service,8.05
FL00006,2025-06-16,In service,17.86
FL00006,2025-06-17,In service,10.68
FL00006,2025-06-18,In service,14.9
FL00006,2025-06-19,In service,21.74
FL00006,2025-06-20,In service,19.16
FL00006,2025-06-21,In service,16.87
FL00006,2025-06-22,In service,18.76
FL00006,2025-06-23,In service,19.98
FL00006,2025-06-24,In service,7.02
FL00006,2025-06-25,In service,11.75
FL00006,2025-06-26,Under maintenance,0.0
FL00006,2025-06-27,In service,13.82
FL00006,2025-06-28,In service,22.7
FL00006,2025-06-29,In service,15.89
FL00006,2025-06-30,Under maintenance,0.0
FL00006,2025-07-01,In service,8.79
FL00006,2025-07-02,Under maintenance,0.0
FL00006,2025-07-03,In service,11.88
FL00006,2025-07-04,In service,11.91
FL00006,2025-07-05,In service,23.64
FL00006,2025-07-06,Under maintenance,0.0
FL00006,2025-07-07,In service,12.0
FL00006,2025-07-08,In service,11.61
FL00006,2025-07-09,In service,11.1
FL00006,2025-07-10,Under maintenance,0.0
FL00006,2025-07-11,In service,19.3
FL00006,2025-07-12,In service,21.02
FL00006,2025-07-13,In service,12.21
FL00006,2025-07-14,In service,9.77
FL00006,2025-07-15,In service,18.35
FL00006,2025-07-16,In service,16.32
FL00006,2025-07-17,Under maintenance,0.0
FL00006,2025-07-18,In service,17.59
FL00006,2025-07-19,In service,7.66
FL00006,2025-07-20,Under maintenance,0.0
FL00006,2025-07-21,In service,23.26
FL00006,2025-07-22,In service,7.22
FL00006,2025-07-23,Under maintenance,0.0
FL00006,2025-07-24,In service,17.08
FL00006,2025-07-25,In service,13.73
FL00006,2025-07-26,In service,20.23
FL00006,2025-07-27,In service,14.22
FL00006,2025-07-28,In service,21.44
FL00006,2025-07-29,Under maintenance,0.0
FL00006,2025-07-30,In service,16.3
FL00006,2025-07-31,In service,12.52
FL00006,2025-08-01,In service,16.36
FL00006,2025-08-02,In service,22.73
FL00006,2025-08-03,In service,11.1
FL00006,2025-08-04,In service,15.13
FL00006,2025-08-05,In service,14.61
FL00006,2025-08-06,In service,15.64
FL00006,2025-08-07,Under maintenance,0.0
FL00006,2025-08-08,In service,17.09
FL00006,2025-08-09,Under maintenance,0.0
FL00006,2025-08-10,In service,14.76
FL00006,2025-08-11,In service,24.62
FL00006,2025-08-12,In service,8.44
FL00006,2025-08-13,In service,16.4
FL00006,2025-08-14,In service,6.88
FL00006,2025-08-15,In service,17.49
FL00006,2025-08-16,Under maintenance,0.0
FL00006,2025-08-17,In service,16.91
FL00006,2025-08-18,In service,14.3
FL00006,2025-08-19,Under maintenance,0.0
FL00006,2025-08-20,In service,16.0
FL00006,2025-08-21,In service,19.48
FL00006,2025-08-22,In service,29.51
FL00006,2025-08-23,In service,12.57
FL00006,2025-08-24,Under maintenance,0.0
FL00006,2025-08-25,In service,12.89
FL00006,2025-08-26,In service,10.69
FL00006,2025-08-27,In service,14.72
FL00006,2025-08-28,In service,19.47
FL00006,2025-08-29,In service,20.69
FL00006,2025-08-30,In service,8.01
FL00006,2025-08-31,In service,14.06
FL00007,2025-06-01,Under maintenance,0.0
FL00007,2025-06-02,In service,13.89
FL00007,2025-06-03,In service,10.2
FL00007,2025-06-04,In service,19.01
FL00007,2025-06-05,In service,14.18
FL00007,2025-06-06,In service,20.15
FL00007,2025-06-07,In service,22.81
FL00007,2025-06-08,In service,9.59
FL00007,2025-06-09,In service,15.43
FL00007,2025-06-10,In service,17.67
FL00007,2025-06-11,Under maintenance,0.0
FL00007,2025-06-12,In service,14.05
FL00007,2025-06-13,Under maintenance,0.0
FL00007,2025-06-14,In service,16.99
FL00007,2025-06-15,In service,16.54
FL00007,2025-06-16,In service,4.64
FL00007,2025-06-17,In service,16.33
FL00007,2025-06-18,In service,17.87
FL00007,2025-06-19,In service,22.59
FL00007,2025-06-20,In service,21.45
FL00007,2025-06-21,In service,14.55
FL00007,2025-06-22,In service,19.58
FL00007,2025-06-23,In service,10.27
FL00007,2025-06-24,In service,27.67
FL00007,2025-06-25,In service,14.24
FL00007,2025-06-26,In service,17.15
FL00007,2025-06-27,In service,16.91
FL00007,2025-06-28,In service,22.12
FL00007,2025-06-29,In service,20.34
FL00007,2025-06-30,In service,25.23
FL00007,2025-07-01,In service,14.55
FL00007,2025-07-02,In service,15.21
FL00007,2025-07-03,In service,8.82
FL00007,2025-07-04,In service,17.32
FL00007,2025-07-05,Under maintenance,0.0
FL00007,2025-07-06,In service,19.25
FL00007,2025-07-07,In service,8.37
FL00007,2025-07-08,In service,20.3
FL00007,2025-07-09,Under maintenance,0.0
FL00007,2025-07-10,Under maintenance,0.0
FL00007,2025-07-11,In service,19.22
FL00007,2025-07-12,In service,12.36
FL00007,2025-07-13,In service,14.5
FL00007,2025-07-14,In service,15.62
FL00007,2025-07-15,In service,19.02
FL00007,2025-07-16,In service,17.73
FL00007,2025-07-17,In service,9.94
FL00007,2025-07-18,In service,9.71
FL00007,2025-07-19,In service,16.25
FL00007,2025-07-20,In service,2.37
FL00007,2025-07-21,In service,3.29
FL00007,2025-07-22,In service,12.03
FL00007,2025-07-23,In service,7.19
FL00007,2025-07-24,Under maintenance,0.0
FL00007,2025-07-25,In service,15.83
FL00007,2025-07-26,In service,14.42
FL00007,2025-07-27,In service,18.18
FL00007,2025-07-28,In service,18.4
FL00007,2025-07-29,Under maintenance,0.0
FL00007,2025-07-30,In service,23.17
FL00007,2025-07-31,In service,21.6
FL00007,2025-08-01,In service,18.81
FL00007,2025-08-02,In service,6.19
FL00007,2025-08-03,In service,9.19
FL00007,2025-08-04,In service,28.19
FL00007,2025-08-05,In service,15.05
FL00007,2025-08-06,Under maintenance,0.0
FL00007,2025-08-07,In service,16.92
FL00007,2025-08-08,In service,14.45
FL00007,2025-08-09,In service,19.07
FL00007,2025-08-10,In service,16.88
FL00007,2025-08-11,In service,7.89
FL00007,2025-08-12,Under maintenance,0.0
FL00007,2025-08-13,In service,9.9
FL00007,2025-08-14,In service,10.24
FL00007,2025-08-15,In service,26.26
FL00007,2025-08-16,In service,11.38
FL00007,2025-08-17,Under maintenance,0.0
FL00007,2025-08-18,In service,20.22
FL00007,2025-08-19,In service,11.3
FL00007,2025-08-20,In service,17.13
FL00007,2025-08-21,In service,22.74
FL00007,2025-08-22,In service,30.19
FL00007,2025-08-23,In service,7.04
FL00007,2025-08-24,Under maintenance,0.0
FL00007,2025-08-25,In service,7.36
FL00007,2025-08-26,Under maintenance,0.0
FL00007,2025-08-27,In service,9.76
FL00007,2025-08-28,In service,20.59
FL00007,2025-08-29,In service,9.16
FL00007,2025-08-30,In service,2.64
FL00007,2025-08-31,In service,13.61
FL00008,2025-06-01,Under maintenance,0.0
FL00008,2025-06-02,In service,9.58
FL00008,2025-06-03,In service,15.84
FL00008,2025-06-04,In service,8.48
FL00008,2025-06-05,In service,11.1
FL00008,2025-06-06,In service,11.83
FL00008,2025-06-07,In service,10.9
FL00008,2025-06-08,In service,14.1
FL00008,2025-06-09,In service,17.65
FL00008,2025-06-10,In service,18.76
FL00008,2025-06-11,In service,31.73
FL00008,2025-06-12,In service,23.72
FL00008,2025-06-13,In service,15.83
FL00008,2025-06-14,Under maintenance,0.0
FL00008,2025-06-15,In service,18.3
FL00008,2025-06-16,In service,17.16
FL00008,2025-06-17,In service,14.29
FL00008,2025-06-18,Under maintenance,0.0
FL00008,2025-06-19,Under maintenance,0.0
FL00008,2025-06-20,In service,22.23
FL00008,2025-06-21,In service,21.16
FL00008,2025-06-22,In service,19.32
FL00008,2025-06-23,In service,17.53
FL00008,2025-06-24,Under maintenance,0.0
FL00008,2025-06-25,In service,11.57
FL00008,2025-06-26,In service,14.18
FL00008,2025-06-27,In service,16.33
FL00008,2025-06-28,Under maintenance,0.0
FL00008,2025-06-29,In service,10.27
FL00008,2025-06-30,Under maintenance,0.0
FL00008,2025-07-01,In service,15.81
FL00008,2025-07-02,In service,16.67
FL00008,2025-07-03,In service,12.75
FL00008,2025-07-04,Under maintenance,0.0
FL00008,2025-07-05,Under maintenance,0.0
FL00008,2025-07-06,In service,19.56
FL00008,2025-07-07,In service,0.13
FL00008,2025-07-08,In service,14.41
FL00008,2025-07-09,In service,22.23
FL00008,2025-07-10,In service,23.76
FL00008,2025-07-11,In service,13.43
FL00008,2025-07-12,In service,13.98
FL00008,2025-07-13,Under maintenance,0.0
FL00008,2025-07-14,In service,9.52
FL00008,2025-07-15,In service,12.15
FL00008,2025-07-16,In service,10.37
FL00008,2025-07-17,In service,16.38
FL00008,2025-07-18,In service,16.8
FL00008,2025-07-19,In service,21.64
FL00008,2025-07-20,Under maintenance,0.0
FL00008,2025-07-21,Under maintenance,0.0
FL00008,2025-07-22,In service,17.29
FL00008,2025-07-23,In service,20.89
FL00008,2025-07-24,In service,10.86
FL00008,2025-07-25,In service,21.88
FL00008,2025-07-26,In service,10.57
FL00008,2025-07-27,In service,9.32
FL00008,2025-07-28,In service,17.13
FL00008,2025-07-29,Under maintenance,0.0
FL00008,2025-07-30,In service,14.83
FL00008,2025-07-31,In service,14.22
FL00008,2025-08-01,In service,14.88
FL00008,2025-08-02,In service,16.27
FL00008,2025-08-03,In service,9.44
FL00008,2025-08-04,Under maintenance,0.0
FL00008,2025-08-05,In service,19.01
FL00008,2025-08-06,In service,16.22
FL00008,2025-08-07,In service,12.78
FL00008,2025-08-08,Under maintenance,0.0
FL00008,2025-08-09,In service,20.34
FL00008,2025-08-10,In service,16.47
FL00008,2025-08-11,In service,20.61
FL00008,2025-08-12,In service,17.67
FL00008,2025-08-13,In service,14.33
FL00008,2025-08-14,In service,15.6
FL00008,2025-08-15,In service,14.34
FL00008,2025-08-16,Under maintenance,0.0
FL00008,2025-08-17,In service,16.32
FL00008,2025-08-18,In service,25.77
FL00008,2025-08-19,In service,11.98
FL00008,2025-08-20,Under maintenance,0.0
FL00008,2025-08-21,In service,12.22
FL00008,2025-08-22,In service,31.68
FL00008,2025-08-23,In service,18.37
FL00008,2025-08-24,In service,12.85
FL00008,2025-08-25,In service,9.39
FL00008,2025-08-26,In service,16.93
FL00008,2025-08-27,In service,8.37
FL00008,2025-08-28,In service,15.57
FL00008,2025-08-29,In service,13.25
FL00008,2025-08-30,In service,15.61
FL00008,2025-08-31,Under maintenance,0.0
FL00009,2025-06-01,In service,17.33
FL00009,2025-06-02,Under maintenance,0.0
FL00009,2025-06-03,In service,14.58
FL00009,2025-06-04,In service,8.88
FL00009,2025-06-05,In service,11.13
FL00009,2025-06-06,Under maintenance,0.0
FL00009,2025-06-07,In service,16.36
FL00009,2025-06-08,In service,27.57
FL00009,2025-06-09,Under maintenance,0.0
FL00009,2025-06-10,In service,15.61
FL00009,2025-06-11,In service,13.42
FL00009,2025-06-12,In service,13.6
FL00009,2025-06-13,In service,16.15
FL00009,2025-06-14,In service,14.63
FL00009,2025-06-15,In service,22.72
FL00009,2025-06-16,In service,9.29
FL00009,2025-06-17,In service,18.69
FL00009,2025-06-18,In service,19.67
FL00009,2025-06-19,Under maintenance,0.0
FL00009,2025-06-20,In service,23.11
FL00009,2025-06-21,Under maintenance,0.0
FL00009,2025-06-22,In service,12.6
FL00009,2025-06-23,In service,17.46
FL00009,2025-06-24,In service,11.69
FL00009,2025-06-25,Under maintenance,0.0
FL00009,2025-06-26,Under maintenance,0.0
FL00009,2025-06-27,In service,16.49
FL00009,2025-06-28,Under maintenance,0.0
FL00009,2025-06-29,Under maintenance,0.0
FL00009,2025-06-30,In service,13.73
FL00009,2025-07-01,In service,24.59
FL00009,2025-07-02,In service,12.18
FL00009,2025-07-03,In service,7.02
FL00009,2025-07-04,Under maintenance,0.0
FL00009,2025-07-05,In service,20.41
FL00009,2025-07-06,In service,14.88
FL00009,2025-07-07,In service,15.48
FL00009,2025-07-08,Under maintenance,0.0
FL00009,2025-07-09,In service,9.61
FL00009,2025-07-10,In service,14.98
FL00009,2025-07-11,In service,15.2
FL00009,2025-07-12,In service,19.03
FL00009,2025-07-13,In service,14.6
FL00009,2025-07-14,In service,18.63
FL00009,2025-07-15,Under maintenance,0.0
FL00009,2025-07-16,Under maintenance,0.0
FL00009,2025-07-17,In service,4.06
FL00009,2025-07-18,In service,16.59
FL00009,2025-07-19,In service,11.98
FL00009,2025-07-20,In service,15.2
FL00009,2025-07-21,In service,12.42
FL00009,2025-07-22,Under maintenance,0.0
FL00009,2025-07-23,In service,20.09
FL00009,2025-07-24,In service,14.1
FL00009,2025-07-25,In service,16.92
FL00009,2025-07-26,In service,14.17
FL00009,2025-07-27,In service,6.04
FL00009,2025-07-28,In service,12.46
FL00009,2025-07-29,In service,13.42
FL00009,2025-07-30,In service,16.13
FL00009,2025-07-31,Under maintenance,0.0
FL00009,2025-08-01,In service,16.92
FL00009,2025-08-02,Under maintenance,0.0
FL00009,2025-08-03,In service,19.05
FL00009,2025-08-04,In service,13.29
FL00009,2025-08-05,In service,9.11
FL00009,2025-08-06,In service,18.99
FL00009,2025-08-07,In service,15.81
FL00009,2025-08-08,In service,15.9
FL00009,2025-08-09,In service,8.65
FL00009,2025-08-10,In service,21.39
FL00009,2025-08-11,In service,13.7
FL00009,2025-08-12,In service,23.74
FL00009,2025-08-13,In service,15.66
FL00009,2025-08-14,In service,18.64
FL00009,2025-08-15,In service,14.13
FL00009,2025-08-16,In service,9.87
FL00009,2025-08-17,In service,17.9
FL00009,2025-08-18,In service,17.85
FL00009,2025-08-19,In service,5.14
FL00009,2025-08-20,In service,9.44
FL00009,2025-08-21,In service,21.26
FL00009,2025-08-22,In service,13.73
FL00009,2025-08-23,In service,19.27
FL00009,2025-08-24,In service,26.37
FL00009,2025-08-25,In service,18.17
FL00009,2025-08-26,In service,15.74
FL00009,2025-08-27,Under maintenance,0.0
FL00009,2025-08-28,In service,12.41
FL00009,2025-08-29,In service,13.68
FL00009,2025-08-30,In service,23.12
FL00009,2025-08-31,Under maintenance,0.0
FL00010,2025-06-01,In service,11.81
FL00010,2025-06-02,In service,18.09
FL00010,2025-06-03,In service,16.65
FL00010,2025-06-04,In service,14.08
FL00010,2025-06-05,In service,20.08
FL00010,2025-06-06,In service,25.16
FL00010,2025-06-07,In service,18.84
FL00010,2025-06-08,In service,14.02
FL00010,2025-06-09,In service,12.21
FL00010,2025-06-10,Under maintenance,0.0
FL00010,2025-06-11,Under maintenance,0.0
FL00010,2025-06-12,In service,8.95
FL00010,2025-06-13,In service,10.5
FL00010,2025-06-14,In service,24.99
FL00010,2025-06-15,Under maintenance,0.0
FL00010,2025-06-16,In service,19.69
FL00010,2025-06-17,In service,14.58
FL00010,2025-06-18,In service,16.07
FL00010,2025-06-19,In service,13.84
FL00010,2025-06-20,In service,15.61
FL00010,2025-06-21,In service,7.15
FL00010,2025-06-22,In service,14.34
FL00010,2025-06-23,Under maintenance,0.0
FL00010,2025-06-24,In service,17.97
FL00010,2025-06-25,In service,16.39
FL00010,2025-06-26,In service,12.84
FL00010,2025-06-27,In service,13.48
FL00010,2025-06-28,In service,15.47
FL00010,2025-06-29,In service,19.64
FL00010,2025-06-30,In service,16.5
FL00010,2025-07-01,In service,21.37
FL00010,2025-07-02,Under maintenance,0.0
FL00010,2025-07-03,In service,19.29
FL00010,2025-07-04,In service,17.89
FL00010,2025-07-05,In service,18.12
FL00010,2025-07-06,In service,12.73
FL00010,2025-07-07,Under maintenance,0.0
FL00010,2025-07-08,In service,14.12
FL00010,2025-07-09,In service,6.92
FL00010,2025-07-10,In service,21.87
FL00010,2025-07-11,In service,8.84
FL00010,2025-07-12,In service,12.73
FL00010,2025-07-13,In service,16.47
FL00010,2025-07-14,In service,17.62
FL00010,2025-07-15,In service,12.4
FL00010,2025-07-16,Under maintenance,0.0
FL00010,2025-07-17,In service,15.49
FL00010,2025-07-18,In service,22.79
FL00010,2025-07-19,In service,8.09
FL00010,2025-07-20,In service,28.07
FL00010,2025-07-21,In service,23.59
FL00010,2025-07-22,Under maintenance,0.0
FL00010,2025-07-23,In service,13.71
FL00010,2025-07-24,In service,11.77
FL00010,2025-07-25,In service,6.62
FL00010,2025-07-26,In service,12.0
FL00010,2025-07-27,Under maintenance,0.0
FL00010,2025-07-28,In service,17.54
FL00010,2025-07-29,In service,21.65
FL00010,2025-07-30,In service,14.07
FL00010,2025-07-31,In service,19.63
FL00010,2025-08-01,In service,18.63
FL00010,2025-08-02,In service,19.29
FL00010,2025-08-03,In service,15.02
FL00010,2025-08-04,In service,16.38
FL00010,2025-08-05,In service,16.03
FL00010,2025-08-06,In service,18.12
FL00010,2025-08-07,In service,8.3
FL00010,2025-08-08,In service,15.57
FL00010,2025-08-09,Under maintenance,0.0
FL00010,2025-08-10,In service,18.42
FL00010,2025-08-11,In service,21.03
FL00010,2025-08-12,Under maintenance,0.0
FL00010,2025-08-13,Under maintenance,0.0
FL00010,2025-08-14,Under maintenance,0.0
FL00010,2025-08-15,In service,11.11
FL00010,2025-08-16,In service,14.46
FL00010,2025-08-17,Under maintenance,0.0
FL00010,2025-08-18,Under maintenance,0.0
FL00010,2025-08-19,In service,6.46
FL00010,2025-08-20,In service,17.85
FL00010,2025-08-21,In service,9.78
FL00010,2025-08-22,In service,14.05
FL00010,2025-08-23,In service,15.63
FL00010,2025-08-24,Under maintenance,0.0
FL00010,2025-08-25,In service,17.59
FL00010,2025-08-26,In service,22.53
FL00010,2025-08-27,In service,18.73
FL00010,2025-08-28,In service,16.54
FL00010,2025-08-29,In service,13.9
FL00010,2025-08-30,In service,12.69
FL00010,2025-08-31,In service,17.45
FL00011,2025-06-01,In service,25.29
FL00011,2025-06-02,In service,12.85
FL00011,2025-06-03,In service,9.84
FL00011,2025-06-04,In service,19.02
FL00011,2025-06-05,In service,19.14
FL00011,2025-06-06,Under maintenance,0.0
FL00011,2025-06-07,In service,21.71
FL00011,2025-06-08,In service,14.29
FL00011,2025-06-09,In service,15.27
FL00011,2025-06-10,Under maintenance,0.0
FL00011,2025-06-11,In service,9.02
FL00011,2025-06-12,In service,21.7
FL00011,2025-06-13,In service,17.47
FL00011,2025-06-14,In service,17.86
FL00011,2025-06-15,In service,12.33
FL00011,2025-06-16,In service,11.77
FL00011,2025-06-17,In service,24.72
FL00011,2025-06-18,In service,14.2
FL00011,2025-06-19,In service,9.5
FL00011,2025-06-20,In service,18.65
FL00011,2025-06-21,In service,22.78
FL00011,2025-06-22,Under maintenance,0.0
FL00011,2025-06-23,In service,17.77
FL00011,2025-06-24,In service,9.32
FL00011,2025-06-25,In service,15.23
FL00011,2025-06-26,In service,20.8
FL00011,2025-06-27,Under maintenance,0.0
FL00011,2025-06-28,Under maintenance,0.0
FL00011,2025-06-29,In service,11.52
FL00011,2025-06-30,In service,15.65
FL00011,2025-07-01,In service,16.33
FL00011,2025-07-02,In service,12.22
FL00011,2025-07-03,In service,10.65
FL00011,2025-07-04,In service,14.87
FL00011,2025-07-05,In service,19.31
FL00011,2025-07-06,In service,11.48
FL00011,2025-07-07,In service,13.4
FL00011,2025-07-08,In service,16.04
FL00011,2025-07-09,In service,24.34
FL00011,2025-07-10,In service,17.53
FL00011,2025-07-11,In service,17.37
FL00011,2025-07-12,In service,14.13
FL00011,2025-07-13,In service,24.58
FL00011,2025-07-14,Under maintenance,0.0
FL00011,2025-07-15,Under maintenance,0.0
FL00011,2025-07-16,In service,16.47
FL00011,2025-07-17,In service,16.9
FL00011,2025-07-18,In service,15.52
FL00011,2025-07-19,In service,10.82
FL00011,2025-07-20,In service,15.07
FL00011,2025-07-21,In service,13.23
FL00011,2025-07-22,Under maintenance,0.0
FL00011,2025-07-23,In service,14.95
FL00011,2025-07-24,Under maintenance,0.0
FL00011,2025-07-25,In service,15.55
FL00011,2025-07-26,In service,28.88
FL00011,2025-07-27,In service,11.52
FL00011,2025-07-28,Under maintenance,0.0
FL00011,2025-07-29,In service,14.08
FL00011,2025-07-30,In service,6.82
FL00011,2025-07-31,In service,13.79
FL00011,2025-08-01,In service,12.72
FL00011,2025-08-02,In service,21.56
FL00011,2025-08-03,In service,8.24
FL00011,2025-08-04,In service,23.53
FL00011,2025-08-05,In service,22.61
FL00011,2025-08-06,In service,13.24
FL00011,2025-08-07,In service,24.65
FL00011,2025-08-08,Under maintenance,0.0
FL00011,2025-08-09,In service,8.54
FL00011,2025-08-10,In service,24.35
FL00011,2025-08-11,In service,27.02
FL00011,2025-08-12,In service,11.62
FL00011,2025-08-13,In service,20.38
FL00011,2025-08-14,Under maintenance,0.0
FL00011,2025-08-15,In service,14.58
FL00011,2025-08-16,In service,23.84
FL00011,2025-08-17,In service,20.45
FL00011,2025-08-18,Under maintenance,0.0
FL00011,2025-08-19,In service,18.1
FL00011,2025-08-20,In service,23.14
FL00011,2025-08-21,In service,13.2
FL00011,2025-08-22,In service,16.67
FL00011,2025-08-23,In service,14.36
FL00011,2025-08-24,In service,18.02
FL00011,2025-08-25,In service,23.96
FL00011,2025-08-26,In service,12.43
FL00011,2025-08-27,In service,11.86
FL00011,2025-08-28,In service,21.5
FL00011,2025-08-29,Under maintenance,0.0
FL00011,2025-08-30,In service,15.53
FL00011,2025-08-31,In service,18.99
FL00012,2025-06-01,In service,13.18
FL00012,2025-06-02,Under maintenance,0.0
FL00012,2025-06-03,In service,4.37
FL00012,2025-06-04,In service,22.79
FL00012,2025-06-05,In service,20.43
FL00012,2025-06-06,In service,5.87
FL00012,2025-06-07,In service,12.18
FL00012,2025-06-08,Under maintenance,0.0
FL00012,2025-06-09,In service,24.38
FL00012,2025-06-10,In service,15.03
FL00012,2025-06-11,In service,14.22
FL00012,2025-06-12,In service,8.37
FL00012,2025-06-13,In service,15.03
FL00012,2025-06-14,In service,14.47
FL00012,2025-06-15,In service,16.42
FL00012,2025-06-16,In service,14.33
FL00012,2025-06-17,Under maintenance,0.0
FL00012,2025-06-18,Under maintenance,0.0
FL00012,2025-06-19,In service,14.34
FL00012,2025-06-20,Under maintenance,0.0
FL00012,2025-06-21,In service,16.4
FL00012,2025-06-22,In service,13.01
FL00012,2025-06-23,In service,14.89
FL00012,2025-06-24,In service,4.44
FL00012,2025-06-25,In service,13.01
FL00012,2025-06-26,In service,17.34
FL00012,2025-06-27,In service,10.86
FL00012,2025-06-28,In service,12.73
FL00012,2025-06-29,In service,26.6
FL00012,2025-06-30,In service,6.35
FL00012,2025-07-01,In service,15.57
FL00012,2025-07-02,In service,15.84
FL00012,2025-07-03,In service,13.72
FL00012,2025-07-04,In service,21.39
FL00012,2025-07-05,Under maintenance,0.0
FL00012,2025-07-06,In service,16.89
FL00012,2025-07-07,In service,10.48
FL00012,2025-07-08,In service,17.3
FL00012,2025-07-09,In service,18.87
FL00012,2025-07-10,In service,13.51
FL00012,2025-07-11,Under maintenance,0.0
FL00012,2025-07-12,In service,22.95
FL00012,2025-07-13,In service,25.76
FL00012,2025-07-14,In service,9.87
FL00012,2025-07-15,In service,18.17
FL00012,2025-07-16,In service,21.72
FL00012,2025-07-17,In service,15.49
FL00012,2025-07-18,In service,11.28
FL00012,2025-07-19,In service,11.37
FL00012,2025-07-20,In service,24.5
FL00012,2025-07-21,Under maintenance,0.0
FL00012,2025-07-22,In service,12.51
FL00012,2025-07-23,In service,19.94
FL00012,2025-07-24,Under maintenance,0.0
FL00012,2025-07-25,In service,18.3
FL00012,2025-07-26,In service,10.38
FL00012,2025-07-27,In service,20.02
FL00012,2025-07-28,In service,12.62
FL00012,2025-07-29,In service,6.37
FL00012,2025-07-30,In service,6.47
FL00012,2025-07-31,In service,15.68
FL00012,2025-08-01,In service,17.77
FL00012,2025-08-02,In service,9.43
FL00012,2025-08-03,In service,17.47
FL00012,2025-08-04,In service,13.7
FL00012,2025-08-05,Under maintenance,0.0
FL00012,2025-08-06,In service,9.99
FL00012,2025-08-07,In service,11.05
FL00012,2025-08-08,In service,16.39
FL00012,2025-08-09,In service,23.72
FL00012,2025-08-10,In service,17.93
FL00012,2025-08-11,In service,2.46
FL00012,2025-08-12,In service,11.17
FL00012,2025-08-13,In service,11.94
FL00012,2025-08-14,In service,17.02
FL00012,2025-08-15,In service,8.95
FL00012,2025-08-16,In service,9.35
FL00012,2025-08-17,In service,14.58
FL00012,2025-08-18,In service,19.21
FL00012,2025-08-19,In service,19.6
FL00012,2025-08-20,In service,16.39
FL00012,2025-08-21,Under maintenance,0.0
FL00012,2025-08-22,In service,20.45
FL00012,2025-08-23,In service,21.63
FL00012,2025-08-24,In service,16.62
FL00012,2025-08-25,In service,21.13
FL00012,2025-08-26,Under maintenance,0.0
FL00012,2025-08-27,Under maintenance,0.0
FL00012,2025-08-28,Under maintenance,0.0
FL00012,2025-08-29,In service,14.69
FL00012,2025-08-30,In service,13.97
FL00012,2025-08-31,Under maintenance,0.0
FL00013,2025-06-01,Under maintenance,0.0
FL00013,2025-06-02,In service,25.99
FL00013,2025-06-03,In service,18.57
FL00013,2025-06-04,In service,13.41
FL00013,2025-06-05,In service,8.95
FL00013,2025-06-06,In service,16.4
FL00013,2025-06-07,In service,18.49
FL00013,2025-06-08,In service,13.35
FL00013,2025-06-09,In service,17.35
FL00013,2025-06-10,In service,22.05
FL00013,2025-06-11,In service,11.5
FL00013,2025-06-12,In service,13.14
FL00013,2025-06-13,In service,7.95
FL00013,2025-06-14,In service,22.33
FL00013,2025-06-15,In service,3.21
FL00013,2025-06-16,In service,14.07
FL00013,2025-06-17,In service,24.4
FL00013,2025-06-18,In service,4.28
FL00013,2025-06-19,In service,17.63
FL00013,2025-06-20,Under maintenance,0.0
FL00013,2025-06-21,In service,18.94
FL00013,2025-06-22,Under maintenance,0.0
FL00013,2025-06-23,In service,10.54
FL00013,2025-06-24,In service,22.0
FL00013,2025-06-25,Under maintenance,0.0
FL00013,2025-06-26,In service,9.15
FL00013,2025-06-27,Under maintenance,0.0
FL00013,2025-06-28,In service,23.97
FL00013,2025-06-29,In service,23.72
FL00013,2025-06-30,In service,10.07
FL00013,2025-07-01,In service,11.75
FL00013,2025-07-02,In service,18.5
FL00013,2025-07-03,In service,19.8
FL00013,2025-07-04,In service,12.06
FL00013,2025-07-05,In service,14.79
FL00013,2025-07-06,In service,17.74
FL00013,2025-07-07,In service,12.51
FL00013,2025-07-08,Under maintenance,0.0
FL00013,2025-07-09,In service,15.91
FL00013,2025-07-10,In service,22.29
FL00013,2025-07-11,In service,16.47
FL00013,2025-07-12,In service,11.96
FL00013,2025-07-13,In service,15.71
FL00013,2025-07-14,In service,19.95
FL00013,2025-07-15,In service,18.6
FL00013,2025-07-16,In service,18.94
FL00013,2025-07-17,In service,9.45
FL00013,2025-07-18,In service,19.31
FL00013,2025-07-19,In service,17.14
FL00013,2025-07-20,In service,19.55
FL00013,2025-07-21,In service,16.81
FL00013,2025-07-22,In service,15.25
FL00013,2025-07-23,In service,21.56
FL00013,2025-07-24,In service,18.32
FL00013,2025-07-25,In service,10.16
FL00013,2025-07-26,In service,16.56
FL00013,2025-07-27,Under maintenance,0.0
FL00013,2025-07-28,In service,14.36
FL00013,2025-07-29,Under maintenance,0.0
FL00013,2025-07-30,In service,14.36
FL00013,2025-07-31,In service,19.6
FL00013,2025-08-01,Under maintenance,0.0
FL00013,2025-08-02,Under maintenance,0.0
FL00013,2025-08-03,In service,12.2
FL00013,2025-08-04,In service,11.89
FL00013,2025-08-05,Under maintenance,0.0
FL00013,2025-08-06,In service,13.27
FL00013,2025-08-07,In service,20.26
FL00013,2025-08-08,Under maintenance,0.0
FL00013,2025-08-09,In service,21.86
FL00013,2025-08-10,In service,13.38
FL00013,2025-08-11,In service,10.79
FL00013,2025-08-12,Under maintenance,0.0
FL00013,2025-08-13,In service,17.85
FL00013,2025-08-14,Under maintenance,0.0
FL00013,2025-08-15,In service,11.44
FL00013,2025-08-16,In service,20.95
FL00013,2025-08-17,In service,17.84
FL00013,2025-08-18,Under maintenance,0.0
FL00013,2025-08-19,In service,24.01
FL00013,2025-08-20,In service,12.87
FL00013,2025-08-21,In service,18.27
FL00013,2025-08-22,In service,9.14
FL00013,2025-08-23,In service,10.43
FL00013,2025-08-24,In service,17.69
FL00013,2025-08-25,In service,16.81
FL00013,2025-08-26,In service,20.01
FL00013,2025-08-27,Under maintenance,0.0
FL00013,2025-08-28,In service,8.52
FL00013,2025-08-29,In service,12.55
FL00013,2025-08-30,In service,15.57
FL00013,2025-08-31,In service,15.62
FL00014,2025-06-01,Under maintenance,0.0
FL00014,2025-06-02,Under maintenance,0.0
FL00014,2025-06-03,In service,11.25
FL00014,2025-06-04,In service,16.9
FL00014,2025-06-05,Under maintenance,0.0
FL00014,2025-06-06,In service,18.42
FL00014,2025-06-07,In service,9.21
FL00014,2025-06-08,In service,15.54
FL00014,2025-06-09,In service,17.55
FL00014,2025-06-10,In service,18.72
FL00014,2025-06-11,In service,15.22
FL00014,2025-06-12,In service,13.24
FL00014,2025-06-13,In service,21.02
FL00014,2025-06-14,In service,14.04
FL00014,2025-06-15,In service,19.25
FL00014,2025-06-16,In service,20.6
FL00014,2025-06-17,In service,17.25
FL00014,2025-06-18,Under maintenance,0.0
FL00014,2025-06-19,In service,12.68
FL00014,2025-06-20,In service,14.57
FL00014,2025-06-21,In service,18.66
FL00014,2025-06-22,In service,8.32
FL00014,2025-06-23,In service,31.61
FL00014,2025-06-24,In service,20.29
FL00014,2025-06-25,In service,20.26
FL00014,2025-06-26,In service,15.8
FL00014,2025-06-27,In service,22.94
FL00014,2025-06-28,In service,15.09
FL00014,2025-06-29,In service,13.37
FL00014,2025-06-30,Under maintenance,0.0
FL00014,2025-07-01,Under maintenance,0.0
FL00014,2025-07-02,Under maintenance,0.0
FL00014,2025-07-03,Under maintenance,0.0
FL00014,2025-07-04,In service,19.26
FL00014,2025-07-05,In service,12.93
FL00014,2025-07-06,In service,16.44
FL00014,2025-07-07,In service,8.1
FL00014,2025-07-08,In service,21.28
FL00014,2025-07-09,In service,15.34
FL00014,2025-07-10,Under maintenance,0.0
FL00014,2025-07-11,In service,17.37
FL00014,2025-07-12,In service,9.98
FL00014,2025-07-13,In service,19.28
FL00014,2025-07-14,Under maintenance,0.0
FL00014,2025-07-15,In service,19.85
FL00014,2025-07-16,In service,11.12
FL00014,2025-07-17,In service,16.64
FL00014,2025-07-18,In service,11.49
FL00014,2025-07-19,In service,14.8
FL00014,2025-07-20,In service,23.66
FL00014,2025-07-21,In service,20.06
FL00014,2025-07-22,In service,12.5
FL00014,2025-07-23,Under maintenance,0.0
FL00014,2025-07-24,In service,14.02
FL00014,2025-07-25,In service,17.14
FL00014,2025-07-26,In service,15.61
FL00014,2025-07-27,In service,11.81
FL00014,2025-07-28,In service,12.6
FL00014,2025-07-29,In service,18.76
FL00014,2025-07-30,In service,25.48
FL00014,2025-07-31,In service,11.81
FL00014,2025-08-01,Under maintenance,0.0
FL00014,2025-08-02,In service,9.45
FL00014,2025-08-03,In service,6.47
FL00014,2025-08-04,Under maintenance,0.0
FL00014,2025-08-05,In service,7.43
FL00014,2025-08-06,In service,6.1
FL00014,2025-08-07,In service,13.93
FL00014,2025-08-08,Under maintenance,0.0
FL00014,2025-08-09,Under maintenance,0.0
FL00014,2025-08-10,In service,10.02
FL00014,2025-08-11,Under maintenance,0.0
FL00014,2025-08-12,In service,3.85
FL00014,2025-08-13,In service,16.29
FL00014,2025-08-14,In service,13.92
FL00014,2025-08-15,Under maintenance,0.0
FL00014,2025-08-16,In service,4.22
FL00014,2025-08-17,Under maintenance,0.0
FL00014,2025-08-18,In service,9.43
FL00014,2025-08-19,In service,13.59
FL00014,2025-08-20,In service,18.54
FL00014,2025-08-21,In service,19.78
FL00014,2025-08-22,In service,12.37
FL00014,2025-08-23,In service,12.94
FL00014,2025-08-24,Under maintenance,0.0
FL00014,2025-08-25,In service,8.75
FL00014,2025-08-26,In service,12.76
FL00014,2025-08-27,In service,14.35
FL00014,2025-08-28,In service,20.62
FL00014,2025-08-29,In service,18.84
FL00014,2025-08-30,In service,13.22
FL00014,2025-08-31,In service,16.74
FL00015,2025-06-01,In service,25.84
FL00015,2025-06-02,In service,16.66
FL00015,2025-06-03,In service,10.84
FL00015,2025-06-04,In service,13.77
FL00015,2025-06-05,Under maintenance,0.0
FL00015,2025-06-06,In service,17.03
FL00015,2025-06-07,Under maintenance,0.0
FL00015,2025-06-08,In service,19.57
FL00015,2025-06-09,In service,15.69
FL00015,2025-06-10,In service,18.16
FL00015,2025-06-11,In service,22.61
FL00015,2025-06-12,In service,10.86
FL00015,2025-06-13,Under maintenance,0.0
FL00015,2025-06-14,In service,18.4
FL00015,2025-06-15,In service,18.2
FL00015,2025-06-16,In service,14.46
FL00015,2025-06-17,Under maintenance,0.0
FL00015,2025-06-18,In service,18.23
FL00015,2025-06-19,In service,23.62
FL00015,2025-06-20,In service,13.53
FL00015,2025-06-21,In service,10.46
FL00015,2025-06-22,In service,22.84
FL00015,2025-06-23,In service,25.67
FL00015,2025-06-24,In service,15.26
FL00015,2025-06-25,In service,18.19
FL00015,2025-06-26,In service,21.13
FL00015,2025-06-27,In service,21.88
FL00015,2025-06-28,In service,14.69
FL00015,2025-06-29,In service,21.95
FL00015,2025-06-30,In service,25.1
FL00015,2025-07-01,In service,9.57
FL00015,2025-07-02,Under maintenance,0.0
FL00015,2025-07-03,In service,20.93
FL00015,2025-07-04,In service,15.42
FL00015,2025-07-05,In service,17.68
FL00015,2025-07-06,In service,19.87
FL00015,2025-07-07,Under maintenance,0.0
FL00015,2025-07-08,In service,22.2
FL00015,2025-07-09,In service,19.98
FL00015,2025-07-10,In service,18.38
FL00015,2025-07-11,In service,17.26
FL00015,2025-07-12,In service,17.76
FL00015,2025-07-13,Under maintenance,0.0
FL00015,2025-07-14,In service,8.45
FL00015,2025-07-15,In service,22.97
FL00015,2025-07-16,In service,19.83
FL00015,2025-07-17,In service,21.35
FL00015,2025-07-18,In service,12.76
FL00015,2025-07-19,In service,16.66
FL00015,2025-07-20,In service,21.14
FL00015,2025-07-21,Under maintenance,0.0
FL00015,2025-07-22,In service,18.7
FL00015,2025-07-23,Under maintenance,0.0
FL00015,2025-07-24,In service,9.43
FL00015,2025-07-25,In service,22.14
FL00015,2025-07-26,Under maintenance,0.0
FL00015,2025-07-27,In service,23.67
FL00015,2025-07-28,In service,19.79
FL00015,2025-07-29,In service,7.38
FL00015,2025-07-30,In service,19.54
FL00015,2025-07-31,In service,17.46
FL00015,2025-08-01,In service,19.79
FL00015,2025-08-02,In service,14.91
FL00015,2025-08-03,In service,23.05
FL00015,2025-08-04,Under maintenance,0.0
FL00015,2025-08-05,In service,9.62
FL00015,2025-08-06,In service,17.76
FL00015,2025-08-07,In service,22.33
FL00015,2025-08-08,In service,17.01
FL00015,2025-08-09,In service,15.08
FL00015,2025-08-10,In service,19.36
FL00015,2025-08-11,In service,17.62
FL00015,2025-08-12,In service,31.68
FL00015,2025-08-13,In service,15.45
FL00015,2025-08-14,In service,27.56
FL00015,2025-08-15,In service,11.85
FL00015,2025-08-16,In service,17.23
FL00015,2025-08-17,In service,7.11
FL00015,2025-08-18,In service,8.48
FL00015,2025-08-19,In service,13.26
FL00015,2025-08-20,In service,14.26
FL00015,2025-08-21,Under maintenance,0.0
FL00015,2025-08-22,In service,12.65
FL00015,2025-08-23,Under maintenance,0.0
FL00015,2025-08-24,In service,22.93
FL00015,2025-08-25,In service,14.58
FL00015,2025-08-26,In service,16.03
FL00015,2025-08-27,In service,18.32
FL00015,2025-08-28,In service,9.82
FL00015,2025-08-29,Under maintenance,0.0
FL00015,2025-08-30,In service,15.24
FL00015,2025-08-31,In service,10.54
FL00016,2025-06-01,In service,11.98
FL00016,2025-06-02,In service,8.33
FL00016,2025-06-03,In service,13.03
FL00016,2025-06-04,Under maintenance,0.0
FL00016,2025-06-05,In service,13.83
FL00016,2025-06-06,In service,8.52
FL00016,2025-06-07,Under maintenance,0.0
FL00016,2025-06-08,In service,13.98
FL00016,2025-06-09,In service,20.28
FL00016,2025-06-10,In service,19.68
FL00016,2025-06-11,In service,14.36
FL00016,2025-06-12,In service,15.55
FL00016,2025-06-13,In service,14.38
FL00016,2025-06-14,In service,15.14
FL00016,2025-06-15,In service,21.09
FL00016,2025-06-16,In service,13.85
FL00016,2025-06-17,In service,12.81
FL00016,2025-06-18,In service,15.52
FL00016,2025-06-19,In service,26.11
FL00016,2025-06-20,Under maintenance,0.0
FL00016,2025-06-21,In service,9.77
FL00016,2025-06-22,In service,10.29
FL00016,2025-06-23,In service,15.52
FL00016,2025-06-24,In service,24.06
FL00016,2025-06-25,In service,23.1
FL00016,2025-06-26,In service,17.35
FL00016,2025-06-27,In service,10.18
FL00016,2025-06-28,In service,23.03
FL00016,2025-06-29,In service,23.34
FL00016,2025-06-30,Under maintenance,0.0
FL00016,2025-07-01,In service,12.02
FL00016,2025-07-02,Under maintenance,0.0
FL00016,2025-07-03,In service,19.92
FL00016,2025-07-04,In service,18.21
FL00016,2025-07-05,Under maintenance,0.0
FL00016,2025-07-06,In service,18.24
FL00016,2025-07-07,Under maintenance,0.0
FL00016,2025-07-08,Under maintenance,0.0
FL00016,2025-07-09,In service,11.14
FL00016,2025-07-10,In service,21.68
FL00016,2025-07-11,In service,11.8
FL00016,2025-07-12,In service,18.12
FL00016,2025-07-13,In service,15.51
FL00016,2025-07-14,Under maintenance,0.0
FL00016,2025-07-15,In service,24.38
FL00016,2025-07-16,In service,18.8
FL00016,2025-07-17,Under maintenance,0.0
FL00016,2025-07-18,In service,15.25
FL00016,2025-07-19,In service,8.41
FL00016,2025-07-20,In service,13.63
FL00016,2025-07-21,In service,15.38
FL00016,2025-07-22,In service,17.46
FL00016,2025-07-23,In service,16.13
FL00016,2025-07-24,Under maintenance,0.0
FL00016,2025-07-25,Under maintenance,0.0
FL00016,2025-07-26,In service,12.7
FL00016,2025-07-27,In service,17.66
FL00016,2025-07-28,In service,25.5
FL00016,2025-07-29,In service,16.25
FL00016,2025-07-30,In service,15.44
FL00016,2025-07-31,In service,21.26
FL00016,2025-08-01,Under maintenance,0.0
FL00016,2025-08-02,In service,17.55
FL00016,2025-08-03,In service,31.94
FL00016,2025-08-04,In service,7.02
FL00016,2025-08-05,In service,22.93
FL00016,2025-08-06,Under maintenance,0.0
FL00016,2025-08-07,In service,14.2
FL00016,2025-08-08,In service,20.67
FL00016,2025-08-09,Under maintenance,0.0
FL00016,2025-08-10,In service,23.55
FL00016,2025-08-11,In service,17.91
FL00016,2025-08-12,In service,22.72
FL00016,2025-08-13,Under maintenance,0.0
FL00016,2025-08-14,In service,19.26
FL00016,2025-08-15,In service,15.72
FL00016,2025-08-16,In service,15.04
FL00016,2025-08-17,In service,15.33
FL00016,2025-08-18,In service,15.67
FL00016,2025-08-19,In service,15.52
FL00016,2025-08-20,In service,15.09
FL00016,2025-08-21,Under maintenance,0.0
FL00016,2025-08-22,Under maintenance,0.0
FL00016,2025-08-23,Under maintenance,0.0
FL00016,2025-08-24,In service,14.45
FL00016,2025-08-25,In service,15.14
FL00016,2025-08-26,In service,8.07
FL00016,2025-08-27,In service,17.78
FL00016,2025-08-28,Under maintenance,0.0
FL00016,2025-08-29,In service,17.27
FL00016,2025-08-30,Under maintenance,0.0
FL00016,2025-08-31,In service,21.97
FL00017,2025-06-01,In service,15.19
FL00017,2025-06-02,In service,17.21
FL00017,2025-06-03,In service,24.91
FL00017,2025-06-04,In service,17.5
FL00017,2025-06-05,In service,9.43
FL00017,2025-06-06,Under maintenance,0.0
FL00017,2025-06-07,In service,20.77
FL00017,2025-06-08,In service,10.31
FL00017,2025-06-09,In service,21.46
FL00017,2025-06-10,In service,15.56
FL00017,2025-06-11,In service,18.33
FL00017,2025-06-12,In service,16.63
FL00017,2025-06-13,Under maintenance,0.0
FL00017,2025-06-14,In service,9.92
FL00017,2025-06-15,In service,17.01
FL00017,2025-06-16,In service,18.09
FL00017,2025-06-17,In service,15.51
FL00017,2025-06-18,In service,12.75
FL00017,2025-06-19,In service,9.24
FL00017,2025-06-20,In service,21.75
FL00017,2025-06-21,In service,18.35
FL00017,2025-06-22,In service,21.51
FL00017,2025-06-23,In service,16.9
FL00017,2025-06-24,In service,23.0
FL00017,2025-06-25,In service,18.94
FL00017,2025-06-26,In service,13.44
FL00017,2025-06-27,In service,12.4
FL00017,2025-06-28,In service,13.18
FL00017,2025-06-29,In service,17.52
FL00017,2025-06-30,In service,17.16
FL00017,2025-07-01,In service,14.55
FL00017,2025-07-02,Under maintenance,0.0
FL00017,2025-07-03,In service,11.36
FL00017,2025-07-04,In service,19.33
FL00017,2025-07-05,In service,17.47
FL00017,2025-07-06,In service,13.95
FL00017,2025-07-07,In service,11.25
FL00017,2025-07-08,Under maintenance,0.0
FL00017,2025-07-09,In service,16.79
FL00017,2025-07-10,In service,10.91
FL00017,2025-07-11,In service,11.66
FL00017,2025-07-12,In service,12.19
FL00017,2025-07-13,In service,8.02
FL00017,2025-07-14,Under maintenance,0.0
FL00017,2025-07-15,In service,17.42
FL00017,2025-07-16,In service,11.2
FL00017,2025-07-17,In service,17.31
FL00017,2025-07-18,Under maintenance,0.0
FL00017,2025-07-19,In service,22.07
FL00017,2025-07-20,In service,25.54
FL00017,2025-07-21,In service,17.92
FL00017,2025-07-22,In service,15.33
FL00017,2025-07-23,In service,16.49
FL00017,2025-07-24,In service,18.11
FL00017,2025-07-25,Under maintenance,0.0
FL00017,2025-07-26,In service,18.56
FL00017,2025-07-27,In service,11.83
FL00017,2025-07-28,Under maintenance,0.0
FL00017,2025-07-29,Under maintenance,0.0
FL00017,2025-07-30,Under maintenance,0.0
FL00017,2025-07-31,In service,21.6
FL00017,2025-08-01,Under maintenance,0.0
FL00017,2025-08-02,In service,19.24
FL00017,2025-08-03,In service,13.8
FL00017,2025-08-04,In service,20.26
FL00017,2025-08-05,In service,23.63
FL00017,2025-08-06,In service,12.79
FL00017,2025-08-07,In service,21.64
FL00017,2025-08-08,In service,11.9
FL00017,2025-08-09,In service,21.41
FL00017,2025-08-10,In service,22.44
FL00017,2025-08-11,In service,21.09
FL00017,2025-08-12,In service,6.01
FL00017,2025-08-13,Under maintenance,0.0
FL00017,2025-08-14,Under maintenance,0.0
FL00017,2025-08-15,In service,19.62
FL00017,2025-08-16,In service,16.56
FL00017,2025-08-17,In service,16.24
FL00017,2025-08-18,Under maintenance,0.0
FL00017,2025-08-19,In service,11.77
FL00017,2025-08-20,In service,17.33
FL00017,2025-08-21,In service,18.52
FL00017,2025-08-22,In service,21.87
FL00017,2025-08-23,Under maintenance,0.0
FL00017,2025-08-24,In service,18.57
FL00017,2025-08-25,In service,17.22
FL00017,2025-08-26,In service,14.6
FL00017,2025-08-27,In service,17.46
FL00017,2025-08-28,In service,15.03
FL00017,2025-08-29,In service,22.28
FL00017,2025-08-30,In service,21.89
FL00017,2025-08-31,In service,14.2
FL00018,2025-06-01,In service,24.93
FL00018,2025-06-02,In service,11.56
FL00018,2025-06-03,Under maintenance,0.0
FL00018,2025-06-04,In service,18.73
FL00018,2025-06-05,In service,14.76
FL00018,2025-06-06,In service,16.38
FL00018,2025-06-07,Under maintenance,0.0
FL00018,2025-06-08,In service,15.48
FL00018,2025-06-09,In service,20.7
FL00018,2025-06-10,In service,14.46
FL00018,2025-06-11,In service,18.73
FL00018,2025-06-12,In service,15.25
FL00018,2025-06-13,In service,15.28
FL00018,2025-06-14,In service,17.14
FL00018,2025-06-15,In service,10.53
FL00018,2025-06-16,In service,15.36
FL00018,2025-06-17,In service,8.09
FL00018,2025-06-18,In service,17.66
FL00018,2025-06-19,In service,10.77
FL00018,2025-06-20,Under maintenance,0.0
FL00018,2025-06-21,In service,17.29
FL00018,2025-06-22,In service,18.43
FL00018,2025-06-23,In service,14.7
FL00018,2025-06-24,In service,9.66
FL00018,2025-06-25,Under maintenance,0.0
FL00018,2025-06-26,In service,10.8
FL00018,2025-06-27,In service,19.0
FL00018,2025-06-28,In service,8.25
FL00018,2025-06-29,In service,20.05
FL00018,2025-06-30,In service,8.25
FL00018,2025-07-01,In service,17.9
FL00018,2025-07-02,In service,16.63
FL00018,2025-07-03,In service,2.88
FL00018,2025-07-04,In service,15.91
FL00018,2025-07-05,Under maintenance,0.0
FL00018,2025-07-06,In service,16.31
FL00018,2025-07-07,Under maintenance,0.0
FL00018,2025-07-08,In service,12.36
FL00018,2025-07-09,In service,15.16
FL00018,2025-07-10,In service,22.17
FL00018,2025-07-11,In service,16.51
FL00018,2025-07-12,Under maintenance,0.0
FL00018,2025-07-13,In service,17.0
FL00018,2025-07-14,In service,16.0
FL00018,2025-07-15,Under maintenance,0.0
FL00018,2025-07-16,In service,12.09
FL00018,2025-07-17,In service,15.55
FL00018,2025-07-18,In service,12.29
FL00018,2025-07-19,In service,13.89
FL00018,2025-07-20,In service,21.83
FL00018,2025-07-21,In service,12.18
FL00018,2025-07-22,Under maintenance,0.0
FL00018,2025-07-23,In service,18.43
FL00018,2025-07-24,In service,18.15
FL00018,2025-07-25,In service,22.91
FL00018,2025-07-26,In service,19.85
FL00018,2025-07-27,In service,28.75
FL00018,2025-07-28,In service,12.19
FL00018,2025-07-29,In service,15.09
FL00018,2025-07-30,In service,20.65
FL00018,2025-07-31,In service,16.93
FL00018,2025-08-01,Under maintenance,0.0
FL00018,2025-08-02,In service,11.26
FL00018,2025-08-03,In service,21.35
FL00018,2025-08-04,In service,12.62
FL00018,2025-08-05,In service,18.3
FL00018,2025-08-06,In service,16.94
FL00018,2025-08-07,Under maintenance,0.0
FL00018,2025-08-08,In service,12.59
FL00018,2025-08-09,In service,16.67
FL00018,2025-08-10,In service,18.02
FL00018,2025-08-11,In service,4.51
FL00018,2025-08-12,In service,15.36
FL00018,2025-08-13,In service,12.4
FL00018,2025-08-14,Under maintenance,0.0
FL00018,2025-08-15,In service,15.68
FL00018,2025-08-16,Under maintenance,0.0
FL00018,2025-08-17,In service,16.46
FL00018,2025-08-18,In service,12.25
FL00018,2025-08-19,In service,3.64
FL00018,2025-08-20,In service,7.17
FL00018,2025-08-21,In service,8.55
FL00018,2025-08-22,In service,18.35
FL00018,2025-08-23,In service,15.69
FL00018,2025-08-24,In service,15.19
FL00018,2025-08-25,In service,16.13
FL00018,2025-08-26,In service,18.79
FL00018,2025-08-27,Under maintenance,0.0
FL00018,2025-08-28,Under maintenance,0.0
FL00018,2025-08-29,Under maintenance,0.0
FL00018,2025-08-30,In service,21.78
FL00018,2025-08-31,Under maintenance,0.0
FL00019,2025-06-01,In service,18.16
FL00019,2025-06-02,In service,26.26
FL00019,2025-06-03,In service,19.12
FL00019,2025-06-04,Under maintenance,0.0
FL00019,2025-06-05,In service,11.51
FL00019,2025-06-06,In service,15.9
FL00019,2025-06-07,In service,15.23
FL00019,2025-06-08,In service,18.09
FL00019,2025-06-09,In service,18.32
FL00019,2025-06-10,In service,21.75
FL00019,2025-06-11,In service,16.33
FL00019,2025-06-12,Under maintenance,0.0
FL00019,2025-06-13,Under maintenance,0.0
FL00019,2025-06-14,In service,24.39
FL00019,2025-06-15,In service,11.04
FL00019,2025-06-16,Under maintenance,0.0
FL00019,2025-06-17,In service,13.26
FL00019,2025-06-18,In service,25.6
FL00019,2025-06-19,In service,16.24
FL00019,2025-06-20,In service,13.73
FL00019,2025-06-21,Under maintenance,0.0
FL00019,2025-06-22,In service,21.74
FL00019,2025-06-23,In service,15.37
FL00019,2025-06-24,In service,13.89
FL00019,2025-06-25,In service,11.99
FL00019,2025-06-26,In service,25.71
FL00019,2025-06-27,In service,18.26
FL00019,2025-06-28,In service,10.32
FL00019,2025-06-29,In service,23.79
FL00019,2025-06-30,In service,12.6
FL00019,2025-07-01,Under maintenance,0.0
FL00019,2025-07-02,In service,26.84
FL00019,2025-07-03,Under maintenance,0.0
FL00019,2025-07-04,In service,21.5
FL00019,2025-07-05,In service,17.79
FL00019,2025-07-06,In service,5.36
FL00019,2025-07-07,In service,6.74
FL00019,2025-07-08,In service,20.09
FL00019,2025-07-09,In service,22.35
FL00019,2025-07-10,In service,17.64
FL00019,2025-07-11,Under maintenance,0.0
FL00019,2025-07-12,In service,14.48
FL00019,2025-07-13,In service,29.72
FL00019,2025-07-14,In service,12.53
FL00019,2025-07-15,In service,13.76
FL00019,2025-07-16,In service,14.94
FL00019,2025-07-17,In service,11.88
FL00019,2025-07-18,Under maintenance,0.0
FL00019,2025-07-19,In service,21.27
FL00019,2025-07-20,In service,13.53
FL00019,2025-07-21,In service,15.88
FL00019,2025-07-22,In service,22.08
FL00019,2025-07-23,Under maintenance,0.0
FL00019,2025-07-24,Under maintenance,0.0
FL00019,2025-07-25,In service,13.93
FL00019,2025-07-26,In service,11.74
FL00019,2025-07-27,In service,19.05
FL00019,2025-07-28,Under maintenance,0.0
FL00019,2025-07-29,In service,15.28
FL00019,2025-07-30,In service,9.81
FL00019,2025-07-31,In service,19.28
FL00019,2025-08-01,In service,17.44
FL00019,2025-08-02,In service,18.65
FL00019,2025-08-03,In service,19.24
FL00019,2025-08-04,In service,23.05
FL00019,2025-08-05,In service,15.27
FL00019,2025-08-06,In service,15.75
FL00019,2025-08-07,Under maintenance,0.0
FL00019,2025-08-08,In service,11.48
FL00019,2025-08-09,In service,11.92
FL00019,2025-08-10,In service,13.08
FL00019,2025-08-11,In service,31.2
FL00019,2025-08-12,In service,13.07
FL00019,2025-08-13,In service,18.55
FL00019,2025-08-14,In service,15.0
FL00019,2025-08-15,In service,25.94
FL00019,2025-08-16,In service,17.23
FL00019,2025-08-17,In service,10.39
FL00019,2025-08-18,In service,13.84
FL00019,2025-08-19,In service,28.2
FL00019,2025-08-20,In service,20.28
FL00019,2025-08-21,Under maintenance,0.0
FL00019,2025-08-22,Under maintenance,0.0
FL00019,2025-08-23,In service,15.93
FL00019,2025-08-24,In service,13.41
FL00019,2025-08-25,In service,7.07
FL00019,2025-08-26,In service,22.73
FL00019,2025-08-27,In service,19.09
FL00019,2025-08-28,In service,16.83
FL00019,2025-08-29,In service,23.3
FL00019,2025-08-30,In service,19.74
FL00019,2025-08-31,Under maintenance,0.0
FL00020,2025-06-01,Under maintenance,0.0
FL00020,2025-06-02,In service,19.86
FL00020,2025-06-03,In service,18.37
FL00020,2025-06-04,In service,15.55
FL00020,2025-06-05,In service,11.58
FL00020,2025-06-06,In service,18.8
FL00020,2025-06-07,In service,10.33
FL00020,2025-06-08,In service,17.71
FL00020,2025-06-09,Under maintenance,0.0
FL00020,2025-06-10,In service,13.44
FL00020,2025-06-11,In service,17.1
FL00020,2025-06-12,In service,8.21
FL00020,2025-06-13,In service,19.54
FL00020,2025-06-14,In service,16.35
FL00020,2025-06-15,In service,6.17
FL00020,2025-06-16,In service,15.2
FL00020,2025-06-17,In service,26.89
FL00020,2025-06-18,Under maintenance,0.0
FL00020,2025-06-19,In service,17.01
FL00020,2025-06-20,Under maintenance,0.0
FL00020,2025-06-21,In service,9.63
FL00020,2025-06-22,Under maintenance,0.0
FL00020,2025-06-23,In service,26.93
FL00020,2025-06-24,In service,17.36
FL00020,2025-06-25,In service,25.33
FL00020,2025-06-26,In service,16.32
FL00020,2025-06-27,In service,19.31
FL00020,2025-06-28,Under maintenance,0.0
FL00020,2025-06-29,In service,21.17
FL00020,2025-06-30,In service,17.54
FL00020,2025-07-01,In service,13.87
FL00020,2025-07-02,Under maintenance,0.0
FL00020,2025-07-03,In service,17.03
FL00020,2025-07-04,Under maintenance,0.0
FL00020,2025-07-05,In service,17.5
FL00020,2025-07-06,In service,21.49
FL00020,2025-07-07,In service,11.67
FL00020,2025-07-08,Under maintenance,0.0
FL00020,2025-07-09,In service,12.47
FL00020,2025-07-10,In service,14.96
FL00020,2025-07-11,In service,16.4
FL00020,2025-07-12,Under maintenance,0.0
FL00020,2025-07-13,In service,21.07
FL00020,2025-07-14,In service,20.42
FL00020,2025-07-15,In service,18.59
FL00020,2025-07-16,Under maintenance,0.0
FL00020,2025-07-17,In service,11.22
FL00020,2025-07-18,In service,22.58
FL00020,2025-07-19,In service,20.53
FL00020,2025-07-20,In service,14.74
FL00020,2025-07-21,In service,16.37
FL00020,2025-07-22,In service,13.07
FL00020,2025-07-23,In service,22.66
FL00020,2025-07-24,In service,17.45
FL00020,2025-07-25,Under maintenance,0.0
FL00020,2025-07-26,In service,14.25
FL00020,2025-07-27,In service,10.57
FL00020,2025-07-28,Under maintenance,0.0
FL00020,2025-07-29,Under maintenance,0.0
FL00020,2025-07-30,In service,23.61
FL00020,2025-07-31,In service,18.19
FL00020,2025-08-01,In service,20.3
FL00020,2025-08-02,Under maintenance,0.0
FL00020,2025-08-03,In service,17.78
FL00020,2025-08-04,In service,17.79
FL00020,2025-08-05,In service,21.12
FL00020,2025-08-06,In service,24.94
FL00020,2025-08-07,In service,23.09
FL00020,2025-08-08,Under maintenance,0.0
FL00020,2025-08-09,In service,21.83
FL00020,2025-08-10,In service,7.0
FL00020,2025-08-11,Under maintenance,0.0
FL00020,2025-08-12,In service,21.26
FL00020,2025-08-13,In service,15.58
FL00020,2025-08-14,Under maintenance,0.0
FL00020,2025-08-15,In service,16.09
FL00020,2025-08-16,In service,13.15
FL00020,2025-08-17,In service,17.42
FL00020,2025-08-18,In service,18.06
FL00020,2025-08-19,In service,17.22
FL00020,2025-08-20,In service,16.92
FL00020,2025-08-21,Under maintenance,0.0
FL00020,2025-08-22,In service,12.82
FL00020,2025-08-23,In service,13.47
FL00020,2025-08-24,In service,20.91
FL00020,2025-08-25,In service,11.64
FL00020,2025-08-26,In service,10.13
FL00020,2025-08-27,In service,13.48
FL00020,2025-08-28,In service,19.17
FL00020,2025-08-29,In service,15.6
FL00020,2025-08-30,In service,21.81
FL00020,2025-08-31,In service,18.13
FL00021,2025-06-01,In service,12.14
FL00021,2025-06-02,Under maintenance,0.0
FL00021,2025-06-03,In service,15.44
FL00021,2025-06-04,In service,17.58
FL00021,2025-06-05,In service,27.77
FL00021,2025-06-06,In service,20.89
FL00021,2025-06-07,In service,16.39
FL00021,2025-06-08,In service,14.88
FL00021,2025-06-09,Under maintenance,0.0
FL00021,2025-06-10,In service,14.49
FL00021,2025-06-11,In service,22.41
FL00021,2025-06-12,Under maintenance,0.0
FL00021,2025-06-13,In service,23.33
FL00021,2025-06-14,In service,21.56
FL00021,2025-06-15,In service,14.53
FL00021,2025-06-16,In service,20.84
FL00021,2025-06-17,In service,13.19
FL00021,2025-06-18,In service,10.79
FL00021,2025-06-19,In service,18.3
FL00021,2025-06-20,In service,22.25
FL00021,2025-06-21,In service,13.45
FL00021,2025-06-22,Under maintenance,0.0
FL00021,2025-06-23,In service,20.32
FL00021,2025-06-24,In service,17.3
FL00021,2025-06-25,In service,8.12
FL00021,2025-06-26,Under maintenance,0.0
FL00021,2025-06-27,In service,10.13
FL00021,2025-06-28,In service,13.77
FL00021,2025-06-29,In service,11.4
FL00021,2025-06-30,In service,18.82
FL00021,2025-07-01,In service,20.56
FL00021,2025-07-02,In service,9.34
FL00021,2025-07-03,Under maintenance,0.0
FL00021,2025-07-04,In service,1.9
FL00021,2025-07-05,In service,14.04
FL00021,2025-07-06,In service,16.13
FL00021,2025-07-07,In service,17.14
FL00021,2025-07-08,In service,14.0
FL00021,2025-07-09,Under maintenance,0.0
FL00021,2025-07-10,In service,15.74
FL00021,2025-07-11,In service,17.91
FL00021,2025-07-12,In service,17.83
FL00021,2025-07-13,In service,16.81
FL00021,2025-07-14,In service,22.54
FL00021,2025-07-15,In service,23.19
FL00021,2025-07-16,In service,19.7
FL00021,2025-07-17,In service,16.1
FL00021,2025-07-18,Under maintenance,0.0
FL00021,2025-07-19,In service,14.17
FL00021,2025-07-20,Under maintenance,0.0
FL00021,2025-07-21,In service,17.39
FL00021,2025-07-22,In service,6.85
FL00021,2025-07-23,In service,15.99
FL00021,2025-07-24,In service,27.12
FL00021,2025-07-25,In service,11.07
FL00021,2025-07-26,In service,11.72
FL00021,2025-07-27,In service,14.74
FL00021,2025-07-28,In service,12.49
FL00021,2025-07-29,In service,20.06
FL00021,2025-07-30,In service,5.8
FL00021,2025-07-31,In service,13.56
FL00021,2025-08-01,In service,12.23
FL00021,2025-08-02,In service,12.0
FL00021,2025-08-03,Under maintenance,0.0
FL00021,2025-08-04,In service,19.62
FL00021,2025-08-05,In service,10.88
FL00021,2025-08-06,In service,21.9
FL00021,2025-08-07,In service,14.32
FL00021,2025-08-08,In service,21.21
FL00021,2025-08-09,In service,14.74
FL00021,2025-08-10,In service,16.55
FL00021,2025-08-11,In service,15.25
FL00021,2025-08-12,Under maintenance,0.0
FL00021,2025-08-13,In service,11.13
FL00021,2025-08-14,In service,7.16
FL00021,2025-08-15,In service,19.25
FL00021,2025-08-16,In service,9.65
FL00021,2025-08-17,In service,12.89
FL00021,2025-08-18,In service,13.39
FL00021,2025-08-19,Under maintenance,0.0
FL00021,2025-08-20,In service,15.59
FL00021,2025-08-21,In service,17.32
FL00021,2025-08-22,In service,9.81
FL00021,2025-08-23,In service,4.88
FL00021,2025-08-24,Under maintenance,0.0
FL00021,2025-08-25,In service,23.64
FL00021,2025-08-26,In service,21.24
FL00021,2025-08-27,In service,18.81
FL00021,2025-08-28,In service,14.14
FL00021,2025-08-29,In service,4.5
FL00021,2025-08-30,In service,15.08
FL00021,2025-08-31,In service,18.06
FL00022,2025-06-01,In service,1.16
FL00022,2025-06-02,In service,22.75
FL00022,2025-06-03,Under maintenance,0.0
FL00022,2025-06-04,In service,17.73
FL00022,2025-06-05,In service,10.96
FL00022,2025-06-06,In service,11.16
FL00022,2025-06-07,Under maintenance,0.0
FL00022,2025-06-08,In service,14.44
FL00022,2025-06-09,In service,16.19
FL00022,2025-06-10,Under maintenance,0.0
FL00022,2025-06-11,In service,13.55
FL00022,2025-06-12,Under maintenance,0.0
FL00022,2025-06-13,In service,22.83
FL00022,2025-06-14,In service,17.57
FL00022,2025-06-15,In service,25.08
FL00022,2025-06-16,In service,22.74
FL00022,2025-06-17,In service,19.5
FL00022,2025-06-18,In service,21.79
FL00022,2025-06-19,In service,16.35
FL00022,2025-06-20,In service,11.91
FL00022,2025-06-21,In service,28.43
FL00022,2025-06-22,In service,16.68
FL00022,2025-06-23,In service,17.81
FL00022,2025-06-24,In service,9.89
FL00022,2025-06-25,In service,23.19
FL00022,2025-06-26,In service,17.67
FL00022,2025-06-27,Under maintenance,0.0
FL00022,2025-06-28,In service,20.09
FL00022,2025-06-29,In service,19.95
FL00022,2025-06-30,In service,20.17
FL00022,2025-07-01,In service,14.82
FL00022,2025-07-02,In service,6.48
FL00022,2025-07-03,In service,18.7
FL00022,2025-07-04,In service,16.38
FL00022,2025-07-05,In service,21.79
FL00022,2025-07-06,In service,18.2
FL00022,2025-07-07,In service,3.21
FL00022,2025-07-08,In service,13.19
FL00022,2025-07-09,In service,9.51
FL00022,2025-07-10,In service,12.83
FL00022,2025-07-11,In service,21.28
FL00022,2025-07-12,In service,19.84
FL00022,2025-07-13,In service,11.3
FL00022,2025-07-14,In service,13.02
FL00022,2025-07-15,Under maintenance,0.0
FL00022,2025-07-16,In service,19.59
FL00022,2025-07-17,In service,16.85
FL00022,2025-07-18,In service,17.0
FL00022,2025-07-19,In service,23.79
FL00022,2025-07-20,In service,5.03
FL00022,2025-07-21,In service,18.31
FL00022,2025-07-22,In service,13.42
FL00022,2025-07-23,In service,24.78
FL00022,2025-07-24,In service,23.73
FL00022,2025-07-25,In service,24.92
FL00022,2025-07-26,In service,16.37
FL00022,2025-07-27,In service,14.93
FL00022,2025-07-28,In service,20.33
FL00022,2025-07-29,In service,14.23
FL00022,2025-07-30,In service,16.43
FL00022,2025-07-31,In service,7.52
FL00022,2025-08-01,In service,17.84
FL00022,2025-08-02,In service,19.48
FL00022,2025-08-03,In service,23.36
FL00022,2025-08-04,Under maintenance,0.0
FL00022,2025-08-05,In service,11.93
FL00022,2025-08-06,In service,12.79
FL00022,2025-08-07,In service,20.97
FL00022,2025-08-08,In service,19.29
FL00022,2025-08-09,In service,12.32
FL00022,2025-08-10,In service,25.71
FL00022,2025-08-11,In service,17.28
FL00022,2025-08-12,In service,14.24
FL00022,2025-08-13,In service,13.6
FL00022,2025-08-14,In service,12.43
FL00022,2025-08-15,In service,19.34
FL00022,2025-08-16,In service,13.02
FL00022,2025-08-17,In service,16.12
FL00022,2025-08-18,In service,15.92
FL00022,2025-08-19,In service,12.76
FL00022,2025-08-20,In service,12.91
FL00022,2025-08-21,In service,10.27
FL00022,2025-08-22,In service,20.5
FL00022,2025-08-23,In service,18.65
FL00022,2025-08-24,In service,15.89
FL00022,2025-08-25,In service,12.1
FL00022,2025-08-26,In service,19.57
FL00022,2025-08-27,In service,18.95
FL00022,2025-08-28,In service,22.55
FL00022,2025-08-29,In service,19.85
FL00022,2025-08-30,Under maintenance,0.0
FL00022,2025-08-31,Under maintenance,0.0
FL00023,2025-06-01,Under maintenance,0.0
FL00023,2025-06-02,In service,15.83
FL00023,2025-06-03,In service,15.69
FL00023,2025-06-04,In service,17.15
FL00023,2025-06-05,In service,17.89
FL00023,2025-06-06,Under maintenance,0.0
FL00023,2025-06-07,In service,15.01
FL00023,2025-06-08,In service,15.81
FL00023,2025-06-09,In service,11.79
FL00023,2025-06-10,In service,19.59
FL00023,2025-06-11,In service,15.49
FL00023,2025-06-12,In service,14.2
FL00023,2025-06-13,In service,14.76
FL00023,2025-06-14,In service,12.17
FL00023,2025-06-15,Under maintenance,0.0
FL00023,2025-06-16,In service,7.08
FL00023,2025-06-17,In service,14.53
FL00023,2025-06-18,In service,12.75
FL00023,2025-06-19,Under maintenance,0.0
FL00023,2025-06-20,In service,15.19
FL00023,2025-06-21,In service,12.83
FL00023,2025-06-22,In service,12.82
FL00023,2025-06-23,In service,16.87
FL00023,2025-06-24,In service,14.41
FL00023,2025-06-25,Under maintenance,0.0
FL00023,2025-06-26,In service,15.74
FL00023,2025-06-27,In service,14.55
FL00023,2025-06-28,In service,5.89
FL00023,2025-06-29,In service,15.83
FL00023,2025-06-30,Under maintenance,0.0
FL00023,2025-07-01,In service,15.43
FL00023,2025-07-02,In service,20.53
FL00023,2025-07-03,In service,17.05
FL00023,2025-07-04,In service,13.99
FL00023,2025-07-05,In service,19.73
FL00023,2025-07-06,In service,16.56
FL00023,2025-07-07,In service,7.32
FL00023,2025-07-08,In service,19.73
FL00023,2025-07-09,In service,15.82
FL00023,2025-07-10,In service,23.93
FL00023,2025-07-11,In service,20.78
FL00023,2025-07-12,In service,17.44
FL00023,2025-07-13,In service,14.66
FL00023,2025-07-14,In service,16.42
FL00023,2025-07-15,In service,12.05
FL00023,2025-07-16,Under maintenance,0.0
FL00023,2025-07-17,In service,19.73
FL00023,2025-07-18,In service,16.35
FL00023,2025-07-19,In service,8.1
FL00023,2025-07-20,Under maintenance,0.0
FL00023,2025-07-21,In service,24.43
FL00023,2025-07-22,In service,18.49
FL00023,2025-07-23,Under maintenance,0.0
FL00023,2025-07-24,In service,17.37
FL00023,2025-07-25,In service,12.46
FL00023,2025-07-26,Under maintenance,0.0
FL00023,2025-07-27,Under maintenance,0.0
FL00023,2025-07-28,Under maintenance,0.0
FL00023,2025-07-29,In service,4.23
FL00023,2025-07-30,Under maintenance,0.0
FL00023,2025-07-31,Under maintenance,0.0
FL00023,2025-08-01,In service,23.6
FL00023,2025-08-02,In service,16.51
FL00023,2025-08-03,Under maintenance,0.0
FL00023,2025-08-04,In service,20.58
FL00023,2025-08-05,In service,19.35
FL00023,2025-08-06,Under maintenance,0.0
FL00023,2025-08-07,In service,11.44
FL00023,2025-08-08,In service,14.97
FL00023,2025-08-09,In service,15.24
FL00023,2025-08-10,In service,17.28
FL00023,2025-08-11,In service,16.56
FL00023,2025-08-12,In service,16.23
FL00023,2025-08-13,In service,11.72
FL00023,2025-08-14,In service,16.56
FL00023,2025-08-15,In service,19.59
FL00023,2025-08-16,In service,17.45
FL00023,2025-08-17,In service,11.36
FL00023,2025-08-18,In service,16.96
FL00023,2025-08-19,In service,16.65
FL00023,2025-08-20,In service,14.79
FL00023,2025-08-21,In service,17.51
FL00023,2025-08-22,In service,13.44
FL00023,2025-08-23,In service,19.82
FL00023,2025-08-24,In service,25.86
FL00023,2025-08-25,In service,20.27
FL00023,2025-08-26,In service,12.68
FL00023,2025-08-27,In service,19.53
FL00023,2025-08-28,In service,20.8
FL00023,2025-08-29,In service,18.32
FL00023,2025-08-30,In service,18.84
FL00023,2025-08-31,In service,16.1
FL00024,2025-06-01,In service,15.34
FL00024,2025-06-02,In service,13.84
FL00024,2025-06-03,In service,11.7
FL00024,2025-06-04,In service,23.08
FL00024,2025-06-05,In service,16.46
FL00024,2025-06-06,Under maintenance,0.0
FL00024,2025-06-07,Under maintenance,0.0
FL00024,2025-06-08,In service,14.0
FL00024,2025-06-09,In service,19.87
FL00024,2025-06-10,In service,26.1
FL00024,2025-06-11,Under maintenance,0.0
FL00024,2025-06-12,In service,0.02
FL00024,2025-06-13,In service,14.69
FL00024,2025-06-14,In service,14.29
FL00024,2025-06-15,In service,15.85
FL00024,2025-06-16,In service,13.2
FL00024,2025-06-17,In service,20.08
FL00024,2025-06-18,In service,11.49
FL00024,2025-06-19,Under maintenance,0.0
FL00024,2025-06-20,In service,22.5
FL00024,2025-06-21,In service,22.04
FL00024,2025-06-22,In service,17.22
FL00024,2025-06-23,In service,1.23
FL00024,2025-06-24,Under maintenance,0.0
FL00024,2025-06-25,Under maintenance,0.0
FL00024,2025-06-26,In service,13.38
FL00024,2025-06-27,In service,32.43
FL00024,2025-06-28,In service,19.48
FL00024,2025-06-29,In service,12.85
FL00024,2025-06-30,In service,17.74
FL00024,2025-07-01,In service,13.12
FL00024,2025-07-02,In service,17.27
FL00024,2025-07-03,In service,23.77
FL00024,2025-07-04,In service,16.2
FL00024,2025-07-05,In service,18.09
FL00024,2025-07-06,In service,16.41
FL00024,2025-07-07,Under maintenance,0.0
FL00024,2025-07-08,In service,12.28
FL00024,2025-07-09,In service,20.67
FL00024,2025-07-10,Under maintenance,0.0
FL00024,2025-07-11,In service,16.74
FL00024,2025-07-12,In service,12.78
FL00024,2025-07-13,In service,20.4
FL00024,2025-07-14,In service,17.67
FL00024,2025-07-15,In service,22.58
FL00024,2025-07-16,In service,13.15
FL00024,2025-07-17,Under maintenance,0.0
FL00024,2025-07-18,In service,19.17
FL00024,2025-07-19,In service,18.04
FL00024,2025-07-20,In service,9.35
FL00024,2025-07-21,In service,9.71
FL00024,2025-07-22,In service,20.17
FL00024,2025-07-23,In service,17.13
FL00024,2025-07-24,In service,18.49
FL00024,2025-07-25,Under maintenance,0.0
FL00024,2025-07-26,In service,19.49
FL00024,2025-07-27,In service,27.18
FL00024,2025-07-28,In service,20.05
FL00024,2025-07-29,In service,15.58
FL00024,2025-07-30,In service,9.34
FL00024,2025-07-31,In service,13.39
FL00024,2025-08-01,In service,25.6
FL00024,2025-08-02,In service,14.29
FL00024,2025-08-03,In service,15.68
FL00024,2025-08-04,Under maintenance,0.0
FL00024,2025-08-05,In service,13.03
FL00024,2025-08-06,In service,14.12
FL00024,2025-08-07,In service,19.09
FL00024,2025-08-08,In service,7.46
FL00024,2025-08-09,In service,22.05
FL00024,2025-08-10,In service,11.44
FL00024,2025-08-11,In service,18.16
FL00024,2025-08-12,In service,10.82
FL00024,2025-08-13,In service,10.1
FL00024,2025-08-14,In service,17.71
FL00024,2025-08-15,In service,13.41
FL00024,2025-08-16,In service,23.01
FL00024,2025-08-17,In service,13.31
FL00024,2025-08-18,In service,20.12
FL00024,2025-08-19,Under maintenance,0.0
FL00024,2025-08-20,In service,22.47
FL00024,2025-08-21,In service,12.12
FL00024,2025-08-22,In service,14.43
FL00024,2025-08-23,In service,15.77
FL00024,2025-08-24,In service,17.43
FL00024,2025-08-25,In service,11.78
FL00024,2025-08-26,In service,15.61
FL00024,2025-08-27,In service,20.72
FL00024,2025-08-28,In service,26.75
FL00024,2025-08-29,In service,10.98
FL00024,2025-08-30,In service,11.65
FL00024,2025-08-31,Under maintenance,0.0
FL00025,2025-06-01,In service,13.72
FL00025,2025-06-02,In service,19.72
FL00025,2025-06-03,In service,10.42
FL00025,2025-06-04,In service,11.33
FL00025,2025-06-05,In service,19.55
FL00025,2025-06-06,In service,9.95
FL00025,2025-06-07,In service,19.49
FL00025,2025-06-08,In service,3.28
FL00025,2025-06-09,In service,10.94
FL00025,2025-06-10,In service,23.01
FL00025,2025-06-11,In service,14.28
FL00025,2025-06-12,Under maintenance,0.0
FL00025,2025-06-13,In service,15.61
FL00025,2025-06-14,Under maintenance,0.0
FL00025,2025-06-15,In service,17.15
FL00025,2025-06-16,In service,9.37
FL00025,2025-06-17,Under maintenance,0.0
FL00025,2025-06-18,In service,9.29
FL00025,2025-06-19,Under maintenance,0.0
FL00025,2025-06-20,In service,11.61
FL00025,2025-06-21,Under maintenance,0.0
FL00025,2025-06-22,In service,15.61
FL00025,2025-06-23,In service,21.69
FL00025,2025-06-24,Under maintenance,0.0
FL00025,2025-06-25,In service,4.87
FL00025,2025-06-26,In service,17.99
FL00025,2025-06-27,In service,13.63
FL00025,2025-06-28,In service,16.67
FL00025,2025-06-29,In service,6.5
FL00025,2025-06-30,In service,20.84
FL00025,2025-07-01,In service,11.39
FL00025,2025-07-02,In service,15.68
FL00025,2025-07-03,In service,7.39
FL00025,2025-07-04,In service,15.58
FL00025,2025-07-05,In service,22.95
FL00025,2025-07-06,In service,6.2
FL00025,2025-07-07,In service,17.8
FL00025,2025-07-08,In service,12.66
FL00025,2025-07-09,In service,22.16
FL00025,2025-07-10,Under maintenance,0.0
FL00025,2025-07-11,In service,18.21
FL00025,2025-07-12,In service,11.67
FL00025,2025-07-13,Under maintenance,0.0
FL00025,2025-07-14,In service,13.12
FL00025,2025-07-15,In service,15.25
FL00025,2025-07-16,Under maintenance,0.0
FL00025,2025-07-17,In service,19.82
FL00025,2025-07-18,In service,15.78
FL00025,2025-07-19,In service,10.36
FL00025,2025-07-20,In service,27.97
FL00025,2025-07-21,In service,19.61
FL00025,2025-07-22,In service,16.94
FL00025,2025-07-23,In service,21.84
FL00025,2025-07-24,In service,13.55
FL00025,2025-07-25,Under maintenance,0.0
FL00025,2025-07-26,In service,16.47
FL00025,2025-07-27,In service,19.38
FL00025,2025-07-28,In service,13.19
FL00025,2025-07-29,In service,18.38
FL00025,2025-07-30,In service,18.16
FL00025,2025-07-31,In service,19.0
FL00025,2025-08-01,In service,19.12
FL00025,2025-08-02,In service,21.72
FL00025,2025-08-03,Under maintenance,0.0
FL00025,2025-08-04,Under maintenance,0.0
FL00025,2025-08-05,In service,22.95
FL00025,2025-08-06,In service,8.45
FL00025,2025-08-07,In service,12.01
FL00025,2025-08-08,In service,7.71
FL00025,2025-08-09,In service,20.39
FL00025,2025-08-10,In service,12.02
FL00025,2025-08-11,In service,20.3
FL00025,2025-08-12,In service,14.53
FL00025,2025-08-13,In service,15.87
FL00025,2025-08-14,In service,15.04
FL00025,2025-08-15,In service,18.37
FL00025,2025-08-16,In service,18.05
FL00025,2025-08-17,In service,13.18
FL00025,2025-08-18,In service,16.91
FL00025,2025-08-19,In service,16.92
FL00025,2025-08-20,In service,9.01
FL00025,2025-08-21,In service,15.1
FL00025,2025-08-22,In service,23.04
FL00025,2025-08-23,In service,18.96
FL00025,2025-08-24,In service,12.11
FL00025,2025-08-25,In service,18.29
FL00025,2025-08-26,In service,19.86
FL00025,2025-08-27,In service,24.59
FL00025,2025-08-28,In service,17.71
FL00025,2025-08-29,In service,20.69
FL00025,2025-08-30,Under maintenance,0.0
FL00025,2025-08-31,In service,21.51
FL00026,2025-06-01,In service,20.95
FL00026,2025-06-02,In service,9.94
FL00026,2025-06-03,In service,20.29
FL00026,2025-06-04,In service,15.9
FL00026,2025-06-05,Under maintenance,0.0
FL00026,2025-06-06,In service,13.28
FL00026,2025-06-07,In service,18.96
FL00026,2025-06-08,In service,13.01
FL00026,2025-06-09,Under maintenance,0.0
FL00026,2025-06-10,Under maintenance,0.0
FL00026,2025-06-11,Under maintenance,0.0
FL00026,2025-06-12,In service,18.1
FL00026,2025-06-13,In service,15.21
FL00026,2025-06-14,Under maintenance,0.0
FL00026,2025-06-15,In service,11.12
FL00026,2025-06-16,Under maintenance,0.0
FL00026,2025-06-17,In service,15.76
FL00026,2025-06-18,In service,17.4
FL00026,2025-06-19,In service,8.9
FL00026,2025-06-20,In service,12.35
FL00026,2025-06-21,In service,12.96
FL00026,2025-06-22,Under maintenance,0.0
FL00026,2025-06-23,In service,20.12
FL00026,2025-06-24,In service,19.32
FL00026,2025-06-25,In service,24.18
FL00026,2025-06-26,Under maintenance,0.0
FL00026,2025-06-27,In service,12.85
FL00026,2025-06-28,In service,4.37
FL00026,2025-06-29,In service,14.53
FL00026,2025-06-30,In service,20.12
FL00026,2025-07-01,In service,15.2
FL00026,2025-07-02,In service,22.18
FL00026,2025-07-03,Under maintenance,0.0
FL00026,2025-07-04,In service,13.75
FL00026,2025-07-05,Under maintenance,0.0
FL00026,2025-07-06,Under maintenance,0.0
FL00026,2025-07-07,Under maintenance,0.0
FL00026,2025-07-08,In service,6.38
FL00026,2025-07-09,In service,15.3
FL00026,2025-07-10,In service,19.21
FL00026,2025-07-11,In service,11.44
FL00026,2025-07-12,Under maintenance,0.0
FL00026,2025-07-13,In service,16.33
FL00026,2025-07-14,In service,5.83
FL00026,2025-07-15,In service,15.59
FL00026,2025-07-16,In service,20.28
FL00026,2025-07-17,In service,17.23
FL00026,2025-07-18,In service,17.36
FL00026,2025-07-19,In service,15.71
FL00026,2025-07-20,In service,17.47
FL00026,2025-07-21,In service,22.07
FL00026,2025-07-22,In service,18.17
FL00026,2025-07-23,In service,11.51
FL00026,2025-07-24,In service,19.95
FL00026,2025-07-25,In service,14.62
FL00026,2025-07-26,In service,12.61
FL00026,2025-07-27,Under maintenance,0.0
FL00026,2025-07-28,In service,19.65
FL00026,2025-07-29,In service,27.1
FL00026,2025-07-30,In service,20.38
FL00026,2025-07-31,In service,15.42
FL00026,2025-08-01,In service,12.68
FL00026,2025-08-02,In service,24.55
FL00026,2025-08-03,In service,16.44
FL00026,2025-08-04,In service,14.86
FL00026,2025-08-05,Under maintenance,0.0
FL00026,2025-08-06,Under maintenance,0.0
FL00026,2025-08-07,In service,10.67
FL00026,2025-08-08,In service,17.34
FL00026,2025-08-09,In service,19.2
FL00026,2025-08-10,In service,28.62
FL00026,2025-08-11,In service,19.32
FL00026,2025-08-12,In service,20.22
FL00026,2025-08-13,In service,16.6
FL00026,2025-08-14,In service,15.88
FL00026,2025-08-15,In service,17.29
FL00026,2025-08-16,In service,9.66
FL00026,2025-08-17,In service,9.77
FL00026,2025-08-18,In service,15.34
FL00026,2025-08-19,Under maintenance,0.0
FL00026,2025-08-20,In service,10.92
FL00026,2025-08-21,In service,25.75
FL00026,2025-08-22,Under maintenance,0.0
FL00026,2025-08-23,In service,15.48
FL00026,2025-08-24,In service,11.06
FL00026,2025-08-25,In service,18.5
FL00026,2025-08-26,In service,13.59
FL00026,2025-08-27,In service,9.87
FL00026,2025-08-28,In service,13.1
FL00026,2025-08-29,In service,12.91
FL00026,2025-08-30,In service,19.4
FL00026,2025-08-31,In service,11.35
FL00027,2025-06-01,In service,20.85
FL00027,2025-06-02,In service,9.63
FL00027,2025-06-03,In service,14.69
FL00027,2025-06-04,In service,14.28
FL00027,2025-06-05,In service,13.86
FL00027,2025-06-06,Under maintenance,0.0
FL00027,2025-06-07,In service,26.01
FL00027,2025-06-08,In service,21.23
FL00027,2025-06-09,In service,12.19
FL00027,2025-06-10,In service,13.54
FL00027,2025-06-11,Under maintenance,0.0
FL00027,2025-06-12,In service,14.84
FL00027,2025-06-13,In service,16.96
FL00027,2025-06-14,In service,26.66
FL00027,2025-06-15,In service,14.59
FL00027,2025-06-16,In service,10.32
FL00027,2025-06-17,In service,21.62
FL00027,2025-06-18,In service,22.06
FL00027,2025-06-19,In service,15.74
FL00027,2025-06-20,Under maintenance,0.0
FL00027,2025-06-21,In service,11.64
FL00027,2025-06-22,In service,5.39
FL00027,2025-06-23,In service,11.92
FL00027,2025-06-24,Under maintenance,0.0
FL00027,2025-06-25,In service,18.23
FL00027,2025-06-26,In service,12.8
FL00027,2025-06-27,In service,16.71
FL00027,2025-06-28,In service,15.37
FL00027,2025-06-29,In service,24.88
FL00027,2025-06-30,In service,16.16
FL00027,2025-07-01,In service,20.8
FL00027,2025-07-02,In service,14.17
FL00027,2025-07-03,In service,11.71
FL00027,2025-07-04,In service,18.46
FL00027,2025-07-05,In service,12.47
FL00027,2025-07-06,In service,19.78
FL00027,2025-07-07,In service,10.11
FL00027,2025-07-08,In service,17.76
FL00027,2025-07-09,In service,16.03
FL00027,2025-07-10,In service,23.64
FL00027,2025-07-11,In service,18.28
FL00027,2025-07-12,In service,15.45
FL00027,2025-07-13,In service,20.2
FL00027,2025-07-14,In service,4.96
FL00027,2025-07-15,In service,18.92
FL00027,2025-07-16,In service,19.38
FL00027,2025-07-17,Under maintenance,0.0
FL00027,2025-07-18,In service,11.44
FL00027,2025-07-19,Under maintenance,0.0
FL00027,2025-07-20,In service,11.42
FL00027,2025-07-21,Under maintenance,0.0
FL00027,2025-07-22,In service,11.01
FL00027,2025-07-23,In service,17.79
FL00027,2025-07-24,In service,8.81
FL00027,2025-07-25,In service,22.64
FL00027,2025-07-26,In service,10.27
FL00027,2025-07-27,Under maintenance,0.0
FL00027,2025-07-28,In service,9.79
FL00027,2025-07-29,In service,18.52
FL00027,2025-07-30,In service,16.77
FL00027,2025-07-31,Under maintenance,0.0
FL00027,2025-08-01,Under maintenance,0.0
FL00027,2025-08-02,In service,22.12
FL00027,2025-08-03,In service,22.67
FL00027,2025-08-04,In service,16.21
FL00027,2025-08-05,In service,18.77
FL00027,2025-08-06,In service,14.41
FL00027,2025-08-07,In service,16.08
FL00027,2025-08-08,In service,14.85
FL00027,2025-08-09,In service,8.46
FL00027,2025-08-10,In service,8.55
FL00027,2025-08-11,Under maintenance,0.0
FL00027,2025-08-12,In service,9.68
FL00027,2025-08-13,In service,17.31
FL00027,2025-08-14,In service,16.19
FL00027,2025-08-15,In service,13.79
FL00027,2025-08-16,In service,20.9
FL00027,2025-08-17,In service,15.61
FL00027,2025-08-18,Under maintenance,0.0
FL00027,2025-08-19,In service,16.56
FL00027,2025-08-20,Under maintenance,0.0
FL00027,2025-08-21,In service,16.91
FL00027,2025-08-22,In service,12.11
FL00027,2025-08-23,In service,23.59
FL00027,2025-08-24,In service,7.85
FL00027,2025-08-25,In service,19.88
FL00027,2025-08-26,In service,20.29
FL00027,2025-08-27,In service,11.12
FL00027,2025-08-28,In service,27.03
FL00027,2025-08-29,In service,20.04
FL00027,2025-08-30,In service,11.21
FL00027,2025-08-31,In service,9.28
FL00028,2025-06-01,Under maintenance,0.0
FL00028,2025-06-02,In service,19.44
FL00028,2025-06-03,In service,19.32
FL00028,2025-06-04,In service,8.66
FL00028,2025-06-05,In service,17.22
FL00028,2025-06-06,In service,31.09
FL00028,2025-06-07,In service,21.15
FL00028,2025-06-08,In service,12.35
FL00028,2025-06-09,Under maintenance,0.0
FL00028,2025-06-10,In service,27.04
FL00028,2025-06-11,In service,16.63
FL00028,2025-06-12,Under maintenance,0.0
FL00028,2025-06-13,Under maintenance,0.0
FL00028,2025-06-14,In service,10.81
FL00028,2025-06-15,In service,23.38
FL00028,2025-06-16,In service,22.49
FL00028,2025-06-17,In service,19.07
FL00028,2025-06-18,In service,15.12
FL00028,2025-06-19,In service,11.96
FL00028,2025-06-20,In service,13.8
FL00028,2025-06-21,In service,21.68
FL00028,2025-06-22,In service,12.5
FL00028,2025-06-23,In service,10.04
FL00028,2025-06-24,In service,18.98
FL00028,2025-06-25,In service,15.74
FL00028,2025-06-26,Under maintenance,0.0
FL00028,2025-06-27,In service,16.42
FL00028,2025-06-28,In service,9.09
FL00028,2025-06-29,In service,14.81
FL00028,2025-06-30,In service,8.54
FL00028,2025-07-01,In service,9.79
FL00028,2025-07-02,Under maintenance,0.0
FL00028,2025-07-03,In service,16.2
FL00028,2025-07-04,In service,28.09
FL00028,2025-07-05,In service,15.84
FL00028,2025-07-06,In service,4.01
FL00028,2025-07-07,Under maintenance,0.0
FL00028,2025-07-08,In service,8.96
FL00028,2025-07-09,Under maintenance,0.0
FL00028,2025-07-10,Under maintenance,0.0
FL00028,2025-07-11,In service,4.7
FL00028,2025-07-12,Under maintenance,0.0
FL00028,2025-07-13,In service,15.2
FL00028,2025-07-14,In service,18.26
FL00028,2025-07-15,In service,16.95
FL00028,2025-07-16,In service,14.55
FL00028,2025-07-17,In service,11.6
FL00028,2025-07-18,Under maintenance,0.0
FL00028,2025-07-19,In service,19.65
FL00028,2025-07-20,In service,22.17
FL00028,2025-07-21,In service,11.75
FL00028,2025-07-22,In service,14.01
FL00028,2025-07-23,In service,21.27
FL00028,2025-07-24,In service,21.54
FL00028,2025-07-25,In service,10.34
FL00028,2025-07-26,In service,10.17
FL00028,2025-07-27,In service,18.59
FL00028,2025-07-28,In service,19.27
FL00028,2025-07-29,In service,21.91
FL00028,2025-07-30,In service,20.02
FL00028,2025-07-31,In service,12.71
FL00028,2025-08-01,In service,9.54
FL00028,2025-08-02,In service,11.37
FL00028,2025-08-03,In service,9.84
FL00028,2025-08-04,In service,9.09
FL00028,2025-08-05,In service,21.64
FL00028,2025-08-06,Under maintenance,0.0
FL00028,2025-08-07,In service,16.27
FL00028,2025-08-08,Under maintenance,0.0
FL00028,2025-08-09,In service,19.81
FL00028,2025-08-10,In service,22.95
FL00028,2025-08-11,In service,13.56
FL00028,2025-08-12,In service,14.9
FL00028,2025-08-13,In service,19.7
FL00028,2025-08-14,In service,11.0
FL00028,2025-08-15,In service,26.18
FL00028,2025-08-16,Under maintenance,0.0
FL00028,2025-08-17,In service,14.94
FL00028,2025-08-18,Under maintenance,0.0
FL00028,2025-08-19,In service,14.56
FL00028,2025-08-20,Under maintenance,0.0
FL00028,2025-08-21,In service,20.38
FL00028,2025-08-22,In service,20.95
FL00028,2025-08-23,In service,14.29
FL00028,2025-08-24,Under maintenance,0.0
FL00028,2025-08-25,Under maintenance,0.0
FL00028,2025-08-26,Under maintenance,0.0
FL00028,2025-08-27,In service,27.52
FL00028,2025-08-28,In service,21.58
FL00028,2025-08-29,In service,14.0
FL00028,2025-08-30,In service,10.23
FL00028,2025-08-31,In service,16.12
FL00029,2025-06-01,In service,17.59
FL00029,2025-06-02,In service,13.22
FL00029,2025-06-03,In service,19.64
FL00029,2025-06-04,In service,5.7
FL00029,2025-06-05,In service,1.35
FL00029,2025-06-06,In service,22.38
FL00029,2025-06-07,Under maintenance,0.0
FL00029,2025-06-08,In service,20.38
FL00029,2025-06-09,In service,11.67
FL00029,2025-06-10,Under maintenance,0.0
FL00029,2025-06-11,In service,15.38
FL00029,2025-06-12,In service,16.28
FL00029,2025-06-13,In service,22.47
FL00029,2025-06-14,In service,15.22
FL00029,2025-06-15,Under maintenance,0.0
FL00029,2025-06-16,In service,17.06
FL00029,2025-06-17,In service,13.91
FL00029,2025-06-18,In service,17.25
FL00029,2025-06-19,Under maintenance,0.0
FL00029,2025-06-20,In service,15.26
FL00029,2025-06-21,Under maintenance,0.0
FL00029,2025-06-22,In service,16.1
FL00029,2025-06-23,Under maintenance,0.0
FL00029,2025-06-24,Under maintenance,0.0
FL00029,2025-06-25,In service,8.41
FL00029,2025-06-26,Under maintenance,0.0
FL00029,2025-06-27,In service,15.42
FL00029,2025-06-28,In service,20.91
FL00029,2025-06-29,Under maintenance,0.0
FL00029,2025-06-30,In service,5.65
FL00029,2025-07-01,In service,16.21
FL00029,2025-07-02,Under maintenance,0.0
FL00029,2025-07-03,In service,10.65
FL00029,2025-07-04,In service,13.81
FL00029,2025-07-05,In service,7.04
FL00029,2025-07-06,In service,18.34
FL00029,2025-07-07,In service,12.61
FL00029,2025-07-08,In service,12.53
FL00029,2025-07-09,In service,13.96
FL00029,2025-07-10,In service,8.35
FL00029,2025-07-11,Under maintenance,0.0
FL00029,2025-07-12,In service,8.55
FL00029,2025-07-13,In service,21.79
FL00029,2025-07-14,Under maintenance,0.0
FL00029,2025-07-15,In service,19.48
FL00029,2025-07-16,In service,19.98
FL00029,2025-07-17,In service,12.04
FL00029,2025-07-18,In service,19.32
FL00029,2025-07-19,In service,15.45
FL00029,2025-07-20,In service,22.58
FL00029,2025-07-21,In service,18.55
FL00029,2025-07-22,In service,17.61
FL00029,2025-07-23,In service,25.89
FL00029,2025-07-24,In service,9.05
FL00029,2025-07-25,In service,24.63
FL00029,2025-07-26,Under maintenance,0.0
FL00029,2025-07-27,Under maintenance,0.0
FL00029,2025-07-28,Under maintenance,0.0
FL00029,2025-07-29,In service,19.63
FL00029,2025-07-30,Under maintenance,0.0
FL00029,2025-07-31,In service,8.26
FL00029,2025-08-01,In service,13.56
FL00029,2025-08-02,Under maintenance,0.0
FL00029,2025-08-03,In service,18.18
FL00029,2025-08-04,In service,16.57
FL00029,2025-08-05,In service,11.67
FL00029,2025-08-06,In service,15.92
FL00029,2025-08-07,In service,14.38
FL00029,2025-08-08,Under maintenance,0.0
FL00029,2025-08-09,In service,14.87
FL00029,2025-08-10,In service,17.5
FL00029,2025-08-11,In service,19.37
FL00029,2025-08-12,In service,20.05
FL00029,2025-08-13,In service,17.48
FL00029,2025-08-14,In service,16.56
FL00029,2025-08-15,Under maintenance,0.0
FL00029,2025-08-16,In service,21.15
FL00029,2025-08-17,In service,16.83
FL00029,2025-08-18,In service,20.98
FL00029,2025-08-19,Under maintenance,0.0
FL00029,2025-08-20,In service,16.31
FL00029,2025-08-21,In service,16.08
FL00029,2025-08-22,Under maintenance,0.0
FL00029,2025-08-23,In service,15.25
FL00029,2025-08-24,In service,10.42
FL00029,2025-08-25,In service,12.55
FL00029,2025-08-26,In service,7.02
FL00029,2025-08-27,In service,12.25
FL00029,2025-08-28,In service,18.94
FL00029,2025-08-29,In service,15.33
FL00029,2025-08-30,In service,11.64
FL00029,2025-08-31,In service,13.26
FL00030,2025-06-01,In service,4.87
FL00030,2025-06-02,In service,13.13
FL00030,2025-06-03,In service,19.58
FL00030,2025-06-04,In service,18.46
FL00030,2025-06-05,In service,12.47
FL00030,2025-06-06,In service,11.33
FL00030,2025-06-07,In service,16.78
FL00030,2025-06-08,In service,19.11
FL00030,2025-06-09,In service,14.51
FL00030,2025-06-10,In service,9.38
FL00030,2025-06-11,In service,17.6
FL00030,2025-06-12,In service,17.3
FL00030,2025-06-13,In service,14.51
FL00030,2025-06-14,In service,3.77
FL00030,2025-06-15,In service,18.32
FL00030,2025-06-16,In service,17.16
FL00030,2025-06-17,Under maintenance,0.0
FL00030,2025-06-18,Under maintenance,0.0
FL00030,2025-06-19,Under maintenance,0.0
FL00030,2025-06-20,In service,17.77
FL00030,2025-06-21,In service,16.0
FL00030,2025-06-22,Under maintenance,0.0
FL00030,2025-06-23,In service,15.78
FL00030,2025-06-24,In service,10.93
FL00030,2025-06-25,In service,18.16
FL00030,2025-06-26,In service,17.74
FL00030,2025-06-27,In service,9.63
FL00030,2025-06-28,In service,16.26
FL00030,2025-06-29,In service,10.42
FL00030,2025-06-30,Under maintenance,0.0
FL00030,2025-07-01,In service,18.2
FL00030,2025-07-02,In service,19.89
FL00030,2025-07-03,In service,13.59
FL00030,2025-07-04,In service,8.97
FL00030,2025-07-05,Under maintenance,0.0
FL00030,2025-07-06,In service,17.17
FL00030,2025-07-07,In service,12.94
FL00030,2025-07-08,In service,17.65
FL00030,2025-07-09,In service,15.03
FL00030,2025-07-10,In service,16.94
FL00030,2025-07-11,In service,6.99
FL00030,2025-07-12,In service,13.33
FL00030,2025-07-13,In service,8.59
FL00030,2025-07-14,In service,11.7
FL00030,2025-07-15,In service,15.79
FL00030,2025-07-16,Under maintenance,0.0
FL00030,2025-07-17,In service,19.85
FL00030,2025-07-18,In service,18.04
FL00030,2025-07-19,In service,14.31
FL00030,2025-07-20,In service,21.37
FL00030,2025-07-21,In service,10.47
FL00030,2025-07-22,In service,9.98
FL00030,2025-07-23,Under maintenance,0.0
FL00030,2025-07-24,In service,23.22
FL00030,2025-07-25,In service,22.52
FL00030,2025-07-26,Under maintenance,0.0
FL00030,2025-07-27,In service,13.71
FL00030,2025-07-28,In service,28.1
FL00030,2025-07-29,In service,17.8
FL00030,2025-07-30,In service,17.02
FL00030,2025-07-31,In service,32.21
FL00030,2025-08-01,In service,24.3
FL00030,2025-08-02,In service,15.63
FL00030,2025-08-03,In service,19.3
FL00030,2025-08-04,In service,12.79
FL00030,2025-08-05,In service,15.81
FL00030,2025-08-06,In service,19.49
FL00030,2025-08-07,In service,13.46
FL00030,2025-08-08,Under maintenance,0.0
FL00030,2025-08-09,Under maintenance,0.0
FL00030,2025-08-10,Under maintenance,0.0
FL00030,2025-08-11,Under maintenance,0.0
FL00030,2025-08-12,In service,11.6
FL00030,2025-08-13,In service,20.65
FL00030,2025-08-14,Under maintenance,0.0
FL00030,2025-08-15,In service,24.14
FL00030,2025-08-16,In service,18.32
FL00030,2025-08-17,In service,16.36
FL00030,2025-08-18,In service,26.76
FL00030,2025-08-19,Under maintenance,0.0
FL00030,2025-08-20,In service,7.15
FL00030,2025-08-21,In service,16.6
FL00030,2025-08-22,In service,21.21
FL00030,2025-08-23,In service,21.78
FL00030,2025-08-24,Under maintenance,0.0
FL00030,2025-08-25,In service,18.51
FL00030,2025-08-26,In service,15.41
FL00030,2025-08-27,In service,11.0
FL00030,2025-08-28,Under maintenance,0.0
FL00030,2025-08-29,In service,18.32
FL00030,2025-08-30,In service,16.29
FL00030,2025-08-31,In service,20.15
FL00031,2025-06-01,In service,21.95
FL00031,2025-06-02,In service,16.98
FL00031,2025-06-03,In service,17.72
FL00031,2025-06-04,Under maintenance,0.0
FL00031,2025-06-05,In service,21.91
FL00031,2025-06-06,Under maintenance,0.0
FL00031,2025-06-07,In service,19.42
FL00031,2025-06-08,In service,9.57
FL00031,2025-06-09,In service,20.59
FL00031,2025-06-10,In service,8.41
FL00031,2025-06-11,In service,19.01
FL00031,2025-06-12,In service,25.31
FL00031,2025-06-13,In service,19.05
FL00031,2025-06-14,In service,14.35
FL00031,2025-06-15,Under maintenance,0.0
FL00031,2025-06-16,In service,13.02
FL00031,2025-06-17,In service,17.65
FL00031,2025-06-18,Under maintenance,0.0
FL00031,2025-06-19,In service,11.34
FL00031,2025-06-20,In service,12.86
FL00031,2025-06-21,In service,12.71
FL00031,2025-06-22,In service,26.49
FL00031,2025-06-23,In service,18.96
FL00031,2025-06-24,In service,19.15
FL00031,2025-06-25,In service,18.26
FL00031,2025-06-26,In service,17.33
FL00031,2025-06-27,In service,13.66
FL00031,2025-06-28,In service,10.27
FL00031,2025-06-29,In service,17.79
FL00031,2025-06-30,Under maintenance,0.0
FL00031,2025-07-01,In service,26.70
FL00031,2025-07-02,Under maintenance,0.0
FL00031,2025-07-03,Under maintenance,0.0
FL00031,2025-07-04,Under maintenance,0.0
FL00031,2025-07-05,In service,17.53
FL00031,2025-07-06,In service,22.48
FL00031,2025-07-07,In service,7.38
FL00031,2025-07-08,In service,17.56
FL00031,2025-07-09,Under maintenance,0.0
FL00031,2025-07-10,In service,18.37
FL00031,2025-07-11,In service,6.15
FL00031,2025-07-12,In service,20.31
FL00031,2025-07-13,In service,14.08
FL00031,2025-07-14,In service,15.79
FL00031,2025-07-15,Under maintenance,0.0
FL00031,2025-07-16,In service,17.28
FL00031,2025-07-17,In service,9.55
FL00031,2025-07-18,In service,19.67
FL00031,2025-07-19,In service,14.29
FL00031,2025-07-20,In service,20.47
FL00031,2025-07-21,In service,11.8
FL00031,2025-07-22,In service,13.44
FL00031,2025-07-23,In service,18.75
FL00031,2025-07-24,In service,12.16
FL00031,2025-07-25,In service,19.58
FL00031,2025-07-26,In service,6.54
FL00031,2025-07-27,In service,10.33
FL00031,2025-07-28,Under maintenance,0.0
FL00031,2025-07-29,Under maintenance,0.0
FL00031,2025-07-30,In service,16.4
FL00031,2025-07-31,In service,27.02
FL00031,2025-08-01,Under maintenance,0.0
FL00031,2025-08-02,Under maintenance,0.0
FL00031,2025-08-03,Under maintenance,0.0
FL00031,2025-08-04,In service,19.16
FL00031,2025-08-05,Under maintenance,0.0
FL00031,2025-08-06,In service,14.0
FL00031,2025-08-07,In service,22.5
FL00031,2025-08-08,In service,14.04
FL00031,2025-08-09,Under maintenance,0.0
FL00031,2025-08-10,In service,11.17
FL00031,2025-08-11,In service,14.73
FL00031,2025-08-12,Under maintenance,0.0
FL00031,2025-08-13,In service,11.1
FL00031,2025-08-14,In service,21.99
FL00031,2025-08-15,In service,19.48
FL00031,2025-08-16,Under maintenance,0.0
FL00031,2025-08-17,In service,13.28
FL00031,2025-08-18,In service,9.02
FL00031,2025-08-19,Under maintenance,0.0
FL00031,2025-08-20,In service,15.46
FL00031,2025-08-21,In service,13.33
FL00031,2025-08-22,Under maintenance,0.0
FL00031,2025-08-23,In service,22.97
FL00031,2025-08-24,In service,20.43
FL00031,2025-08-25,In service,18.45
FL00031,2025-08-26,In service,14.28
FL00031,2025-08-27,In service,15.96
FL00031,2025-08-28,In service,10.0
FL00031,2025-08-29,In service,18.39
FL00031,2025-08-30,In service,19.1
FL00031,2025-08-31,Under maintenance,0.0
FL00032,2025-06-01,Under maintenance,0.0
FL00032,2025-06-02,Under maintenance,0.0
FL00032,2025-06-03,Under maintenance,0.0
FL00032,2025-06-04,In service,15.51
FL00032,2025-06-05,In service,18.19
FL00032,2025-06-06,In service,12.05
FL00032,2025-06-07,In service,16.43
FL00032,2025-06-08,In service,17.34
FL00032,2025-06-09,Under maintenance,0.0
FL00032,2025-06-10,In service,21.3
FL00032,2025-06-11,Under maintenance,0.0
FL00032,2025-06-12,In service,21.17
FL00032,2025-06-13,In service,25.4
FL00032,2025-06-14,Under maintenance,0.0
FL00032,2025-06-15,In service,18.96
FL00032,2025-06-16,In service,19.12
FL00032,2025-06-17,In service,17.84
FL00032,2025-06-18,In service,9.38
FL00032,2025-06-19,Under maintenance,0.0
FL00032,2025-06-20,In service,21.98
FL00032,2025-06-21,Under maintenance,0.0
FL00032,2025-06-22,In service,14.11
FL00032,2025-06-23,Under maintenance,0.0
FL00032,2025-06-24,In service,18.27
FL00032,2025-06-25,In service,19.47
FL00032,2025-06-26,In service,18.25
FL00032,2025-06-27,In service,15.41
FL00032,2025-06-28,In service,15.53
FL00032,2025-06-29,In service,15.81
FL00032,2025-06-30,In service,20.82
FL00032,2025-07-01,In service,21.15
FL00032,2025-07-02,In service,7.72
FL00032,2025-07-03,In service,19.14
FL00032,2025-07-04,In service,21.41
FL00032,2025-07-05,Under maintenance,0.0
FL00032,2025-07-06,In service,16.67
FL00032,2025-07-07,In service,9.44
FL00032,2025-07-08,Under maintenance,0.0
FL00032,2025-07-09,In service,5.06
FL00032,2025-07-10,In service,22.75
FL00032,2025-07-11,In service,18.26
FL00032,2025-07-12,In service,23.06
FL00032,2025-07-13,In service,11.96
FL00032,2025-07-14,In service,20.74
FL00032,2025-07-15,In service,19.64
FL00032,2025-07-16,In service,16.34
FL00032,2025-07-17,In service,6.65
FL00032,2025-07-18,In service,16.07
FL00032,2025-07-19,In service,12.64
FL00032,2025-07-20,In service,7.69
FL00032,2025-07-21,Under maintenance,0.0
FL00032,2025-07-22,In service,13.02
FL00032,2025-07-23,In service,16.36
FL00032,2025-07-24,Under maintenance,0.0
FL00032,2025-07-25,In service,19.97
FL00032,2025-07-26,In service,14.88
FL00032,2025-07-27,In service,15.9
FL00032,2025-07-28,In service,18.32
FL00032,2025-07-29,In service,16.9
FL00032,2025-07-30,In service,7.29
FL00032,2025-07-31,In service,5.12
FL00032,2025-08-01,In service,16.18
FL00032,2025-08-02,In service,21.11
FL00032,2025-08-03,In service,12.48
FL00032,2025-08-04,In service,12.29
FL00032,2025-08-05,Under maintenance,0.0
FL00032,2025-08-06,In service,12.93
FL00032,2025-08-07,In service,11.96
FL00032,2025-08-08,In service,5.66
FL00032,2025-08-09,In service,10.24
FL00032,2025-08-10,In service,14.2
FL00032,2025-08-11,In service,14.9
FL00032,2025-08-12,In service,19.88
FL00032,2025-08-13,Under maintenance,0.0
FL00032,2025-08-14,In service,23.56
FL00032,2025-08-15,Under maintenance,0.0
FL00032,2025-08-16,In service,8.14
FL00032,2025-08-17,In service,7.77
FL00032,2025-08-18,Under maintenance,0.0
FL00032,2025-08-19,In service,9.58
FL00032,2025-08-20,In service,10.35
FL00032,2025-08-21,In service,14.11
FL00032,2025-08-22,In service,20.32
FL00032,2025-08-23,In service,16.23
FL00032,2025-08-24,In service,9.36
FL00032,2025-08-25,Under maintenance,0.0
FL00032,2025-08-26,Under maintenance,0.0
FL00032,2025-08-27,In service,11.68
FL00032,2025-08-28,In service,7.71
FL00032,2025-08-29,Under maintenance,0.0
FL00032,2025-08-30,Under maintenance,0.0
FL00032,2025-08-31,In service,11.01
FL00033,2025-06-01,In service,25.87
FL00033,2025-06-02,In service,26.15
FL00033,2025-06-03,In service,7.15
FL00033,2025-06-04,In service,13.36
FL00033,2025-06-05,In service,15.26
FL00033,2025-06-06,In service,24.47
FL00033,2025-06-07,In service,13.23
FL00033,2025-06-08,In service,18.0
FL00033,2025-06-09,In service,20.68
FL00033,2025-06-10,In service,15.38
FL00033,2025-06-11,In service,18.68
FL00033,2025-06-12,Under maintenance,0.0
FL00033,2025-06-13,Under maintenance,0.0
FL00033,2025-06-14,In service,12.87
FL00033,2025-06-15,In service,13.94
FL00033,2025-06-16,In service,19.3
FL00033,2025-06-17,In service,11.57
FL00033,2025-06-18,In service,9.88
FL00033,2025-06-19,In service,20.46
FL00033,2025-06-20,In service,18.15
FL00033,2025-06-21,In service,14.55
FL00033,2025-06-22,In service,11.13
FL00033,2025-06-23,In service,21.81
FL00033,2025-06-24,In service,18.18
FL00033,2025-06-25,In service,14.64
FL00033,2025-06-26,In service,19.66
FL00033,2025-06-27,In service,13.43
FL00033,2025-06-28,In service,15.22
FL00033,2025-06-29,In service,8.79
FL00033,2025-06-30,Under maintenance,0.0
FL00033,2025-07-01,In service,7.66
FL00033,2025-07-02,In service,16.21
FL00033,2025-07-03,Under maintenance,0.0
FL00033,2025-07-04,In service,18.46
FL00033,2025-07-05,Under maintenance,0.0
FL00033,2025-07-06,In service,7.82
FL00033,2025-07-07,In service,20.2
FL00033,2025-07-08,In service,15.81
FL00033,2025-07-09,In service,15.21
FL00033,2025-07-10,In service,9.83
FL00033,2025-07-11,In service,28.45
FL00033,2025-07-12,In service,17.51
FL00033,2025-07-13,In service,16.61
FL00033,2025-07-14,In service,19.93
FL00033,2025-07-15,In service,15.99
FL00033,2025-07-16,In service,16.09
FL00033,2025-07-17,In service,9.19
FL00033,2025-07-18,Under maintenance,0.0
FL00033,2025-07-19,Under maintenance,0.0
FL00033,2025-07-20,In service,11.8
FL00033,2025-07-21,In service,21.45
FL00033,2025-07-22,Under maintenance,0.0
FL00033,2025-07-23,In service,6.38
FL00033,2025-07-24,In service,24.73
FL00033,2025-07-25,In service,12.97
FL00033,2025-07-26,In service,9.24
FL00033,2025-07-27,In service,12.3
FL00033,2025-07-28,In service,21.64
FL00033,2025-07-29,In service,13.75
FL00033,2025-07-30,In service,15.71
FL00033,2025-07-31,Under maintenance,0.0
FL00033,2025-08-01,In service,23.62
FL00033,2025-08-02,In service,10.92
FL00033,2025-08-03,In service,12.73
FL00033,2025-08-04,In service,11.07
FL00033,2025-08-05,In service,9.87
FL00033,2025-08-06,In service,10.78
FL00033,2025-08-07,In service,12.45
FL00033,2025-08-08,In service,18.48
FL00033,2025-08-09,In service,20.55
FL00033,2025-08-10,Under maintenance,0.0
FL00033,2025-08-11,In service,21.2
FL00033,2025-08-12,In service,13.51
FL00033,2025-08-13,Under maintenance,0.0
FL00033,2025-08-14,Under maintenance,0.0
FL00033,2025-08-15,In service,16.4
FL00033,2025-08-16,In service,15.9
FL00033,2025-08-17,In service,12.93
FL00033,2025-08-18,In service,14.06
FL00033,2025-08-19,In service,18.41
FL00033,2025-08-20,In service,26.06
FL00033,2025-08-21,In service,21.83
FL00033,2025-08-22,In service,17.79
FL00033,2025-08-23,In service,3.85
FL00033,2025-08-24,In service,17.29
FL00033,2025-08-25,Under maintenance,0.0
FL00033,2025-08-26,In service,8.95
FL00033,2025-08-27,In service,4.53
FL00033,2025-08-28,In service,25.7
FL00033,2025-08-29,In service,14.23
FL00033,2025-08-30,In service,14.02
FL00033,2025-08-31,Under maintenance,0.0
FL00034,2025-06-01,In service,8.57
FL00034,2025-06-02,In service,18.81
FL00034,2025-06-03,In service,16.27
FL00034,2025-06-04,Under maintenance,0.0
FL00034,2025-06-05,In service,11.8
FL00034,2025-06-06,In service,9.06
FL00034,2025-06-07,In service,10.26
FL00034,2025-06-08,In service,15.05
FL00034,2025-06-09,In service,29.23
FL00034,2025-06-10,In service,12.3
FL00034,2025-06-11,In service,7.0
FL00034,2025-06-12,In service,11.13
FL00034,2025-06-13,In service,9.33
FL00034,2025-06-14,In service,7.54
FL00034,2025-06-15,In service,15.73
FL00034,2025-06-16,Under maintenance,0.0
FL00034,2025-06-17,In service,22.16
FL00034,2025-06-18,In service,14.61
FL00034,2025-06-19,Under maintenance,0.0
FL00034,2025-06-20,In service,24.49
FL00034,2025-06-21,Under maintenance,0.0
FL00034,2025-06-22,In service,20.07
FL00034,2025-06-23,In service,9.2
FL00034,2025-06-24,In service,17.65
FL00034,2025-06-25,In service,26.0
FL00034,2025-06-26,Under maintenance,0.0
FL00034,2025-06-27,In service,19.88
FL00034,2025-06-28,In service,14.48
FL00034,2025-06-29,In service,14.53
FL00034,2025-06-30,In service,22.72
FL00034,2025-07-01,In service,19.62
FL00034,2025-07-02,In service,13.2
FL00034,2025-07-03,In service,12.89
FL00034,2025-07-04,In service,7.96
FL00034,2025-07-05,In service,16.21
FL00034,2025-07-06,In service,16.52
FL00034,2025-07-07,In service,22.23
FL00034,2025-07-08,Under maintenance,0.0
FL00034,2025-07-09,In service,13.13
FL00034,2025-07-10,In service,24.97
FL00034,2025-07-11,In service,12.36
FL00034,2025-07-12,In service,9.45
FL00034,2025-07-13,In service,20.84
FL00034,2025-07-14,In service,15.67
FL00034,2025-07-15,In service,18.52
FL00034,2025-07-16,In service,16.93
FL00034,2025-07-17,In service,18.8
FL00034,2025-07-18,In service,13.91
FL00034,2025-07-19,In service,15.69
FL00034,2025-07-20,In service,15.34
FL00034,2025-07-21,In service,13.13
FL00034,2025-07-22,In service,21.68
FL00034,2025-07-23,In service,12.5
FL00034,2025-07-24,In service,12.6
FL00034,2025-07-25,In service,15.26
FL00034,2025-07-26,In service,18.32
FL00034,2025-07-27,In service,13.9
FL00034,2025-07-28,In service,14.26
FL00034,2025-07-29,In service,23.45
FL00034,2025-07-30,In service,24.69
FL00034,2025-07-31,In service,20.27
FL00034,2025-08-01,Under maintenance,0.0
FL00034,2025-08-02,In service,15.04
FL00034,2025-08-03,In service,14.74
FL00034,2025-08-04,In service,21.87
FL00034,2025-08-05,Under maintenance,0.0
FL00034,2025-08-06,In service,13.43
FL00034,2025-08-07,In service,13.15
FL00034,2025-08-08,In service,19.24
FL00034,2025-08-09,In service,15.9
FL00034,2025-08-10,In service,16.03
FL00034,2025-08-11,Under maintenance,0.0
FL00034,2025-08-12,In service,9.75
FL00034,2025-08-13,Under maintenance,0.0
FL00034,2025-08-14,In service,18.42
FL00034,2025-08-15,In service,14.61
FL00034,2025-08-16,In service,14.88
FL00034,2025-08-17,In service,15.06
FL00034,2025-08-18,In service,17.59
FL00034,2025-08-19,In service,28.31
FL00034,2025-08-20,In service,7.8
FL00034,2025-08-21,In service,10.72
FL00034,2025-08-22,In service,14.81
FL00034,2025-08-23,In service,13.99
FL00034,2025-08-24,In service,16.09
FL00034,2025-08-25,In service,11.48
FL00034,2025-08-26,In service,18.17
FL00034,2025-08-27,In service,10.4
FL00034,2025-08-28,In service,15.15
FL00034,2025-08-29,In service,19.76
FL00034,2025-08-30,Under maintenance,0.0
FL00034,2025-08-31,In service,14.21
FL00035,2025-06-01,Under maintenance,0.0
FL00035,2025-06-02,In service,12.83
FL00035,2025-06-03,Under maintenance,0.0
FL00035,2025-06-04,In service,14.0
FL00035,2025-06-05,In service,17.52
FL00035,2025-06-06,In service,21.2
FL00035,2025-06-07,In service,15.27
FL00035,2025-06-08,In service,14.64
FL00035,2025-06-09,In service,11.81
FL00035,2025-06-10,In service,21.12
FL00035,2025-06-11,In service,6.75
FL00035,2025-06-12,In service,11.57
FL00035,2025-06-13,In service,18.04
FL00035,2025-06-14,In service,14.19
FL00035,2025-06-15,In service,12.9
FL00035,2025-06-16,Under maintenance,0.0
FL00035,2025-06-17,In service,16.16
FL00035,2025-06-18,Under maintenance,0.0
FL00035,2025-06-19,In service,16.19
FL00035,2025-06-20,In service,11.14
FL00035,2025-06-21,In service,22.61
FL00035,2025-06-22,In service,19.37
FL00035,2025-06-23,In service,12.64
FL00035,2025-06-24,In service,15.16
FL00035,2025-06-25,In service,14.47
FL00035,2025-06-26,In service,18.8
FL00035,2025-06-27,In service,16.69
FL00035,2025-06-28,Under maintenance,0.0
FL00035,2025-06-29,Under maintenance,0.0
FL00035,2025-06-30,In service,17.67
FL00035,2025-07-01,In service,13.65
FL00035,2025-07-02,In service,16.0
FL00035,2025-07-03,In service,16.63
FL00035,2025-07-04,In service,26.48
FL00035,2025-07-05,In service,17.76
FL00035,2025-07-06,In service,13.43
FL00035,2025-07-07,In service,16.39
FL00035,2025-07-08,In service,28.43
FL00035,2025-07-09,In service,21.99
FL00035,2025-07-10,In service,16.11
FL00035,2025-07-11,In service,14.36
FL00035,2025-07-12,In service,19.29
FL00035,2025-07-13,In service,18.84
FL00035,2025-07-14,Under maintenance,0.0
FL00035,2025-07-15,Under maintenance,0.0
FL00035,2025-07-16,Under maintenance,0.0
FL00035,2025-07-17,In service,21.48
FL00035,2025-07-18,In service,13.92
FL00035,2025-07-19,In service,17.03
FL00035,2025-07-20,In service,15.28
FL00035,2025-07-21,In service,18.0
FL00035,2025-07-22,In service,16.74
FL00035,2025-07-23,In service,11.26
FL00035,2025-07-24,Under maintenance,0.0
FL00035,2025-07-25,In service,21.21
FL00035,2025-07-26,In service,10.47
FL00035,2025-07-27,In service,19.34
FL00035,2025-07-28,In service,10.44
FL00035,2025-07-29,In service,14.3
FL00035,2025-07-30,In service,5.73
FL00035,2025-07-31,In service,11.58
FL00035,2025-08-01,In service,8.88
FL00035,2025-08-02,Under maintenance,0.0
FL00035,2025-08-03,Under maintenance,0.0
FL00035,2025-08-04,In service,13.66
FL00035,2025-08-05,In service,16.59
FL00035,2025-08-06,In service,15.61
FL00035,2025-08-07,In service,27.4
FL00035,2025-08-08,In service,17.46
FL00035,2025-08-09,In service,18.1
FL00035,2025-08-10,Under maintenance,0.0
FL00035,2025-08-11,Under maintenance,0.0
FL00035,2025-08-12,In service,17.75
FL00035,2025-08-13,Under maintenance,0.0
FL00035,2025-08-14,In service,13.12
FL00035,2025-08-15,In service,15.99
FL00035,2025-08-16,In service,19.29
FL00035,2025-08-17,Under maintenance,0.0
FL00035,2025-08-18,In service,14.79
FL00035,2025-08-19,In service,20.4
FL00035,2025-08-20,In service,18.9
FL00035,2025-08-21,Under maintenance,0.0
FL00035,2025-08-22,Under maintenance,0.0
FL00035,2025-08-23,In service,16.76
FL00035,2025-08-24,In service,20.57
FL00035,2025-08-25,In service,15.86
FL00035,2025-08-26,Under maintenance,0.0
FL00035,2025-08-27,Under maintenance,0.0
FL00035,2025-08-28,In service,18.11
FL00035,2025-08-29,Under maintenance,0.0
FL00035,2025-08-30,In service,20.7
FL00035,2025-08-31,In service,14.26
FL00036,2025-06-01,In service,18.56
FL00036,2025-06-02,Under maintenance,0.0
FL00036,2025-06-03,In service,10.23
FL00036,2025-06-04,Under maintenance,0.0
FL00036,2025-06-05,In service,16.51
FL00036,2025-06-06,In service,15.91
FL00036,2025-06-07,In service,13.71
FL00036,2025-06-08,In service,18.02
FL00036,2025-06-09,In service,18.67
FL00036,2025-06-10,Under maintenance,0.0
FL00036,2025-06-11,Under maintenance,0.0
FL00036,2025-06-12,In service,20.65
FL00036,2025-06-13,In service,16.35
FL00036,2025-06-14,In service,11.89
FL00036,2025-06-15,Under maintenance,0.0
FL00036,2025-06-16,In service,19.87
FL00036,2025-06-17,In service,14.66
FL00036,2025-06-18,In service,13.12
FL00036,2025-06-19,In service,12.37
FL00036,2025-06-20,In service,20.64
FL00036,2025-06-21,In service,11.37
FL00036,2025-06-22,In service,17.41
FL00036,2025-06-23,Under maintenance,0.0
FL00036,2025-06-24,In service,14.91
FL00036,2025-06-25,In service,20.31
FL00036,2025-06-26,In service,13.85
FL00036,2025-06-27,In service,18.18
FL00036,2025-06-28,In service,16.91
FL00036,2025-06-29,In service,16.86
FL00036,2025-06-30,In service,18.12
FL00036,2025-07-01,In service,17.53
FL00036,2025-07-02,Under maintenance,0.0
FL00036,2025-07-03,In service,14.41
FL00036,2025-07-04,In service,14.27
FL00036,2025-07-05,In service,13.58
FL00036,2025-07-06,In service,11.99
FL00036,2025-07-07,In service,10.92
FL00036,2025-07-08,In service,12.44
FL00036,2025-07-09,Under maintenance,0.0
FL00036,2025-07-10,In service,19.03
FL00036,2025-07-11,In service,13.94
FL00036,2025-07-12,In service,23.89
FL00036,2025-07-13,In service,20.12
FL00036,2025-07-14,Under maintenance,0.0
FL00036,2025-07-15,In service,17.12
FL00036,2025-07-16,In service,20.9
FL00036,2025-07-17,In service,15.39
FL00036,2025-07-18,In service,15.07
FL00036,2025-07-19,In service,14.86
FL00036,2025-07-20,In service,9.88
FL00036,2025-07-21,Under maintenance,0.0
FL00036,2025-07-22,In service,21.64
FL00036,2025-07-23,In service,24.13
FL00036,2025-07-24,In service,22.35
FL00036,2025-07-25,In service,14.01
FL00036,2025-07-26,In service,12.95
FL00036,2025-07-27,In service,18.14
FL00036,2025-07-28,Under maintenance,0.0
FL00036,2025-07-29,Under maintenance,0.0
FL00036,2025-07-30,In service,7.87
FL00036,2025-07-31,In service,22.46
FL00036,2025-08-01,In service,15.36
FL00036,2025-08-02,In service,20.19
FL00036,2025-08-03,In service,16.09
FL00036,2025-08-04,Under maintenance,0.0
FL00036,2025-08-05,In service,13.82
FL00036,2025-08-06,Under maintenance,0.0
FL00036,2025-08-07,In service,17.36
FL00036,2025-08-08,In service,15.95
FL00036,2025-08-09,Under maintenance,0.0
FL00036,2025-08-10,In service,16.19
FL00036,2025-08-11,In service,5.59
FL00036,2025-08-12,In service,20.06
FL00036,2025-08-13,In service,14.5
FL00036,2025-08-14,In service,22.76
FL00036,2025-08-15,In service,8.34
FL00036,2025-08-16,In service,14.44
FL00036,2025-08-17,In service,25.42
FL00036,2025-08-18,In service,9.22
FL00036,2025-08-19,In service,11.34
FL00036,2025-08-20,In service,17.65
FL00036,2025-08-21,In service,18.72
FL00036,2025-08-22,In service,13.85
FL00036,2025-08-23,In service,22.01
FL00036,2025-08-24,In service,18.25
FL00036,2025-08-25,In service,12.45
FL00036,2025-08-26,In service,14.44
FL00036,2025-08-27,In service,14.59
FL00036,2025-08-28,Under maintenance,0.0
FL00036,2025-08-29,Under maintenance,0.0
FL00036,2025-08-30,In service,8.97
FL00036,2025-08-31,In service,18.61
FL00037,2025-06-01,In service,18.4
FL00037,2025-06-02,In service,16.7
FL00037,2025-06-03,Under maintenance,0.0
FL00037,2025-06-04,In service,19.91
FL00037,2025-06-05,In service,11.03
FL00037,2025-06-06,In service,15.17
FL00037,2025-06-07,Under maintenance,0.0
FL00037,2025-06-08,In service,11.92
FL00037,2025-06-09,Under maintenance,0.0
FL00037,2025-06-10,In service,22.41
FL00037,2025-06-11,In service,19.97
FL00037,2025-06-12,In service,15.3
FL00037,2025-06-13,In service,8.9
FL00037,2025-06-14,In service,13.87
FL00037,2025-06-15,In service,27.81
FL00037,2025-06-16,In service,16.13
FL00037,2025-06-17,In service,11.56
FL00037,2025-06-18,In service,7.57
FL00037,2025-06-19,In service,19.88
FL00037,2025-06-20,In service,16.44
FL00037,2025-06-21,In service,11.84
FL00037,2025-06-22,Under maintenance,0.0
FL00037,2025-06-23,In service,3.88
FL00037,2025-06-24,In service,20.23
FL00037,2025-06-25,In service,13.42
FL00037,2025-06-26,In service,12.94
FL00037,2025-06-27,In service,11.94
FL00037,2025-06-28,In service,19.38
FL00037,2025-06-29,In service,10.59
FL00037,2025-06-30,In service,20.12
FL00037,2025-07-01,Under maintenance,0.0
FL00037,2025-07-02,Under maintenance,0.0
FL00037,2025-07-03,In service,16.09
FL00037,2025-07-04,In service,23.18
FL00037,2025-07-05,In service,23.3
FL00037,2025-07-06,In service,10.74
FL00037,2025-07-07,In service,5.57
FL00037,2025-07-08,In service,13.2
FL00037,2025-07-09,Under maintenance,0.0
FL00037,2025-07-10,In service,15.1
FL00037,2025-07-11,In service,15.78
FL00037,2025-07-12,In service,20.94
FL00037,2025-07-13,In service,15.01
FL00037,2025-07-14,In service,14.73
FL00037,2025-07-15,In service,17.81
FL00037,2025-07-16,In service,22.47
FL00037,2025-07-17,In service,20.8
FL00037,2025-07-18,In service,13.83
FL00037,2025-07-19,Under maintenance,0.0
FL00037,2025-07-20,In service,13.55
FL00037,2025-07-21,In service,20.54
FL00037,2025-07-22,In service,12.62
FL00037,2025-07-23,Under maintenance,0.0
FL00037,2025-07-24,In service,19.56
FL00037,2025-07-25,In service,23.82
FL00037,2025-07-26,Under maintenance,0.0
FL00037,2025-07-27,In service,19.35
FL00037,2025-07-28,In service,8.18
FL00037,2025-07-29,In service,19.83
FL00037,2025-07-30,In service,15.88
FL00037,2025-07-31,In service,12.29
FL00037,2025-08-01,In service,10.51
FL00037,2025-08-02,In service,18.54
FL00037,2025-08-03,In service,18.55
FL00037,2025-08-04,Under maintenance,0.0
FL00037,2025-08-05,In service,10.8
FL00037,2025-08-06,In service,7.56
FL00037,2025-08-07,Under maintenance,0.0
FL00037,2025-08-08,Under maintenance,0.0
FL00037,2025-08-09,In service,11.94
FL00037,2025-08-10,In service,13.56
FL00037,2025-08-11,In service,17.79
FL00037,2025-08-12,In service,7.77
FL00037,2025-08-13,In service,15.87
FL00037,2025-08-14,In service,14.23
FL00037,2025-08-15,In service,9.17
FL00037,2025-08-16,In service,19.67
FL00037,2025-08-17,In service,22.5
FL00037,2025-08-18,Under maintenance,0.0
FL00037,2025-08-19,In service,23.0
FL00037,2025-08-20,In service,18.28
FL00037,2025-08-21,In service,11.98
FL00037,2025-08-22,In service,29.77
FL00037,2025-08-23,In service,23.06
FL00037,2025-08-24,In service,13.65
FL00037,2025-08-25,In service,23.15
FL00037,2025-08-26,In service,17.01
FL00037,2025-08-27,In service,10.34
FL00037,2025-08-28,In service,22.38
FL00037,2025-08-29,In service,11.98
FL00037,2025-08-30,In service,18.52
FL00037,2025-08-31,In service,16.73
FL00038,2025-06-01,In service,11.85
FL00038,2025-06-02,In service,13.21
FL00038,2025-06-03,Under maintenance,0.0
FL00038,2025-06-04,Under maintenance,0.0
FL00038,2025-06-05,Under maintenance,0.0
FL00038,2025-06-06,In service,21.8
FL00038,2025-06-07,In service,10.27
FL00038,2025-06-08,In service,11.79
FL00038,2025-06-09,In service,14.68
FL00038,2025-06-10,In service,13.61
FL00038,2025-06-11,In service,19.68
FL00038,2025-06-12,In service,14.93
FL00038,2025-06-13,In service,15.36
FL00038,2025-06-14,In service,11.41
FL00038,2025-06-15,In service,10.96
FL00038,2025-06-16,In service,11.49
FL00038,2025-06-17,In service,15.11
FL00038,2025-06-18,In service,11.74
FL00038,2025-06-19,In service,15.51
FL00038,2025-06-20,In service,14.67
FL00038,2025-06-21,In service,22.37
FL00038,2025-06-22,In service,14.31
FL00038,2025-06-23,In service,14.1
FL00038,2025-06-24,In service,15.84
FL00038,2025-06-25,In service,14.8
FL00038,2025-06-26,In service,15.01
FL00038,2025-06-27,In service,18.21
FL00038,2025-06-28,In service,16.13
FL00038,2025-06-29,In service,13.32
FL00038,2025-06-30,In service,17.09
FL00038,2025-07-01,In service,18.17
FL00038,2025-07-02,In service,10.54
FL00038,2025-07-03,In service,12.55
FL00038,2025-07-04,In service,8.62
FL00038,2025-07-05,In service,10.95
FL00038,2025-07-06,In service,28.63
FL00038,2025-07-07,Under maintenance,0.0
FL00038,2025-07-08,In service,21.65
FL00038,2025-07-09,In service,17.33
FL00038,2025-07-10,In service,21.64
FL00038,2025-07-11,In service,11.53
FL00038,2025-07-12,Under maintenance,0.0
FL00038,2025-07-13,In service,19.98
FL00038,2025-07-14,In service,16.63
FL00038,2025-07-15,In service,21.78
FL00038,2025-07-16,In service,13.05
FL00038,2025-07-17,In service,15.04
FL00038,2025-07-18,Under maintenance,0.0
FL00038,2025-07-19,In service,10.6
FL00038,2025-07-20,In service,25.08
FL00038,2025-07-21,In service,7.5
FL00038,2025-07-22,In service,15.48
FL00038,2025-07-23,In service,17.25
FL00038,2025-07-24,In service,15.52
FL00038,2025-07-25,In service,16.01
FL00038,2025-07-26,Under maintenance,0.0
FL00038,2025-07-27,In service,10.55
FL00038,2025-07-28,In service,26.75
FL00038,2025-07-29,In service,18.66
FL00038,2025-07-30,In service,12.82
FL00038,2025-07-31,In service,12.18
FL00038,2025-08-01,In service,23.26
FL00038,2025-08-02,In service,20.64
FL00038,2025-08-03,In service,21.06
FL00038,2025-08-04,Under maintenance,0.0
FL00038,2025-08-05,Under maintenance,0.0
FL00038,2025-08-06,In service,17.7
FL00038,2025-08-07,In service,17.86
FL00038,2025-08-08,In service,9.25
FL00038,2025-08-09,In service,10.11
FL00038,2025-08-10,In service,11.16
FL00038,2025-08-11,Under maintenance,0.0
FL00038,2025-08-12,In service,10.79
FL00038,2025-08-13,In service,11.43
FL00038,2025-08-14,Under maintenance,0.0
FL00038,2025-08-15,Under maintenance,0.0
FL00038,2025-08-16,In service,14.56
FL00038,2025-08-17,In service,9.3
FL00038,2025-08-18,In service,21.76
FL00038,2025-08-19,In service,14.75
FL00038,2025-08-20,In service,16.07
FL00038,2025-08-21,In service,18.8
FL00038,2025-08-22,In service,14.6
FL00038,2025-08-23,In service,23.1
FL00038,2025-08-24,In service,17.1
FL00038,2025-08-25,In service,14.4
FL00038,2025-08-26,Under maintenance,0.0
FL00038,2025-08-27,In service,17.1
FL00038,2025-08-28,In service,9.94
FL00038,2025-08-29,In service,17.66
FL00038,2025-08-30,In service,18.6
FL00038,2025-08-31,In service,25.79
FL00039,2025-06-01,In service,13.97
FL00039,2025-06-02,In service,27.91
FL00039,2025-06-03,In service,17.14
FL00039,2025-06-04,Under maintenance,0.0
FL00039,2025-06-05,In service,16.49
FL00039,2025-06-06,Under maintenance,0.0
FL00039,2025-06-07,In service,21.14
FL00039,2025-06-08,In service,7.47
FL00039,2025-06-09,In service,11.13
FL00039,2025-06-10,In service,13.53
FL00039,2025-06-11,Under maintenance,0.0
FL00039,2025-06-12,In service,16.45
FL00039,2025-06-13,Under maintenance,0.0
FL00039,2025-06-14,Under maintenance,0.0
FL00039,2025-06-15,Under maintenance,0.0
FL00039,2025-06-16,In service,16.88
FL00039,2025-06-17,In service,8.47
FL00039,2025-06-18,In service,13.68
FL00039,2025-06-19,Under maintenance,0.0
FL00039,2025-06-20,Under maintenance,0.0
FL00039,2025-06-21,In service,16.56
FL00039,2025-06-22,In service,21.13
FL00039,2025-06-23,In service,15.55
FL00039,2025-06-24,In service,5.47
FL00039,2025-06-25,Under maintenance,0.0
FL00039,2025-06-26,In service,8.12
FL00039,2025-06-27,In service,16.16
FL00039,2025-06-28,In service,21.44
FL00039,2025-06-29,In service,16.77
FL00039,2025-06-30,In service,12.54
FL00039,2025-07-01,In service,15.06
FL00039,2025-07-02,Under maintenance,0.0
FL00039,2025-07-03,In service,18.08
FL00039,2025-07-04,In service,22.6
FL00039,2025-07-05,In service,19.24
FL00039,2025-07-06,Under maintenance,0.0
FL00039,2025-07-07,In service,14.8
FL00039,2025-07-08,Under maintenance,0.0
FL00039,2025-07-09,In service,20.66
FL00039,2025-07-10,In service,15.24
FL00039,2025-07-11,In service,17.25
FL00039,2025-07-12,In service,14.91
FL00039,2025-07-13,In service,14.45
FL00039,2025-07-14,Under maintenance,0.0
FL00039,2025-07-15,In service,30.02
FL00039,2025-07-16,Under maintenance,0.0
FL00039,2025-07-17,Under maintenance,0.0
FL00039,2025-07-18,In service,18.01
FL00039,2025-07-19,In service,11.18
FL00039,2025-07-20,In service,15.17
FL00039,2025-07-21,Under maintenance,0.0
FL00039,2025-07-22,In service,15.99
FL00039,2025-07-23,In service,14.16
FL00039,2025-07-24,In service,18.27
FL00039,2025-07-25,In service,24.58
FL00039,2025-07-26,Under maintenance,0.0
FL00039,2025-07-27,In service,12.23
FL00039,2025-07-28,Under maintenance,0.0
FL00039,2025-07-29,Under maintenance,0.0
FL00039,2025-07-30,In service,10.42
FL00039,2025-07-31,In service,21.92
FL00039,2025-08-01,In service,25.09
FL00039,2025-08-02,In service,10.98
FL00039,2025-08-03,In service,13.96
FL00039,2025-08-04,In service,18.89
FL00039,2025-08-05,In service,19.6
FL00039,2025-08-06,In service,11.48
FL00039,2025-08-07,Under maintenance,0.0
FL00039,2025-08-08,In service,20.66
FL00039,2025-08-09,In service,17.78
FL00039,2025-08-10,Under maintenance,0.0
FL00039,2025-08-11,In service,27.45
FL00039,2025-08-12,Under maintenance,0.0
FL00039,2025-08-13,In service,20.47
FL00039,2025-08-14,In service,13.9
FL00039,2025-08-15,Under maintenance,0.0
FL00039,2025-08-16,In service,14.92
FL00039,2025-08-17,In service,18.81
FL00039,2025-08-18,In service,16.4
FL00039,2025-08-19,Under maintenance,0.0
FL00039,2025-08-20,In service,27.7
FL00039,2025-08-21,In service,14.68
FL00039,2025-08-22,In service,18.63
FL00039,2025-08-23,In service,14.53
FL00039,2025-08-24,In service,18.75
FL00039,2025-08-25,Under maintenance,0.0
FL00039,2025-08-26,In service,17.97
FL00039,2025-08-27,Under maintenance,0.0
FL00039,2025-08-28,In service,13.37
FL00039,2025-08-29,Under maintenance,0.0
FL00039,2025-08-30,In service,15.56
FL00039,2025-08-31,In service,26.4
FL00040,2025-06-01,In service,10.19
FL00040,2025-06-02,In service,23.37
FL00040,2025-06-03,In service,15.52
FL00040,2025-06-04,In service,19.22
FL00040,2025-06-05,In service,16.37
FL00040,2025-06-06,In service,18.07
FL00040,2025-06-07,In service,10.95
FL00040,2025-06-08,Under maintenance,0.0
FL00040,2025-06-09,In service,12.89
FL00040,2025-06-10,In service,11.29
FL00040,2025-06-11,In service,22.37
FL00040,2025-06-12,In service,11.25
FL00040,2025-06-13,In service,17.68
FL00040,2025-06-14,In service,17.82
FL00040,2025-06-15,In service,20.3
FL00040,2025-06-16,In service,10.52
FL00040,2025-06-17,Under maintenance,0.0
FL00040,2025-06-18,In service,16.19
FL00040,2025-06-19,In service,9.07
FL00040,2025-06-20,In service,20.01
FL00040,2025-06-21,In service,10.99
FL00040,2025-06-22,Under maintenance,0.0
FL00040,2025-06-23,Under maintenance,0.0
FL00040,2025-06-24,Under maintenance,0.0
FL00040,2025-06-25,In service,23.0
FL00040,2025-06-26,Under maintenance,0.0
FL00040,2025-06-27,In service,12.86
FL00040,2025-06-28,In service,17.49
FL00040,2025-06-29,In service,8.72
FL00040,2025-06-30,In service,18.76
FL00040,2025-07-01,In service,16.31
FL00040,2025-07-02,Under maintenance,0.0
FL00040,2025-07-03,In service,9.92
FL00040,2025-07-04,In service,3.28
FL00040,2025-07-05,In service,23.39
FL00040,2025-07-06,In service,25.08
FL00040,2025-07-07,In service,20.76
FL00040,2025-07-08,In service,8.15
FL00040,2025-07-09,In service,19.74
FL00040,2025-07-10,In service,9.86
FL00040,2025-07-11,In service,18.37
FL00040,2025-07-12,In service,14.92
FL00040,2025-07-13,In service,26.18
FL00040,2025-07-14,In service,13.92
FL00040,2025-07-15,In service,15.28
FL00040,2025-07-16,Under maintenance,0.0
FL00040,2025-07-17,In service,8.92
FL00040,2025-07-18,In service,15.83
FL00040,2025-07-19,In service,12.53
FL00040,2025-07-20,In service,15.41
FL00040,2025-07-21,In service,12.77
FL00040,2025-07-22,In service,17.93
FL00040,2025-07-23,In service,11.69
FL00040,2025-07-24,In service,20.32
FL00040,2025-07-25,In service,16.37
FL00040,2025-07-26,In service,14.75
FL00040,2025-07-27,In service,10.35
FL00040,2025-07-28,In service,9.73
FL00040,2025-07-29,In service,29.34
FL00040,2025-07-30,In service,18.52
FL00040,2025-07-31,Under maintenance,0.0
FL00040,2025-08-01,In service,18.25
FL00040,2025-08-02,In service,19.44
FL00040,2025-08-03,Under maintenance,0.0
FL00040,2025-08-04,In service,11.85
FL00040,2025-08-05,In service,22.71
FL00040,2025-08-06,In service,20.92
FL00040,2025-08-07,Under maintenance,0.0
FL00040,2025-08-08,In service,17.14
FL00040,2025-08-09,In service,10.55
FL00040,2025-08-10,In service,22.79
FL00040,2025-08-11,Under maintenance,0.0
FL00040,2025-08-12,In service,13.36
FL00040,2025-08-13,In service,17.04
FL00040,2025-08-14,In service,18.39
FL00040,2025-08-15,In service,28.15
FL00040,2025-08-16,In service,22.83
FL00040,2025-08-17,Under maintenance,0.0
FL00040,2025-08-18,In service,12.96
FL00040,2025-08-19,In service,18.03
FL00040,2025-08-20,In service,8.64
FL00040,2025-08-21,Under maintenance,0.0
FL00040,2025-08-22,In service,14.9
FL00040,2025-08-23,Under maintenance,0.0
FL00040,2025-08-24,In service,15.86
FL00040,2025-08-25,Under maintenance,0.0
FL00040,2025-08-26,In service,15.84
FL00040,2025-08-27,In service,12.43
FL00040,2025-08-28,In service,24.28
FL00040,2025-08-29,In service,10.93
FL00040,2025-08-30,In service,10.5
FL00040,2025-08-31,In service,15.06
FL00041,2025-06-01,In service,17.19
FL00041,2025-06-02,Under maintenance,0.0
FL00041,2025-06-03,In service,15.89
FL00041,2025-06-04,In service,15.92
FL00041,2025-06-05,In service,23.92
FL00041,2025-06-06,In service,7.22
FL00041,2025-06-07,In service,11.57
FL00041,2025-06-08,In service,17.26
FL00041,2025-06-09,Under maintenance,0.0
FL00041,2025-06-10,Under maintenance,0.0
FL00041,2025-06-11,Under maintenance,0.0
FL00041,2025-06-12,In service,19.12
FL00041,2025-06-13,In service,18.23
FL00041,2025-06-14,In service,15.67
FL00041,2025-06-15,In service,19.0
FL00041,2025-06-16,In service,11.85
FL00041,2025-06-17,In service,25.83
FL00041,2025-06-18,In service,19.23
FL00041,2025-06-19,In service,20.29
FL00041,2025-06-20,In service,21.71
FL00041,2025-06-21,In service,14.28
FL00041,2025-06-22,In service,15.92
FL00041,2025-06-23,Under maintenance,0.0
FL00041,2025-06-24,Under maintenance,0.0
FL00041,2025-06-25,In service,4.96
FL00041,2025-06-26,In service,18.25
FL00041,2025-06-27,In service,13.38
FL00041,2025-06-28,In service,7.89
FL00041,2025-06-29,In service,17.22
FL00041,2025-06-30,In service,16.44
FL00041,2025-07-01,Under maintenance,0.0
FL00041,2025-07-02,In service,7.1
FL00041,2025-07-03,In service,23.88
FL00041,2025-07-04,In service,11.81
FL00041,2025-07-05,In service,16.18
FL00041,2025-07-06,In service,18.29
FL00041,2025-07-07,In service,21.95
FL00041,2025-07-08,In service,24.81
FL00041,2025-07-09,In service,27.06
FL00041,2025-07-10,In service,21.67
FL00041,2025-07-11,In service,20.78
FL00041,2025-07-12,In service,10.94
FL00041,2025-07-13,Under maintenance,0.0
FL00041,2025-07-14,In service,17.06
FL00041,2025-07-15,In service,17.79
FL00041,2025-07-16,In service,10.52
FL00041,2025-07-17,In service,9.89
FL00041,2025-07-18,In service,11.42
FL00041,2025-07-19,In service,9.95
FL00041,2025-07-20,In service,16.55
FL00041,2025-07-21,In service,2.86
FL00041,2025-07-22,In service,15.5
FL00041,2025-07-23,In service,16.37
FL00041,2025-07-24,In service,17.07
FL00041,2025-07-25,Under maintenance,0.0
FL00041,2025-07-26,Under maintenance,0.0
FL00041,2025-07-27,In service,22.51
FL00041,2025-07-28,In service,12.01
FL00041,2025-07-29,In service,19.79
FL00041,2025-07-30,In service,11.57
FL00041,2025-07-31,In service,14.12
FL00041,2025-08-01,In service,18.49
FL00041,2025-08-02,Under maintenance,0.0
FL00041,2025-08-03,In service,16.16
FL00041,2025-08-04,Under maintenance,0.0
FL00041,2025-08-05,In service,12.31
FL00041,2025-08-06,In service,12.27
FL00041,2025-08-07,In service,22.43
FL00041,2025-08-08,In service,21.49
FL00041,2025-08-09,In service,9.14
FL00041,2025-08-10,In service,16.73
FL00041,2025-08-11,In service,7.58
FL00041,2025-08-12,In service,19.65
FL00041,2025-08-13,Under maintenance,0.0
FL00041,2025-08-14,Under maintenance,0.0
FL00041,2025-08-15,Under maintenance,0.0
FL00041,2025-08-16,In service,18.97
FL00041,2025-08-17,Under maintenance,0.0
FL00041,2025-08-18,In service,10.99
FL00041,2025-08-19,In service,18.28
FL00041,2025-08-20,In service,12.62
FL00041,2025-08-21,In service,16.8
FL00041,2025-08-22,In service,21.19
FL00041,2025-08-23,In service,14.09
FL00041,2025-08-24,In service,7.0
FL00041,2025-08-25,In service,19.54
FL00041,2025-08-26,In service,21.55
FL00041,2025-08-27,In service,16.53
FL00041,2025-08-28,In service,12.02
FL00041,2025-08-29,In service,19.83
FL00041,2025-08-30,Under maintenance,0.0
FL00041,2025-08-31,In service,22.43
FL00042,2025-06-01,In service,19.53
FL00042,2025-06-02,In service,11.9
FL00042,2025-06-03,Under maintenance,0.0
FL00042,2025-06-04,Under maintenance,0.0
FL00042,2025-06-05,Under maintenance,0.0
FL00042,2025-06-06,In service,18.35
FL00042,2025-06-07,In service,19.67
FL00042,2025-06-08,In service,16.32
FL00042,2025-06-09,In service,11.47
FL00042,2025-06-10,Under maintenance,0.0
FL00042,2025-06-11,Under maintenance,0.0
FL00042,2025-06-12,In service,15.04
FL00042,2025-06-13,Under maintenance,0.0
FL00042,2025-06-14,In service,18.72
FL00042,2025-06-15,In service,23.22
FL00042,2025-06-16,In service,17.06
FL00042,2025-06-17,In service,10.45
FL00042,2025-06-18,In service,17.75
FL00042,2025-06-19,In service,17.44
FL00042,2025-06-20,In service,8.87
FL00042,2025-06-21,Under maintenance,0.0
FL00042,2025-06-22,Under maintenance,0.0
FL00042,2025-06-23,In service,9.03
FL00042,2025-06-24,In service,10.38
FL00042,2025-06-25,In service,12.96
FL00042,2025-06-26,In service,20.89
FL00042,2025-06-27,In service,16.95
FL00042,2025-06-28,In service,13.98
FL00042,2025-06-29,In service,18.87
FL00042,2025-06-30,In service,14.58
FL00042,2025-07-01,Under maintenance,0.0
FL00042,2025-07-02,In service,17.77
FL00042,2025-07-03,In service,18.95
FL00042,2025-07-04,Under maintenance,0.0
FL00042,2025-07-05,In service,23.12
FL00042,2025-07-06,In service,21.94
FL00042,2025-07-07,In service,21.92
FL00042,2025-07-08,In service,19.55
FL00042,2025-07-09,In service,22.88
FL00042,2025-07-10,In service,11.99
FL00042,2025-07-11,In service,16.95
FL00042,2025-07-12,Under maintenance,0.0
FL00042,2025-07-13,In service,13.22
FL00042,2025-07-14,In service,10.34
FL00042,2025-07-15,In service,11.77
FL00042,2025-07-16,In service,9.1
FL00042,2025-07-17,In service,14.84
FL00042,2025-07-18,In service,13.3
FL00042,2025-07-19,In service,16.71
FL00042,2025-07-20,In service,21.57
FL00042,2025-07-21,In service,19.39
FL00042,2025-07-22,Under maintenance,0.0
FL00042,2025-07-23,In service,10.57
FL00042,2025-07-24,Under maintenance,0.0
FL00042,2025-07-25,In service,20.4
FL00042,2025-07-26,Under maintenance,0.0
FL00042,2025-07-27,In service,16.76
FL00042,2025-07-28,In service,15.14
FL00042,2025-07-29,Under maintenance,0.0
FL00042,2025-07-30,In service,17.73
FL00042,2025-07-31,In service,19.48
FL00042,2025-08-01,In service,13.87
FL00042,2025-08-02,In service,10.5
FL00042,2025-08-03,In service,14.06
FL00042,2025-08-04,In service,14.37
FL00042,2025-08-05,Under maintenance,0.0
FL00042,2025-08-06,In service,16.93
FL00042,2025-08-07,In service,11.29
FL00042,2025-08-08,In service,13.77
FL00042,2025-08-09,In service,22.35
FL00042,2025-08-10,In service,16.66
FL00042,2025-08-11,In service,21.46
FL00042,2025-08-12,In service,18.9
FL00042,2025-08-13,In service,20.06
FL00042,2025-08-14,Under maintenance,0.0
FL00042,2025-08-15,In service,20.38
FL00042,2025-08-16,In service,18.87
FL00042,2025-08-17,In service,6.07
FL00042,2025-08-18,In service,20.16
FL00042,2025-08-19,In service,7.43
FL00042,2025-08-20,In service,13.67
FL00042,2025-08-21,In service,14.26
FL00042,2025-08-22,In service,21.16
FL00042,2025-08-23,In service,11.17
FL00042,2025-08-24,In service,15.05
FL00042,2025-08-25,In service,9.44
FL00042,2025-08-26,In service,18.46
FL00042,2025-08-27,Under maintenance,0.0
FL00042,2025-08-28,In service,12.83
FL00042,2025-08-29,In service,27.75
FL00042,2025-08-30,In service,10.23
FL00042,2025-08-31,In service,18.29
FL00043,2025-06-01,In service,21.09
FL00043,2025-06-02,In service,25.04
FL00043,2025-06-03,In service,16.72
FL00043,2025-06-04,In service,13.08
FL00043,2025-06-05,In service,18.01
FL00043,2025-06-06,In service,19.25
FL00043,2025-06-07,In service,15.81
FL00043,2025-06-08,In service,22.26
FL00043,2025-06-09,In service,23.96
FL00043,2025-06-10,Under maintenance,0.0
FL00043,2025-06-11,In service,11.93
FL00043,2025-06-12,Under maintenance,0.0
FL00043,2025-06-13,In service,10.63
FL00043,2025-06-14,In service,9.16
FL00043,2025-06-15,In service,11.42
FL00043,2025-06-16,In service,15.74
FL00043,2025-06-17,Under maintenance,0.0
FL00043,2025-06-18,In service,10.29
FL00043,2025-06-19,Under maintenance,0.0
FL00043,2025-06-20,Under maintenance,0.0
FL00043,2025-06-21,In service,18.44
FL00043,2025-06-22,Under maintenance,0.0
FL00043,2025-06-23,Under maintenance,0.0
FL00043,2025-06-24,In service,13.48
FL00043,2025-06-25,In service,17.5
FL00043,2025-06-26,In service,14.39
FL00043,2025-06-27,Under maintenance,0.0
FL00043,2025-06-28,In service,18.36
FL00043,2025-06-29,In service,8.41
FL00043,2025-06-30,Under maintenance,0.0
FL00043,2025-07-01,Under maintenance,0.0
FL00043,2025-07-02,In service,15.92
FL00043,2025-07-03,Under maintenance,0.0
FL00043,2025-07-04,In service,17.21
FL00043,2025-07-05,In service,13.03
FL00043,2025-07-06,In service,14.63
FL00043,2025-07-07,In service,16.86
FL00043,2025-07-08,In service,13.75
FL00043,2025-07-09,In service,11.16
FL00043,2025-07-10,In service,16.82
FL00043,2025-07-11,In service,18.05
FL00043,2025-07-12,In service,28.13
FL00043,2025-07-13,In service,13.36
FL00043,2025-07-14,In service,19.95
FL00043,2025-07-15,In service,14.5
FL00043,2025-07-16,In service,20.41
FL00043,2025-07-17,In service,18.83
FL00043,2025-07-18,In service,13.43
FL00043,2025-07-19,In service,10.79
FL00043,2025-07-20,Under maintenance,0.0
FL00043,2025-07-21,In service,18.04
FL00043,2025-07-22,In service,15.04
FL00043,2025-07-23,In service,9.89
FL00043,2025-07-24,Under maintenance,0.0
FL00043,2025-07-25,In service,13.54
FL00043,2025-07-26,Under maintenance,0.0
FL00043,2025-07-27,In service,22.25
FL00043,2025-07-28,In service,12.89
FL00043,2025-07-29,Under maintenance,0.0
FL00043,2025-07-30,In service,21.55
FL00043,2025-07-31,In service,15.48
FL00043,2025-08-01,In service,12.73
FL00043,2025-08-02,In service,19.15
FL00043,2025-08-03,In service,21.64
FL00043,2025-08-04,In service,2.21
FL00043,2025-08-05,In service,18.64
FL00043,2025-08-06,In service,12.81
FL00043,2025-08-07,In service,19.53
FL00043,2025-08-08,In service,17.25
FL00043,2025-08-09,In service,18.47
FL00043,2025-08-10,In service,15.86
FL00043,2025-08-11,In service,22.0
FL00043,2025-08-12,In service,9.58
FL00043,2025-08-13,In service,21.39
FL00043,2025-08-14,In service,5.2
FL00043,2025-08-15,Under maintenance,0.0
FL00043,2025-08-16,In service,11.36
FL00043,2025-08-17,In service,15.31
FL00043,2025-08-18,In service,23.91
FL00043,2025-08-19,In service,17.88
FL00043,2025-08-20,In service,18.17
FL00043,2025-08-21,In service,15.35
FL00043,2025-08-22,In service,21.69
FL00043,2025-08-23,Under maintenance,0.0
FL00043,2025-08-24,Under maintenance,0.0
FL00043,2025-08-25,In service,7.44
FL00043,2025-08-26,In service,4.83
FL00043,2025-08-27,Under maintenance,0.0
FL00043,2025-08-28,In service,15.57
FL00043,2025-08-29,In service,16.06
FL00043,2025-08-30,Under maintenance,0.0
FL00043,2025-08-31,In service,14.46
FL00044,2025-06-01,In service,21.9
FL00044,2025-06-02,In service,13.99
FL00044,2025-06-03,In service,13.46
FL00044,2025-06-04,In service,15.32
FL00044,2025-06-05,In service,15.76
FL00044,2025-06-06,In service,17.0
FL00044,2025-06-07,Under maintenance,0.0
FL00044,2025-06-08,Under maintenance,0.0
FL00044,2025-06-09,In service,11.77
FL00044,2025-06-10,In service,13.27
FL00044,2025-06-11,In service,15.08
FL00044,2025-06-12,In service,26.49
FL00044,2025-06-13,In service,17.51
FL00044,2025-06-14,In service,10.11
FL00044,2025-06-15,In service,10.52
FL00044,2025-06-16,Under maintenance,0.0
FL00044,2025-06-17,In service,7.52
FL00044,2025-06-18,In service,8.79
FL00044,2025-06-19,In service,15.32
FL00044,2025-06-20,In service,22.41
FL00044,2025-06-21,In service,14.76
FL00044,2025-06-22,In service,21.52
FL00044,2025-06-23,In service,12.97
FL00044,2025-06-24,In service,16.2
FL00044,2025-06-25,In service,21.33
FL00044,2025-06-26,Under maintenance,0.0
FL00044,2025-06-27,In service,11.68
FL00044,2025-06-28,In service,10.97
FL00044,2025-06-29,In service,16.19
FL00044,2025-06-30,In service,19.98
FL00044,2025-07-01,In service,16.15
FL00044,2025-07-02,Under maintenance,0.0
FL00044,2025-07-03,In service,15.61
FL00044,2025-07-04,In service,10.91
FL00044,2025-07-05,In service,14.44
FL00044,2025-07-06,In service,25.56
FL00044,2025-07-07,In service,17.2
FL00044,2025-07-08,In service,13.23
FL00044,2025-07-09,Under maintenance,0.0
FL00044,2025-07-10,In service,28.42
FL00044,2025-07-11,Under maintenance,0.0
FL00044,2025-07-12,In service,21.96
FL00044,2025-07-13,In service,25.68
FL00044,2025-07-14,In service,12.02
FL00044,2025-07-15,Under maintenance,0.0
FL00044,2025-07-16,In service,22.2
FL00044,2025-07-17,In service,20.23
FL00044,2025-07-18,In service,8.68
FL00044,2025-07-19,Under maintenance,0.0
FL00044,2025-07-20,In service,17.22
FL00044,2025-07-21,In service,9.4
FL00044,2025-07-22,In service,21.6
FL00044,2025-07-23,In service,17.94
FL00044,2025-07-24,In service,22.66
FL00044,2025-07-25,In service,16.64
FL00044,2025-07-26,In service,14.56
FL00044,2025-07-27,In service,16.49
FL00044,2025-07-28,In service,16.85
FL00044,2025-07-29,In service,15.12
FL00044,2025-07-30,In service,22.88
FL00044,2025-07-31,In service,15.27
FL00044,2025-08-01,Under maintenance,0.0
FL00044,2025-08-02,In service,15.67
FL00044,2025-08-03,In service,19.05
FL00044,2025-08-04,In service,17.71
FL00044,2025-08-05,In service,12.41
FL00044,2025-08-06,In service,19.3
FL00044,2025-08-07,In service,19.26
FL00044,2025-08-08,In service,18.31
FL00044,2025-08-09,In service,12.62
FL00044,2025-08-10,In service,21.99
FL00044,2025-08-11,In service,16.43
FL00044,2025-08-12,In service,19.71
FL00044,2025-08-13,In service,21.6
FL00044,2025-08-14,In service,16.96
FL00044,2025-08-15,Under maintenance,0.0
FL00044,2025-08-16,In service,21.81
FL00044,2025-08-17,Under maintenance,0.0
FL00044,2025-08-18,In service,21.29
FL00044,2025-08-19,In service,19.28
FL00044,2025-08-20,In service,9.43
FL00044,2025-08-21,Under maintenance,0.0
FL00044,2025-08-22,In service,10.48
FL00044,2025-08-23,In service,19.93
FL00044,2025-08-24,Under maintenance,0.0
FL00044,2025-08-25,Under maintenance,0.0
FL00044,2025-08-26,In service,15.11
FL00044,2025-08-27,In service,17.16
FL00044,2025-08-28,Under maintenance,0.0
FL00044,2025-08-29,In service,14.33
FL00044,2025-08-30,In service,9.51
FL00044,2025-08-31,In service,18.26
FL00045,2025-06-01,In service,16.4
FL00045,2025-06-02,In service,17.66
FL00045,2025-06-03,In service,13.71
FL00045,2025-06-04,In service,15.2
FL00045,2025-06-05,In service,26.67
FL00045,2025-06-06,In service,11.83
FL00045,2025-06-07,In service,9.8
FL00045,2025-06-08,In service,4.67
FL00045,2025-06-09,In service,7.74
FL00045,2025-06-10,In service,15.59
FL00045,2025-06-11,In service,20.71
FL00045,2025-06-12,In service,24.74
FL00045,2025-06-13,In service,14.29
FL00045,2025-06-14,In service,14.87
FL00045,2025-06-15,In service,18.38
FL00045,2025-06-16,Under maintenance,0.0
FL00045,2025-06-17,In service,15.17
FL00045,2025-06-18,In service,13.01
FL00045,2025-06-19,Under maintenance,0.0
FL00045,2025-06-20,In service,11.44
FL00045,2025-06-21,In service,15.11
FL00045,2025-06-22,In service,21.0
FL00045,2025-06-23,In service,13.32
FL00045,2025-06-24,In service,13.19
FL00045,2025-06-25,Under maintenance,0.0
FL00045,2025-06-26,In service,8.26
FL00045,2025-06-27,Under maintenance,0.0
FL00045,2025-06-28,In service,17.69
FL00045,2025-06-29,In service,8.37
FL00045,2025-06-30,In service,13.68
FL00045,2025-07-01,Under maintenance,0.0
FL00045,2025-07-02,Under maintenance,0.0
FL00045,2025-07-03,In service,11.65
FL00045,2025-07-04,In service,19.91
FL00045,2025-07-05,Under maintenance,0.0
FL00045,2025-07-06,In service,23.65
FL00045,2025-07-07,In service,10.4
FL00045,2025-07-08,In service,15.93
FL00045,2025-07-09,In service,14.95
FL00045,2025-07-10,In service,23.64
FL00045,2025-07-11,In service,9.98
FL00045,2025-07-12,In service,17.05
FL00045,2025-07-13,In service,7.53
FL00045,2025-07-14,In service,13.83
FL00045,2025-07-15,Under maintenance,0.0
FL00045,2025-07-16,In service,9.3
FL00045,2025-07-17,Under maintenance,0.0
FL00045,2025-07-18,In service,10.88
FL00045,2025-07-19,In service,12.84
FL00045,2025-07-20,In service,24.23
FL00045,2025-07-21,In service,24.23
FL00045,2025-07-22,In service,19.63
FL00045,2025-07-23,In service,19.83
FL00045,2025-07-24,In service,8.68
FL00045,2025-07-25,Under maintenance,0.0
FL00045,2025-07-26,In service,7.42
FL00045,2025-07-27,In service,17.39
FL00045,2025-07-28,In service,14.48
FL00045,2025-07-29,Under maintenance,0.0
FL00045,2025-07-30,In service,15.25
FL00045,2025-07-31,In service,14.52
FL00045,2025-08-01,In service,11.64
FL00045,2025-08-02,In service,20.33
FL00045,2025-08-03,In service,15.67
FL00045,2025-08-04,In service,15.91
FL00045,2025-08-05,In service,8.91
FL00045,2025-08-06,In service,21.43
FL00045,2025-08-07,Under maintenance,0.0
FL00045,2025-08-08,In service,12.77
FL00045,2025-08-09,Under maintenance,0.0
FL00045,2025-08-10,In service,14.8
FL00045,2025-08-11,Under maintenance,0.0
FL00045,2025-08-12,In service,17.94
FL00045,2025-08-13,In service,9.64
FL00045,2025-08-14,In service,14.73
FL00045,2025-08-15,In service,9.21
FL00045,2025-08-16,In service,13.22
FL00045,2025-08-17,In service,9.29
FL00045,2025-08-18,Under maintenance,0.0
FL00045,2025-08-19,In service,5.54
FL00045,2025-08-20,In service,23.99
FL00045,2025-08-21,In service,16.58
FL00045,2025-08-22,In service,18.99
FL00045,2025-08-23,In service,15.68
FL00045,2025-08-24,In service,21.04
FL00045,2025-08-25,In service,12.44
FL00045,2025-08-26,In service,19.97
FL00045,2025-08-27,In service,15.81
FL00045,2025-08-28,In service,19.2
FL00045,2025-08-29,In service,24.48
FL00045,2025-08-30,In service,12.06
FL00045,2025-08-31,In service,5.48
FL00046,2025-06-01,In service,20.27
FL00046,2025-06-02,Under maintenance,0.0
FL00046,2025-06-03,In service,22.2
FL00046,2025-06-04,Under maintenance,0.0
FL00046,2025-06-05,In service,17.6
FL00046,2025-06-06,Under maintenance,0.0
FL00046,2025-06-07,In service,23.69
FL00046,2025-06-08,In service,20.56
FL00046,2025-06-09,In service,13.38
FL00046,2025-06-10,In service,22.47
FL00046,2025-06-11,In service,17.39
FL00046,2025-06-12,In service,21.56
FL00046,2025-06-13,In service,18.28
FL00046,2025-06-14,In service,25.11
FL00046,2025-06-15,In service,10.87
FL00046,2025-06-16,Under maintenance,0.0
FL00046,2025-06-17,In service,15.1
FL00046,2025-06-18,In service,7.34
FL00046,2025-06-19,Under maintenance,0.0
FL00046,2025-06-20,In service,19.08
FL00046,2025-06-21,In service,5.76
FL00046,2025-06-22,Under maintenance,0.0
FL00046,2025-06-23,In service,23.28
FL00046,2025-06-24,Under maintenance,0.0
FL00046,2025-06-25,Under maintenance,0.0
FL00046,2025-06-26,Under maintenance,0.0
FL00046,2025-06-27,In service,14.36
FL00046,2025-06-28,In service,21.17
FL00046,2025-06-29,Under maintenance,0.0
FL00046,2025-06-30,In service,18.42
FL00046,2025-07-01,In service,12.71
FL00046,2025-07-02,In service,13.63
FL00046,2025-07-03,In service,19.77
FL00046,2025-07-04,In service,12.31
FL00046,2025-07-05,In service,23.19
FL00046,2025-07-06,Under maintenance,0.0
FL00046,2025-07-07,In service,16.22
FL00046,2025-07-08,In service,16.7
FL00046,2025-07-09,In service,16.2
FL00046,2025-07-10,Under maintenance,0.0
FL00046,2025-07-11,In service,10.7
FL00046,2025-07-12,In service,25.67
FL00046,2025-07-13,In service,11.88
FL00046,2025-07-14,In service,21.23
FL00046,2025-07-15,In service,25.44
FL00046,2025-07-16,In service,14.14
FL00046,2025-07-17,Under maintenance,0.0
FL00046,2025-07-18,Under maintenance,0.0
FL00046,2025-07-19,In service,16.01
FL00046,2025-07-20,In service,14.52
FL00046,2025-07-21,In service,20.54
FL00046,2025-07-22,In service,9.73
FL00046,2025-07-23,In service,20.09
FL00046,2025-07-24,In service,7.41
FL00046,2025-07-25,In service,13.64
FL00046,2025-07-26,In service,17.17
FL00046,2025-07-27,In service,18.0
FL00046,2025-07-28,In service,20.51
FL00046,2025-07-29,In service,7.18
FL00046,2025-07-30,Under maintenance,0.0
FL00046,2025-07-31,In service,14.05
FL00046,2025-08-01,In service,25.98
FL00046,2025-08-02,In service,16.58
FL00046,2025-08-03,In service,21.04
FL00046,2025-08-04,Under maintenance,0.0
FL00046,2025-08-05,In service,18.61
FL00046,2025-08-06,Under maintenance,0.0
FL00046,2025-08-07,In service,14.24
FL00046,2025-08-08,In service,12.97
FL00046,2025-08-09,In service,13.19
FL00046,2025-08-10,In service,16.01
FL00046,2025-08-11,In service,14.93
FL00046,2025-08-12,In service,2.87
FL00046,2025-08-13,Under maintenance,0.0
FL00046,2025-08-14,In service,15.19
FL00046,2025-08-15,Under maintenance,0.0
FL00046,2025-08-16,In service,8.18
FL00046,2025-08-17,In service,17.12
FL00046,2025-08-18,In service,19.59
FL00046,2025-08-19,In service,26.07
FL00046,2025-08-20,In service,16.94
FL00046,2025-08-21,Under maintenance,0.0
FL00046,2025-08-22,In service,20.7
FL00046,2025-08-23,Under maintenance,0.0
FL00046,2025-08-24,In service,19.1
FL00046,2025-08-25,In service,29.72
FL00046,2025-08-26,Under maintenance,0.0
FL00046,2025-08-27,In service,16.66
FL00046,2025-08-28,In service,13.28
FL00046,2025-08-29,In service,17.57
FL00046,2025-08-30,In service,6.45
FL00046,2025-08-31,In service,15.3
FL00047,2025-06-01,In service,9.7
FL00047,2025-06-02,In service,21.3
FL00047,2025-06-03,In service,15.71
FL00047,2025-06-04,In service,21.98
FL00047,2025-06-05,In service,12.65
FL00047,2025-06-06,In service,16.6
FL00047,2025-06-07,In service,20.89
FL00047,2025-06-08,Under maintenance,0.0
FL00047,2025-06-09,In service,21.82
FL00047,2025-06-10,In service,11.69
FL00047,2025-06-11,Under maintenance,0.0
FL00047,2025-06-12,In service,9.76
FL00047,2025-06-13,In service,20.25
FL00047,2025-06-14,Under maintenance,0.0
FL00047,2025-06-15,In service,10.73
FL00047,2025-06-16,In service,11.34
FL00047,2025-06-17,In service,14.7
FL00047,2025-06-18,In service,20.03
FL00047,2025-06-19,In service,12.48
FL00047,2025-06-20,In service,11.09
FL00047,2025-06-21,In service,14.57
FL00047,2025-06-22,In service,8.47
FL00047,2025-06-23,In service,22.41
FL00047,2025-06-24,In service,18.32
FL00047,2025-06-25,In service,8.82
FL00047,2025-06-26,In service,22.09
FL00047,2025-06-27,In service,18.55
FL00047,2025-06-28,In service,14.17
FL00047,2025-06-29,In service,13.96
FL00047,2025-06-30,In service,21.62
FL00047,2025-07-01,In service,17.53
FL00047,2025-07-02,In service,16.08
FL00047,2025-07-03,In service,17.24
FL00047,2025-07-04,Under maintenance,0.0
FL00047,2025-07-05,Under maintenance,0.0
FL00047,2025-07-06,In service,14.39
FL00047,2025-07-07,In service,27.29
FL00047,2025-07-08,Under maintenance,0.0
FL00047,2025-07-09,In service,18.56
FL00047,2025-07-10,In service,21.28
FL00047,2025-07-11,In service,11.02
FL00047,2025-07-12,Under maintenance,0.0
FL00047,2025-07-13,In service,15.04
FL00047,2025-07-14,In service,16.36
FL00047,2025-07-15,In service,21.38
FL00047,2025-07-16,In service,19.29
FL00047,2025-07-17,In service,15.73
FL00047,2025-07-18,In service,15.76
FL00047,2025-07-19,In service,21.99
FL00047,2025-07-20,In service,18.3
FL00047,2025-07-21,In service,22.51
FL00047,2025-07-22,In service,9.06
FL00047,2025-07-23,Under maintenance,0.0
FL00047,2025-07-24,Under maintenance,0.0
FL00047,2025-07-25,In service,14.35
FL00047,2025-07-26,Under maintenance,0.0
FL00047,2025-07-27,In service,19.81
FL00047,2025-07-28,In service,12.11
FL00047,2025-07-29,In service,13.24
FL00047,2025-07-30,In service,7.84
FL00047,2025-07-31,In service,17.57
FL00047,2025-08-01,In service,12.63
FL00047,2025-08-02,In service,14.61
FL00047,2025-08-03,In service,9.6
FL00047,2025-08-04,In service,12.52
FL00047,2025-08-05,In service,12.55
FL00047,2025-08-06,In service,11.39
FL00047,2025-08-07,In service,8.39
FL00047,2025-08-08,In service,15.06
FL00047,2025-08-09,In service,14.38
FL00047,2025-08-10,In service,19.25
FL00047,2025-08-11,In service,25.05
FL00047,2025-08-12,Under maintenance,0.0
FL00047,2025-08-13,In service,20.66
FL00047,2025-08-14,In service,8.77
FL00047,2025-08-15,In service,9.8
FL00047,2025-08-16,In service,17.8
FL00047,2025-08-17,In service,15.91
FL00047,2025-08-18,In service,26.96
FL00047,2025-08-19,In service,19.84
FL00047,2025-08-20,In service,10.73
FL00047,2025-08-21,In service,4.73
FL00047,2025-08-22,In service,16.85
FL00047,2025-08-23,In service,17.86
FL00047,2025-08-24,Under maintenance,0.0
FL00047,2025-08-25,Under maintenance,0.0
FL00047,2025-08-26,Under maintenance,0.0
FL00047,2025-08-27,In service,16.03
FL00047,2025-08-28,In service,14.05
FL00047,2025-08-29,In service,10.93
FL00047,2025-08-30,In service,19.58
FL00047,2025-08-31,In service,9.52
FL00048,2025-06-01,In service,14.31
FL00048,2025-06-02,In service,11.01
FL00048,2025-06-03,In service,30.42
FL00048,2025-06-04,In service,23.74
FL00048,2025-06-05,In service,14.67
FL00048,2025-06-06,In service,14.19
FL00048,2025-06-07,In service,18.93
FL00048,2025-06-08,In service,29.65
FL00048,2025-06-09,In service,16.33
FL00048,2025-06-10,In service,8.51
FL00048,2025-06-11,Under maintenance,0.0
FL00048,2025-06-12,Under maintenance,0.0
FL00048,2025-06-13,In service,12.63
FL00048,2025-06-14,In service,21.12
FL00048,2025-06-15,In service,17.23
FL00048,2025-06-16,In service,25.04
FL00048,2025-06-17,In service,16.79
FL00048,2025-06-18,In service,11.85
FL00048,2025-06-19,In service,18.57
FL00048,2025-06-20,Under maintenance,0.0
FL00048,2025-06-21,Under maintenance,0.0
FL00048,2025-06-22,In service,13.24
FL00048,2025-06-23,In service,13.34
FL00048,2025-06-24,In service,15.0
FL00048,2025-06-25,In service,18.37
FL00048,2025-06-26,Under maintenance,0.0
FL00048,2025-06-27,Under maintenance,0.0
FL00048,2025-06-28,In service,14.52
FL00048,2025-06-29,Under maintenance,0.0
FL00048,2025-06-30,In service,27.15
FL00048,2025-07-01,In service,16.59
FL00048,2025-07-02,Under maintenance,0.0
FL00048,2025-07-03,In service,11.99
FL00048,2025-07-04,Under maintenance,0.0
FL00048,2025-07-05,In service,16.26
FL00048,2025-07-06,In service,21.73
FL00048,2025-07-07,In service,21.92
FL00048,2025-07-08,In service,18.03
FL00048,2025-07-09,Under maintenance,0.0
FL00048,2025-07-10,In service,16.55
FL00048,2025-07-11,In service,23.71
FL00048,2025-07-12,In service,15.97
FL00048,2025-07-13,In service,15.64
FL00048,2025-07-14,In service,19.75
FL00048,2025-07-15,Under maintenance,0.0
FL00048,2025-07-16,In service,7.28
FL00048,2025-07-17,In service,10.52
FL00048,2025-07-18,In service,6.74
FL00048,2025-07-19,In service,12.51
FL00048,2025-07-20,In service,19.19
FL00048,2025-07-21,Under maintenance,0.0
FL00048,2025-07-22,In service,11.15
FL00048,2025-07-23,In service,21.41
FL00048,2025-07-24,In service,23.62
FL00048,2025-07-25,In service,16.64
FL00048,2025-07-26,In service,15.05
FL00048,2025-07-27,Under maintenance,0.0
FL00048,2025-07-28,In service,19.13
FL00048,2025-07-29,In service,16.85
FL00048,2025-07-30,In service,15.17
FL00048,2025-07-31,In service,13.39
FL00048,2025-08-01,In service,16.81
FL00048,2025-08-02,Under maintenance,0.0
FL00048,2025-08-03,In service,19.19
FL00048,2025-08-04,In service,15.84
FL00048,2025-08-05,In service,13.47
FL00048,2025-08-06,In service,12.62
FL00048,2025-08-07,In service,20.79
FL00048,2025-08-08,In service,22.96
FL00048,2025-08-09,In service,28.58
FL00048,2025-08-10,In service,13.14
FL00048,2025-08-11,In service,14.46
FL00048,2025-08-12,Under maintenance,0.0
FL00048,2025-08-13,In service,9.05
FL00048,2025-08-14,In service,15.25
FL00048,2025-08-15,In service,7.97
FL00048,2025-08-16,In service,15.78
FL00048,2025-08-17,In service,9.96
FL00048,2025-08-18,In service,16.7
FL00048,2025-08-19,In service,6.94
FL00048,2025-08-20,In service,20.56
FL00048,2025-08-21,In service,21.48
FL00048,2025-08-22,In service,13.24
FL00048,2025-08-23,In service,30.01
FL00048,2025-08-24,In service,19.8
FL00048,2025-08-25,In service,12.09
FL00048,2025-08-26,In service,13.05
FL00048,2025-08-27,In service,8.98
FL00048,2025-08-28,In service,22.77
FL00048,2025-08-29,In service,17.84
FL00048,2025-08-30,In service,21.23
FL00048,2025-08-31,In service,7.04
FL00049,2025-06-01,Under maintenance,0.0
FL00049,2025-06-02,Under maintenance,0.0
FL00049,2025-06-03,In service,11.77
FL00049,2025-06-04,In service,18.94
FL00049,2025-06-05,Under maintenance,0.0
FL00049,2025-06-06,In service,16.3
FL00049,2025-06-07,In service,18.43
FL00049,2025-06-08,In service,12.89
FL00049,2025-06-09,In service,27.82
FL00049,2025-06-10,Under maintenance,0.0
FL00049,2025-06-11,In service,14.67
FL00049,2025-06-12,In service,19.06
FL00049,2025-06-13,In service,17.25
FL00049,2025-06-14,In service,12.3
FL00049,2025-06-15,In service,11.87
FL00049,2025-06-16,In service,19.89
FL00049,2025-06-17,In service,8.57
FL00049,2025-06-18,In service,20.88
FL00049,2025-06-19,In service,31.3
FL00049,2025-06-20,Under maintenance,0.0
FL00049,2025-06-21,In service,20.06
FL00049,2025-06-22,Under maintenance,0.0
FL00049,2025-06-23,In service,5.81
FL00049,2025-06-24,In service,7.21
FL00049,2025-06-25,In service,19.81
FL00049,2025-06-26,In service,13.21
FL00049,2025-06-27,Under maintenance,0.0
FL00049,2025-06-28,In service,19.96
FL00049,2025-06-29,Under maintenance,0.0
FL00049,2025-06-30,In service,12.04
FL00049,2025-07-01,Under maintenance,0.0
FL00049,2025-07-02,In service,12.33
FL00049,2025-07-03,In service,11.95
FL00049,2025-07-04,Under maintenance,0.0
FL00049,2025-07-05,Under maintenance,0.0
FL00049,2025-07-06,In service,11.91
FL00049,2025-07-07,Under maintenance,0.0
FL00049,2025-07-08,In service,12.26
FL00049,2025-07-09,In service,20.95
FL00049,2025-07-10,In service,19.78
FL00049,2025-07-11,In service,13.14
FL00049,2025-07-12,In service,16.81
FL00049,2025-07-13,In service,12.05
FL00049,2025-07-14,Under maintenance,0.0
FL00049,2025-07-15,In service,21.6
FL00049,2025-07-16,In service,14.33
FL00049,2025-07-17,In service,22.07
FL00049,2025-07-18,In service,16.85
FL00049,2025-07-19,In service,18.44
FL00049,2025-07-20,In service,15.37
FL00049,2025-07-21,In service,12.83
FL00049,2025-07-22,In service,17.11
FL00049,2025-07-23,Under maintenance,0.0
FL00049,2025-07-24,In service,19.26
FL00049,2025-07-25,In service,18.41
FL00049,2025-07-26,In service,16.69
FL00049,2025-07-27,In service,17.09
FL00049,2025-07-28,In service,9.86
FL00049,2025-07-29,In service,25.25
FL00049,2025-07-30,Under maintenance,0.0
FL00049,2025-07-31,In service,17.68
FL00049,2025-08-01,In service,20.0
FL00049,2025-08-02,In service,8.3
FL00049,2025-08-03,In service,16.57
FL00049,2025-08-04,In service,18.02
FL00049,2025-08-05,Under maintenance,0.0
FL00049,2025-08-06,In service,16.44
FL00049,2025-08-07,In service,18.09
FL00049,2025-08-08,In service,9.55
FL00049,2025-08-09,In service,12.23
FL00049,2025-08-10,Under maintenance,0.0
FL00049,2025-08-11,Under maintenance,0.0
FL00049,2025-08-12,In service,10.04
FL00049,2025-08-13,In service,20.88
FL00049,2025-08-14,In service,19.75
FL00049,2025-08-15,In service,10.64
FL00049,2025-08-16,In service,9.5
FL00049,2025-08-17,In service,19.44
FL00049,2025-08-18,In service,19.98
FL00049,2025-08-19,In service,11.49
FL00049,2025-08-20,In service,17.47
FL00049,2025-08-21,Under maintenance,0.0
FL00049,2025-08-22,In service,17.33
FL00049,2025-08-23,Under maintenance,0.0
FL00049,2025-08-24,In service,17.46
FL00049,2025-08-25,In service,12.28
FL00049,2025-08-26,In service,13.92
FL00049,2025-08-27,In service,26.68
FL00049,2025-08-28,In service,12.66
FL00049,2025-08-29,In service,21.36
FL00049,2025-08-30,In service,16.47
FL00049,2025-08-31,Under maintenance,0.0
FL00050,2025-06-01,In service,13.83
FL00050,2025-06-02,In service,6.69
FL00050,2025-06-03,In service,9.77
FL00050,2025-06-04,In service,18.93
FL00050,2025-06-05,Under maintenance,0.0
FL00050,2025-06-06,In service,18.97
FL00050,2025-06-07,In service,22.01
FL00050,2025-06-08,In service,12.31
FL00050,2025-06-09,In service,11.66
FL00050,2025-06-10,In service,5.11
FL00050,2025-06-11,In service,15.87
FL00050,2025-06-12,Under maintenance,0.0
FL00050,2025-06-13,Under maintenance,0.0
FL00050,2025-06-14,In service,14.21
FL00050,2025-06-15,Under maintenance,0.0
FL00050,2025-06-16,In service,14.87
FL00050,2025-06-17,In service,26.73
FL00050,2025-06-18,In service,14.85
FL00050,2025-06-19,In service,21.17
FL00050,2025-06-20,In service,22.91
FL00050,2025-06-21,In service,15.49
FL00050,2025-06-22,In service,23.21
FL00050,2025-06-23,In service,11.07
FL00050,2025-06-24,In service,11.79
FL00050,2025-06-25,In service,24.47
FL00050,2025-06-26,In service,15.48
FL00050,2025-06-27,Under maintenance,0.0
FL00050,2025-06-28,In service,13.65
FL00050,2025-06-29,In service,15.31
FL00050,2025-06-30,In service,14.96
FL00050,2025-07-01,In service,18.74
FL00050,2025-07-02,In service,17.65
FL00050,2025-07-03,In service,16.78
FL00050,2025-07-04,In service,15.83
FL00050,2025-07-05,In service,12.23
FL00050,2025-07-06,In service,13.27
FL00050,2025-07-07,In service,16.61
FL00050,2025-07-08,In service,21.2
FL00050,2025-07-09,In service,12.78
FL00050,2025-07-10,In service,15.5
FL00050,2025-07-11,Under maintenance,0.0
FL00050,2025-07-12,In service,23.89
FL00050,2025-07-13,In service,17.64
FL00050,2025-07-14,In service,5.37
FL00050,2025-07-15,Under maintenance,0.0
FL00050,2025-07-16,In service,9.27
FL00050,2025-07-17,In service,13.62
FL00050,2025-07-18,Under maintenance,0.0
FL00050,2025-07-19,In service,15.4
FL00050,2025-07-20,In service,19.93
FL00050,2025-07-21,In service,17.14
FL00050,2025-07-22,In service,5.76
FL00050,2025-07-23,Under maintenance,0.0
FL00050,2025-07-24,In service,18.79
FL00050,2025-07-25,In service,21.2
FL00050,2025-07-26,In service,12.22
FL00050,2025-07-27,In service,14.48
FL00050,2025-07-28,Under maintenance,0.0
FL00050,2025-07-29,In service,5.5
FL00050,2025-07-30,In service,18.02
FL00050,2025-07-31,In service,13.71
FL00050,2025-08-01,In service,15.32
FL00050,2025-08-02,In service,22.29
FL00050,2025-08-03,In service,17.52
FL00050,2025-08-04,In service,12.9
FL00050,2025-08-05,In service,17.97
FL00050,2025-08-06,In service,19.79
FL00050,2025-08-07,In service,12.79
FL00050,2025-08-08,Under maintenance,0.0
FL00050,2025-08-09,In service,17.37
FL00050,2025-08-10,In service,9.44
FL00050,2025-08-11,In service,24.96
FL00050,2025-08-12,In service,13.28
FL00050,2025-08-13,In service,23.31
FL00050,2025-08-14,In service,18.69
FL00050,2025-08-15,Under maintenance,0.0
FL00050,2025-08-16,Under maintenance,0.0
FL00050,2025-08-17,Under maintenance,0.0
FL00050,2025-08-18,In service,12.78
FL00050,2025-08-19,Under maintenance,0.0
FL00050,2025-08-20,Under maintenance,0.0
FL00050,2025-08-21,In service,15.42
FL00050,2025-08-22,In service,14.18
FL00050,2025-08-23,In service,13.75
FL00050,2025-08-24,In service,19.34
FL00050,2025-08-25,Under maintenance,0.0
FL00050,2025-08-26,In service,14.24
FL00050,2025-08-27,In service,15.74
FL00050,2025-08-28,In service,10.06
FL00050,2025-08-29,In service,21.06
FL00050,2025-08-30,In service,15.5
FL00050,2025-08-31,In service,18.95
FL00051,2025-06-01,In service,10.16
FL00051,2025-06-02,Under maintenance,0.0
FL00051,2025-06-03,Under maintenance,0.0
FL00051,2025-06-04,Under maintenance,0.0
FL00051,2025-06-05,In service,15.08
FL00051,2025-06-06,In service,6.37
FL00051,2025-06-07,In service,17.67
FL00051,2025-06-08,In service,24.31
FL00051,2025-06-09,In service,15.87
FL00051,2025-06-10,In service,20.99
FL00051,2025-06-11,In service,9.7
FL00051,2025-06-12,In service,16.81
FL00051,2025-06-13,Under maintenance,0.0
FL00051,2025-06-14,Under maintenance,0.0
FL00051,2025-06-15,In service,22.7
FL00051,2025-06-16,In service,17.25
FL00051,2025-06-17,In service,18.57
FL00051,2025-06-18,In service,18.74
FL00051,2025-06-19,In service,3.71
FL00051,2025-06-20,In service,17.88
FL00051,2025-06-21,In service,26.45
FL00051,2025-06-22,In service,18.49
FL00051,2025-06-23,In service,13.83
FL00051,2025-06-24,In service,9.64
FL00051,2025-06-25,In service,16.38
FL00051,2025-06-26,In service,17.27
FL00051,2025-06-27,In service,5.23
FL00051,2025-06-28,In service,15.16
FL00051,2025-06-29,In service,19.66
FL00051,2025-06-30,Under maintenance,0.0
FL00051,2025-07-01,In service,25.83
FL00051,2025-07-02,Under maintenance,0.0
FL00051,2025-07-03,In service,11.44
FL00051,2025-07-04,In service,11.29
FL00051,2025-07-05,In service,15.77
FL00051,2025-07-06,In service,10.74
FL00051,2025-07-07,In service,15.71
FL00051,2025-07-08,In service,14.72
FL00051,2025-07-09,In service,11.98
FL00051,2025-07-10,Under maintenance,0.0
FL00051,2025-07-11,Under maintenance,0.0
FL00051,2025-07-12,In service,17.52
FL00051,2025-07-13,In service,15.32
FL00051,2025-07-14,In service,19.38
FL00051,2025-07-15,In service,16.73
FL00051,2025-07-16,In service,9.41
FL00051,2025-07-17,Under maintenance,0.0
FL00051,2025-07-18,Under maintenance,0.0
FL00051,2025-07-19,In service,0.82
FL00051,2025-07-20,Under maintenance,0.0
FL00051,2025-07-21,In service,7.64
FL00051,2025-07-22,In service,19.5
FL00051,2025-07-23,In service,16.99
FL00051,2025-07-24,In service,13.4
FL00051,2025-07-25,In service,21.07
FL00051,2025-07-26,In service,15.94
FL00051,2025-07-27,In service,17.04
FL00051,2025-07-28,In service,9.26
FL00051,2025-07-29,Under maintenance,0.0
FL00051,2025-07-30,Under maintenance,0.0
FL00051,2025-07-31,In service,15.2
FL00051,2025-08-01,In service,21.22
FL00051,2025-08-02,In service,20.44
FL00051,2025-08-03,Under maintenance,0.0
FL00051,2025-08-04,Under maintenance,0.0
FL00051,2025-08-05,In service,20.7
FL00051,2025-08-06,In service,7.61
FL00051,2025-08-07,In service,8.05
FL00051,2025-08-08,In service,8.75
FL00051,2025-08-09,In service,19.13
FL00051,2025-08-10,In service,22.46
FL00051,2025-08-11,In service,7.5
FL00051,2025-08-12,In service,14.51
FL00051,2025-08-13,In service,22.55
FL00051,2025-08-14,Under maintenance,0.0
FL00051,2025-08-15,In service,9.53
FL00051,2025-08-16,In service,16.62
FL00051,2025-08-17,Under maintenance,0.0
FL00051,2025-08-18,In service,10.49
FL00051,2025-08-19,In service,16.49
FL00051,2025-08-20,In service,10.51
FL00051,2025-08-21,In service,6.49
FL00051,2025-08-22,Under maintenance,0.0
FL00051,2025-08-23,In service,4.77
FL00051,2025-08-24,Under maintenance,0.0
FL00051,2025-08-25,Under maintenance,0.0
FL00051,2025-08-26,In service,30.93
FL00051,2025-08-27,Under maintenance,0.0
FL00051,2025-08-28,In service,22.1
FL00051,2025-08-29,In service,17.33
FL00051,2025-08-30,Under maintenance,0.0
FL00051,2025-08-31,In service,18.6
FL00052,2025-06-01,Under maintenance,0.0
FL00052,2025-06-02,In service,20.54
FL00052,2025-06-03,In service,17.71
FL00052,2025-06-04,In service,25.47
FL00052,2025-06-05,Under maintenance,0.0
FL00052,2025-06-06,Under maintenance,0.0
FL00052,2025-06-07,In service,7.47
FL00052,2025-06-08,Under maintenance,0.0
FL00052,2025-06-09,In service,10.62
FL00052,2025-06-10,In service,13.94
FL00052,2025-06-11,In service,8.13
FL00052,2025-06-12,In service,16.32
FL00052,2025-06-13,In service,19.78
FL00052,2025-06-14,In service,14.98
FL00052,2025-06-15,In service,15.53
FL00052,2025-06-16,In service,18.0
FL00052,2025-06-17,In service,18.55
FL00052,2025-06-18,Under maintenance,0.0
FL00052,2025-06-19,In service,7.95
FL00052,2025-06-20,Under maintenance,0.0
FL00052,2025-06-21,Under maintenance,0.0
FL00052,2025-06-22,In service,29.73
FL00052,2025-06-23,In service,10.19
FL00052,2025-06-24,In service,26.16
FL00052,2025-06-25,In service,10.64
FL00052,2025-06-26,In service,17.99
FL00052,2025-06-27,In service,5.68
FL00052,2025-06-28,In service,16.05
FL00052,2025-06-29,In service,12.27
FL00052,2025-06-30,In service,15.77
FL00052,2025-07-01,In service,15.68
FL00052,2025-07-02,In service,10.82
FL00052,2025-07-03,Under maintenance,0.0
FL00052,2025-07-04,In service,11.23
FL00052,2025-07-05,In service,16.66
FL00052,2025-07-06,In service,18.41
FL00052,2025-07-07,In service,11.81
FL00052,2025-07-08,In service,17.42
FL00052,2025-07-09,Under maintenance,0.0
FL00052,2025-07-10,In service,5.5
FL00052,2025-07-11,In service,5.49
FL00052,2025-07-12,Under maintenance,0.0
FL00052,2025-07-13,In service,12.86
FL00052,2025-07-14,In service,15.01
FL00052,2025-07-15,In service,26.64
FL00052,2025-07-16,In service,12.28
FL00052,2025-07-17,In service,27.04
FL00052,2025-07-18,Under maintenance,0.0
FL00052,2025-07-19,In service,6.45
FL00052,2025-07-20,Under maintenance,0.0
FL00052,2025-07-21,In service,12.41
FL00052,2025-07-22,In service,13.0
FL00052,2025-07-23,In service,15.78
FL00052,2025-07-24,Under maintenance,0.0
FL00052,2025-07-25,In service,14.06
FL00052,2025-07-26,In service,15.63
FL00052,2025-07-27,In service,10.82
FL00052,2025-07-28,Under maintenance,0.0
FL00052,2025-07-29,In service,27.59
FL00052,2025-07-30,In service,10.57
FL00052,2025-07-31,Under maintenance,0.0
FL00052,2025-08-01,In service,22.23
FL00052,2025-08-02,In service,13.39
FL00052,2025-08-03,In service,16.4
FL00052,2025-08-04,Under maintenance,0.0
FL00052,2025-08-05,In service,17.56
FL00052,2025-08-06,In service,23.56
FL00052,2025-08-07,In service,15.82
FL00052,2025-08-08,Under maintenance,0.0
FL00052,2025-08-09,In service,7.55
FL00052,2025-08-10,In service,13.12
FL00052,2025-08-11,Under maintenance,0.0
FL00052,2025-08-12,In service,7.6
FL00052,2025-08-13,In service,20.88
FL00052,2025-08-14,In service,15.82
FL00052,2025-08-15,In service,12.78
FL00052,2025-08-16,In service,10.0
FL00052,2025-08-17,In service,13.44
FL00052,2025-08-18,Under maintenance,0.0
FL00052,2025-08-19,In service,23.68
FL00052,2025-08-20,In service,15.77
FL00052,2025-08-21,Under maintenance,0.0
FL00052,2025-08-22,In service,13.84
FL00052,2025-08-23,Under maintenance,0.0
FL00052,2025-08-24,In service,19.89
FL00052,2025-08-25,Under maintenance,0.0
FL00052,2025-08-26,Under maintenance,0.0
FL00052,2025-08-27,In service,14.55
FL00052,2025-08-28,Under maintenance,0.0
FL00052,2025-08-29,In service,8.69
FL00052,2025-08-30,In service,12.62
FL00052,2025-08-31,In service,19.47
FL00053,2025-06-01,In service,27.0
FL00053,2025-06-02,In service,6.86
FL00053,2025-06-03,In service,16.69
FL00053,2025-06-04,In service,17.82
FL00053,2025-06-05,In service,21.17
FL00053,2025-06-06,In service,18.51
FL00053,2025-06-07,Under maintenance,0.0
FL00053,2025-06-08,In service,18.79
FL00053,2025-06-09,Under maintenance,0.0
FL00053,2025-06-10,In service,16.19
FL00053,2025-06-11,In service,16.15
FL00053,2025-06-12,In service,25.35
FL00053,2025-06-13,In service,29.48
FL00053,2025-06-14,Under maintenance,0.0
FL00053,2025-06-15,In service,12.78
FL00053,2025-06-16,In service,23.2
FL00053,2025-06-17,Under maintenance,0.0
FL00053,2025-06-18,In service,12.78
FL00053,2025-06-19,In service,12.33
FL00053,2025-06-20,In service,12.47
FL00053,2025-06-21,In service,16.59
FL00053,2025-06-22,In service,14.63
FL00053,2025-06-23,In service,24.0
FL00053,2025-06-24,In service,18.56
FL00053,2025-06-25,In service,13.69
FL00053,2025-06-26,In service,21.45
FL00053,2025-06-27,Under maintenance,0.0
FL00053,2025-06-28,Under maintenance,0.0
FL00053,2025-06-29,In service,20.56
FL00053,2025-06-30,In service,19.45
FL00053,2025-07-01,In service,13.58
FL00053,2025-07-02,In service,11.66
FL00053,2025-07-03,In service,18.92
FL00053,2025-07-04,Under maintenance,0.0
FL00053,2025-07-05,In service,15.93
FL00053,2025-07-06,Under maintenance,0.0
FL00053,2025-07-07,Under maintenance,0.0
FL00053,2025-07-08,Under maintenance,0.0
FL00053,2025-07-09,In service,21.64
FL00053,2025-07-10,In service,3.77
FL00053,2025-07-11,In service,14.27
FL00053,2025-07-12,In service,10.8
FL00053,2025-07-13,In service,23.6
FL00053,2025-07-14,In service,19.14
FL00053,2025-07-15,In service,20.43
FL00053,2025-07-16,In service,19.96
FL00053,2025-07-17,In service,11.09
FL00053,2025-07-18,In service,14.46
FL00053,2025-07-19,In service,16.18
FL00053,2025-07-20,In service,28.73
FL00053,2025-07-21,In service,10.83
FL00053,2025-07-22,In service,8.57
FL00053,2025-07-23,Under maintenance,0.0
FL00053,2025-07-24,In service,11.48
FL00053,2025-07-25,In service,19.94
FL00053,2025-07-26,In service,10.65
FL00053,2025-07-27,In service,22.66
FL00053,2025-07-28,In service,11.95
FL00053,2025-07-29,In service,19.11
FL00053,2025-07-30,In service,14.07
FL00053,2025-07-31,In service,15.08
FL00053,2025-08-01,In service,16.48
FL00053,2025-08-02,In service,9.25
FL00053,2025-08-03,In service,8.4
FL00053,2025-08-04,In service,18.35
FL00053,2025-08-05,In service,13.52
FL00053,2025-08-06,In service,21.86
FL00053,2025-08-07,In service,16.75
FL00053,2025-08-08,Under maintenance,0.0
FL00053,2025-08-09,In service,12.9
FL00053,2025-08-10,In service,13.97
FL00053,2025-08-11,In service,16.93
FL00053,2025-08-12,In service,9.68
FL00053,2025-08-13,In service,13.83
FL00053,2025-08-14,In service,20.32
FL00053,2025-08-15,In service,10.47
FL00053,2025-08-16,In service,15.25
FL00053,2025-08-17,In service,24.88
FL00053,2025-08-18,Under maintenance,0.0
FL00053,2025-08-19,In service,18.94
FL00053,2025-08-20,In service,14.4
FL00053,2025-08-21,Under maintenance,0.0
FL00053,2025-08-22,In service,8.9
FL00053,2025-08-23,In service,15.4
FL00053,2025-08-24,Under maintenance,0.0
FL00053,2025-08-25,In service,12.0
FL00053,2025-08-26,In service,18.72
FL00053,2025-08-27,In service,13.14
FL00053,2025-08-28,In service,13.25
FL00053,2025-08-29,In service,15.99
FL00053,2025-08-30,In service,13.78
FL00053,2025-08-31,In service,19.25
FL00054,2025-06-01,Under maintenance,0.0
FL00054,2025-06-02,In service,17.37
FL00054,2025-06-03,In service,5.52
FL00054,2025-06-04,In service,8.16
FL00054,2025-06-05,In service,19.09
FL00054,2025-06-06,In service,21.88
FL00054,2025-06-07,Under maintenance,0.0
FL00054,2025-06-08,In service,8.31
FL00054,2025-06-09,In service,5.44
FL00054,2025-06-10,In service,6.69
FL00054,2025-06-11,Under maintenance,0.0
FL00054,2025-06-12,In service,16.73
FL00054,2025-06-13,In service,6.14
FL00054,2025-06-14,In service,12.44
FL00054,2025-06-15,Under maintenance,0.0
FL00054,2025-06-16,Under maintenance,0.0
FL00054,2025-06-17,In service,13.3
FL00054,2025-06-18,In service,15.64
FL00054,2025-06-19,In service,20.89
FL00054,2025-06-20,In service,14.25
FL00054,2025-06-21,In service,16.14
FL00054,2025-06-22,In service,15.82
FL00054,2025-06-23,Under maintenance,0.0
FL00054,2025-06-24,In service,19.62
FL00054,2025-06-25,In service,22.08
FL00054,2025-06-26,Under maintenance,0.0
FL00054,2025-06-27,In service,18.18
FL00054,2025-06-28,In service,5.87
FL00054,2025-06-29,In service,22.87
FL00054,2025-06-30,In service,18.12
FL00054,2025-07-01,In service,10.61
FL00054,2025-07-02,In service,12.46
FL00054,2025-07-03,In service,12.55
FL00054,2025-07-04,In service,12.84
FL00054,2025-07-05,In service,20.84
FL00054,2025-07-06,In service,21.35
FL00054,2025-07-07,In service,19.15
FL00054,2025-07-08,In service,10.61
FL00054,2025-07-09,In service,14.12
FL00054,2025-07-10,In service,12.05
FL00054,2025-07-11,In service,12.5
FL00054,2025-07-12,Under maintenance,0.0
FL00054,2025-07-13,In service,13.49
FL00054,2025-07-14,In service,18.17
FL00054,2025-07-15,In service,14.23
FL00054,2025-07-16,Under maintenance,0.0
FL00054,2025-07-17,In service,17.25
FL00054,2025-07-18,In service,13.29
FL00054,2025-07-19,Under maintenance,0.0
FL00054,2025-07-20,In service,25.11
FL00054,2025-07-21,In service,12.33
FL00054,2025-07-22,In service,11.65
FL00054,2025-07-23,In service,12.59
FL00054,2025-07-24,Under maintenance,0.0
FL00054,2025-07-25,In service,20.44
FL00054,2025-07-26,In service,12.9
FL00054,2025-07-27,In service,14.8
FL00054,2025-07-28,In service,20.99
FL00054,2025-07-29,In service,16.69
FL00054,2025-07-30,In service,25.08
FL00054,2025-07-31,In service,12.5
FL00054,2025-08-01,In service,23.74
FL00054,2025-08-02,In service,20.38
FL00054,2025-08-03,In service,16.89
FL00054,2025-08-04,In service,12.93
FL00054,2025-08-05,In service,16.88
FL00054,2025-08-06,Under maintenance,0.0
FL00054,2025-08-07,Under maintenance,0.0
FL00054,2025-08-08,In service,4.74
FL00054,2025-08-09,In service,8.85
FL00054,2025-08-10,In service,17.18
FL00054,2025-08-11,In service,17.66
FL00054,2025-08-12,In service,19.39
FL00054,2025-08-13,In service,15.03
FL00054,2025-08-14,In service,16.61
FL00054,2025-08-15,In service,20.2
FL00054,2025-08-16,In service,23.33
FL00054,2025-08-17,In service,10.92
FL00054,2025-08-18,In service,12.07
FL00054,2025-08-19,In service,13.4
FL00054,2025-08-20,In service,14.48
FL00054,2025-08-21,In service,19.08
FL00054,2025-08-22,In service,12.05
FL00054,2025-08-23,Under maintenance,0.0
FL00054,2025-08-24,In service,9.61
FL00054,2025-08-25,Under maintenance,0.0
FL00054,2025-08-26,In service,17.39
FL00054,2025-08-27,In service,31.67
FL00054,2025-08-28,In service,21.54
FL00054,2025-08-29,In service,15.74
FL00054,2025-08-30,Under maintenance,0.0
FL00054,2025-08-31,In service,12.27
FL00055,2025-06-01,In service,15.8
FL00055,2025-06-02,In service,8.15
FL00055,2025-06-03,In service,22.73
FL00055,2025-06-04,In service,17.43
FL00055,2025-06-05,Under maintenance,0.0
FL00055,2025-06-06,Under maintenance,0.0
FL00055,2025-06-07,In service,12.8
FL00055,2025-06-08,In service,18.85
FL00055,2025-06-09,In service,18.04
FL00055,2025-06-10,Under maintenance,0.0
FL00055,2025-06-11,In service,18.23
FL00055,2025-06-12,In service,15.59
FL00055,2025-06-13,In service,13.87
FL00055,2025-06-14,Under maintenance,0.0
FL00055,2025-06-15,Under maintenance,0.0
FL00055,2025-06-16,In service,13.35
FL00055,2025-06-17,In service,18.46
FL00055,2025-06-18,Under maintenance,0.0
FL00055,2025-06-19,Under maintenance,0.0
FL00055,2025-06-20,In service,17.63
FL00055,2025-06-21,In service,17.43
FL00055,2025-06-22,In service,20.04
FL00055,2025-06-23,In service,19.07
FL00055,2025-06-24,In service,22.7
FL00055,2025-06-25,In service,20.92
FL00055,2025-06-26,In service,18.1
FL00055,2025-06-27,Under maintenance,0.0
FL00055,2025-06-28,Under maintenance,0.0
FL00055,2025-06-29,In service,20.97
FL00055,2025-06-30,Under maintenance,0.0
FL00055,2025-07-01,Under maintenance,0.0
FL00055,2025-07-02,In service,20.66
FL00055,2025-07-03,In service,21.33
FL00055,2025-07-04,In service,12.21
FL00055,2025-07-05,In service,14.63
FL00055,2025-07-06,In service,15.53
FL00055,2025-07-07,In service,20.07
FL00055,2025-07-08,In service,18.75
FL00055,2025-07-09,In service,13.26
FL00055,2025-07-10,In service,16.85
FL00055,2025-07-11,Under maintenance,0.0
FL00055,2025-07-12,In service,21.3
FL00055,2025-07-13,In service,12.38
FL00055,2025-07-14,In service,16.05
FL00055,2025-07-15,In service,18.9
FL00055,2025-07-16,In service,19.93
FL00055,2025-07-17,In service,22.32
FL00055,2025-07-18,In service,29.63
FL00055,2025-07-19,In service,15.3
FL00055,2025-07-20,In service,19.38
FL00055,2025-07-21,In service,10.39
FL00055,2025-07-22,Under maintenance,0.0
FL00055,2025-07-23,In service,13.18
FL00055,2025-07-24,Under maintenance,0.0
FL00055,2025-07-25,In service,11.83
FL00055,2025-07-26,In service,12.81
FL00055,2025-07-27,In service,17.43
FL00055,2025-07-28,In service,19.73
FL00055,2025-07-29,In service,14.39
FL00055,2025-07-30,In service,15.58
FL00055,2025-07-31,In service,4.59
FL00055,2025-08-01,Under maintenance,0.0
FL00055,2025-08-02,In service,20.99
FL00055,2025-08-03,In service,16.58
FL00055,2025-08-04,In service,19.27
FL00055,2025-08-05,In service,16.73
FL00055,2025-08-06,In service,22.24
FL00055,2025-08-07,Under maintenance,0.0
FL00055,2025-08-08,In service,9.65
FL00055,2025-08-09,In service,2.54
FL00055,2025-08-10,In service,12.1
FL00055,2025-08-11,In service,21.14
FL00055,2025-08-12,In service,22.43
FL00055,2025-08-13,Under maintenance,0.0
FL00055,2025-08-14,In service,13.04
FL00055,2025-08-15,In service,19.97
FL00055,2025-08-16,In service,7.3
FL00055,2025-08-17,In service,16.65
FL00055,2025-08-18,In service,11.58
FL00055,2025-08-19,In service,8.03
FL00055,2025-08-20,Under maintenance,0.0
FL00055,2025-08-21,In service,18.95
FL00055,2025-08-22,In service,20.89
FL00055,2025-08-23,In service,17.43
FL00055,2025-08-24,In service,18.65
FL00055,2025-08-25,Under maintenance,0.0
FL00055,2025-08-26,Under maintenance,0.0
FL00055,2025-08-27,In service,20.34
FL00055,2025-08-28,In service,25.66
FL00055,2025-08-29,In service,23.14
FL00055,2025-08-30,In service,19.92
FL00055,2025-08-31,Under maintenance,0.0
FL00056,2025-06-01,In service,23.27
FL00056,2025-06-02,In service,20.99
FL00056,2025-06-03,In service,22.28
FL00056,2025-06-04,In service,10.32
FL00056,2025-06-05,Under maintenance,0.0
FL00056,2025-06-06,In service,15.02
FL00056,2025-06-07,In service,19.59
FL00056,2025-06-08,In service,13.18
FL00056,2025-06-09,Under maintenance,0.0
FL00056,2025-06-10,Under maintenance,0.0
FL00056,2025-06-11,Under maintenance,0.0
FL00056,2025-06-12,In service,20.13
FL00056,2025-06-13,In service,12.01
FL00056,2025-06-14,In service,23.2
FL00056,2025-06-15,In service,16.83
FL00056,2025-06-16,In service,19.29
FL00056,2025-06-17,In service,16.48
FL00056,2025-06-18,Under maintenance,0.0
FL00056,2025-06-19,In service,20.31
FL00056,2025-06-20,In service,19.47
FL00056,2025-06-21,In service,17.53
FL00056,2025-06-22,In service,14.7
FL00056,2025-06-23,In service,11.14
FL00056,2025-06-24,In service,26.67
FL00056,2025-06-25,In service,13.43
FL00056,2025-06-26,In service,14.61
FL00056,2025-06-27,In service,15.42
FL00056,2025-06-28,In service,13.31
FL00056,2025-06-29,In service,18.5
FL00056,2025-06-30,In service,13.39
FL00056,2025-07-01,In service,14.5
FL00056,2025-07-02,In service,13.04
FL00056,2025-07-03,In service,14.4
FL00056,2025-07-04,In service,10.33
FL00056,2025-07-05,In service,9.32
FL00056,2025-07-06,In service,24.13
FL00056,2025-07-07,In service,20.34
FL00056,2025-07-08,In service,23.15
FL00056,2025-07-09,In service,23.68
FL00056,2025-07-10,In service,11.68
FL00056,2025-07-11,In service,22.89
FL00056,2025-07-12,In service,21.27
FL00056,2025-07-13,Under maintenance,0.0
FL00056,2025-07-14,Under maintenance,0.0
FL00056,2025-07-15,In service,15.35
FL00056,2025-07-16,In service,20.45
FL00056,2025-07-17,In service,3.37
FL00056,2025-07-18,Under maintenance,0.0
FL00056,2025-07-19,In service,16.64
FL00056,2025-07-20,In service,20.77
FL00056,2025-07-21,Under maintenance,0.0
FL00056,2025-07-22,In service,14.16
FL00056,2025-07-23,Under maintenance,0.0
FL00056,2025-07-24,In service,16.4
FL00056,2025-07-25,In service,17.95
FL00056,2025-07-26,In service,14.38
FL00056,2025-07-27,In service,14.17
FL00056,2025-07-28,In service,16.43
FL00056,2025-07-29,In service,17.47
FL00056,2025-07-30,In service,17.56
FL00056,2025-07-31,Under maintenance,0.0
FL00056,2025-08-01,Under maintenance,0.0
FL00056,2025-08-02,In service,19.65
FL00056,2025-08-03,In service,17.73
FL00056,2025-08-04,In service,17.43
FL00056,2025-08-05,In service,9.4
FL00056,2025-08-06,In service,21.19
FL00056,2025-08-07,In service,15.57
FL00056,2025-08-08,Under maintenance,0.0
FL00056,2025-08-09,Under maintenance,0.0
FL00056,2025-08-10,Under maintenance,0.0
FL00056,2025-08-11,In service,8.5
FL00056,2025-08-12,In service,16.7
FL00056,2025-08-13,In service,17.71
FL00056,2025-08-14,In service,21.77
FL00056,2025-08-15,In service,15.38
FL00056,2025-08-16,In service,25.99
FL00056,2025-08-17,In service,11.13
FL00056,2025-08-18,In service,21.6
FL00056,2025-08-19,In service,13.61
FL00056,2025-08-20,In service,20.69
FL00056,2025-08-21,In service,12.72
FL00056,2025-08-22,In service,9.27
FL00056,2025-08-23,In service,20.76
FL00056,2025-08-24,In service,14.39
FL00056,2025-08-25,Under maintenance,0.0
FL00056,2025-08-26,In service,9.44
FL00056,2025-08-27,In service,14.1
FL00056,2025-08-28,In service,19.72
FL00056,2025-08-29,Under maintenance,0.0
FL00056,2025-08-30,In service,15.35
FL00056,2025-08-31,In service,14.77
FL00057,2025-06-01,In service,15.81
FL00057,2025-06-02,In service,24.42
FL00057,2025-06-03,In service,32.48
FL00057,2025-06-04,Under maintenance,0.0
FL00057,2025-06-05,Under maintenance,0.0
FL00057,2025-06-06,In service,8.77
FL00057,2025-06-07,In service,29.7
FL00057,2025-06-08,Under maintenance,0.0
FL00057,2025-06-09,In service,26.62
FL00057,2025-06-10,In service,27.23
FL00057,2025-06-11,In service,18.78
FL00057,2025-06-12,In service,11.85
FL00057,2025-06-13,In service,6.71
FL00057,2025-06-14,In service,19.28
FL00057,2025-06-15,In service,14.76
FL00057,2025-06-16,In service,9.13
FL00057,2025-06-17,Under maintenance,0.0
FL00057,2025-06-18,In service,15.61
FL00057,2025-06-19,In service,15.08
FL00057,2025-06-20,In service,19.39
FL00057,2025-06-21,In service,9.2
FL00057,2025-06-22,In service,15.96
FL00057,2025-06-23,Under maintenance,0.0
FL00057,2025-06-24,Under maintenance,0.0
FL00057,2025-06-25,In service,13.49
FL00057,2025-06-26,In service,12.21
FL00057,2025-06-27,In service,18.42
FL00057,2025-06-28,In service,19.85
FL00057,2025-06-29,In service,14.42
FL00057,2025-06-30,In service,13.5
FL00057,2025-07-01,In service,21.52
FL00057,2025-07-02,In service,26.11
FL00057,2025-07-03,Under maintenance,0.0
FL00057,2025-07-04,In service,17.64
FL00057,2025-07-05,In service,16.29
FL00057,2025-07-06,Under maintenance,0.0
FL00057,2025-07-07,In service,16.0
FL00057,2025-07-08,In service,1.67
FL00057,2025-07-09,In service,18.6
FL00057,2025-07-10,In service,1.74
FL00057,2025-07-11,In service,13.12
FL00057,2025-07-12,In service,2.49
FL00057,2025-07-13,In service,11.85
FL00057,2025-07-14,Under maintenance,0.0
FL00057,2025-07-15,Under maintenance,0.0
FL00057,2025-07-16,In service,22.23
FL00057,2025-07-17,In service,13.57
FL00057,2025-07-18,Under maintenance,0.0
FL00057,2025-07-19,In service,6.52
FL00057,2025-07-20,Under maintenance,0.0
FL00057,2025-07-21,In service,8.04
FL00057,2025-07-22,In service,19.43
FL00057,2025-07-23,In service,18.07
FL00057,2025-07-24,In service,11.59
FL00057,2025-07-25,In service,17.82
FL00057,2025-07-26,Under maintenance,0.0
FL00057,2025-07-27,Under maintenance,0.0
FL00057,2025-07-28,In service,13.69
FL00057,2025-07-29,In service,24.03
FL00057,2025-07-30,In service,13.27
FL00057,2025-07-31,In service,14.78
FL00057,2025-08-01,In service,23.03
FL00057,2025-08-02,In service,12.45
FL00057,2025-08-03,In service,8.78
FL00057,2025-08-04,In service,16.94
FL00057,2025-08-05,In service,22.81
FL00057,2025-08-06,In service,15.0
FL00057,2025-08-07,In service,6.73
FL00057,2025-08-08,Under maintenance,0.0
FL00057,2025-08-09,In service,20.28
FL00057,2025-08-10,Under maintenance,0.0
FL00057,2025-08-11,In service,18.24
FL00057,2025-08-12,In service,15.99
FL00057,2025-08-13,In service,12.98
FL00057,2025-08-14,Under maintenance,0.0
FL00057,2025-08-15,In service,30.65
FL00057,2025-08-16,Under maintenance,0.0
FL00057,2025-08-17,In service,25.23
FL00057,2025-08-18,In service,13.43
FL00057,2025-08-19,In service,14.21
FL00057,2025-08-20,In service,13.67
FL00057,2025-08-21,In service,16.56
FL00057,2025-08-22,In service,16.44
FL00057,2025-08-23,In service,18.36
FL00057,2025-08-24,In service,18.77
FL00057,2025-08-25,In service,11.97
FL00057,2025-08-26,In service,15.26
FL00057,2025-08-27,In service,17.14
FL00057,2025-08-28,In service,24.15
FL00057,2025-08-29,Under maintenance,0.0
FL00057,2025-08-30,In service,12.71
FL00057,2025-08-31,In service,10.02
FL00058,2025-06-01,In service,21.64
FL00058,2025-06-02,In service,5.9
FL00058,2025-06-03,In service,15.25
FL00058,2025-06-04,In service,16.67
FL00058,2025-06-05,In service,12.58
FL00058,2025-06-06,In service,20.92
FL00058,2025-06-07,In service,16.75
FL00058,2025-06-08,In service,17.04
FL00058,2025-06-09,In service,12.56
FL00058,2025-06-10,In service,22.45
FL00058,2025-06-11,Under maintenance,0.0
FL00058,2025-06-12,In service,15.19
FL00058,2025-06-13,In service,15.7
FL00058,2025-06-14,In service,13.45
FL00058,2025-06-15,In service,21.36
FL00058,2025-06-16,In service,13.54
FL00058,2025-06-17,In service,19.53
FL00058,2025-06-18,In service,10.68
FL00058,2025-06-19,In service,11.61
FL00058,2025-06-20,In service,12.22
FL00058,2025-06-21,In service,17.04
FL00058,2025-06-22,In service,1.11
FL00058,2025-06-23,In service,10.16
FL00058,2025-06-24,In service,8.78
FL00058,2025-06-25,In service,15.32
FL00058,2025-06-26,Under maintenance,0.0
FL00058,2025-06-27,In service,18.18
FL00058,2025-06-28,Under maintenance,0.0
FL00058,2025-06-29,Under maintenance,0.0
FL00058,2025-06-30,In service,17.3
FL00058,2025-07-01,In service,12.92
FL00058,2025-07-02,In service,13.93
FL00058,2025-07-03,Under maintenance,0.0
FL00058,2025-07-04,In service,12.4
FL00058,2025-07-05,In service,20.7
FL00058,2025-07-06,In service,19.18
FL00058,2025-07-07,In service,26.49
FL00058,2025-07-08,In service,16.93
FL00058,2025-07-09,In service,13.19
FL00058,2025-07-10,In service,10.25
FL00058,2025-07-11,In service,19.0
FL00058,2025-07-12,In service,13.39
FL00058,2025-07-13,In service,16.74
FL00058,2025-07-14,In service,12.26
FL00058,2025-07-15,In service,17.02
FL00058,2025-07-16,In service,20.01
FL00058,2025-07-17,In service,22.85
FL00058,2025-07-18,In service,11.11
FL00058,2025-07-19,In service,15.49
FL00058,2025-07-20,In service,8.94
FL00058,2025-07-21,In service,20.9
FL00058,2025-07-22,In service,21.78
FL00058,2025-07-23,Under maintenance,0.0
FL00058,2025-07-24,In service,18.93
FL00058,2025-07-25,In service,16.55
FL00058,2025-07-26,In service,17.31
FL00058,2025-07-27,In service,14.45
FL00058,2025-07-28,In service,10.53
FL00058,2025-07-29,Under maintenance,0.0
FL00058,2025-07-30,Under maintenance,0.0
FL00058,2025-07-31,In service,11.13
FL00058,2025-08-01,In service,19.2
FL00058,2025-08-02,In service,9.74
FL00058,2025-08-03,In service,15.46
FL00058,2025-08-04,Under maintenance,0.0
FL00058,2025-08-05,In service,22.05
FL00058,2025-08-06,In service,7.54
FL00058,2025-08-07,Under maintenance,0.0
FL00058,2025-08-08,In service,13.97
FL00058,2025-08-09,In service,9.68
FL00058,2025-08-10,Under maintenance,0.0
FL00058,2025-08-11,In service,17.0
FL00058,2025-08-12,Under maintenance,0.0
FL00058,2025-08-13,In service,11.16
FL00058,2025-08-14,Under maintenance,0.0
FL00058,2025-08-15,Under maintenance,0.0
FL00058,2025-08-16,Under maintenance,0.0
FL00058,2025-08-17,In service,5.8
FL00058,2025-08-18,In service,11.81
FL00058,2025-08-19,In service,24.54
FL00058,2025-08-20,In service,23.97
FL00058,2025-08-21,Under maintenance,0.0
FL00058,2025-08-22,Under maintenance,0.0
FL00058,2025-08-23,In service,14.06
FL00058,2025-08-24,In service,13.05
FL00058,2025-08-25,In service,15.97
FL00058,2025-08-26,In service,16.93
FL00058,2025-08-27,In service,21.56
FL00058,2025-08-28,In service,12.06
FL00058,2025-08-29,In service,15.66
FL00058,2025-08-30,Under maintenance,0.0
FL00058,2025-08-31,In service,11.86
FL00059,2025-06-01,In service,9.49
FL00059,2025-06-02,In service,10.96
FL00059,2025-06-03,In service,10.8
FL00059,2025-06-04,Under maintenance,0.0
FL00059,2025-06-05,In service,27.47
FL00059,2025-06-06,In service,23.09
FL00059,2025-06-07,Under maintenance,0.0
FL00059,2025-06-08,In service,11.09
FL00059,2025-06-09,In service,12.45
FL00059,2025-06-10,In service,20.73
FL00059,2025-06-11,In service,7.8
FL00059,2025-06-12,In service,14.36
FL00059,2025-06-13,In service,21.77
FL00059,2025-06-14,In service,11.36
FL00059,2025-06-15,In service,10.14
FL00059,2025-06-16,Under maintenance,0.0
FL00059,2025-06-17,In service,16.83
FL00059,2025-06-18,In service,19.75
FL00059,2025-06-19,In service,13.61
FL00059,2025-06-20,Under maintenance,0.0
FL00059,2025-06-21,In service,16.45
FL00059,2025-06-22,In service,23.4
FL00059,2025-06-23,In service,13.96
FL00059,2025-06-24,In service,18.32
FL00059,2025-06-25,In service,15.08
FL00059,2025-06-26,In service,11.47
FL00059,2025-06-27,In service,20.64
FL00059,2025-06-28,Under maintenance,0.0
FL00059,2025-06-29,In service,13.94
FL00059,2025-06-30,In service,12.48
FL00059,2025-07-01,In service,10.59
FL00059,2025-07-02,In service,10.4
FL00059,2025-07-03,Under maintenance,0.0
FL00059,2025-07-04,In service,12.98
FL00059,2025-07-05,In service,14.9
FL00059,2025-07-06,In service,17.3
FL00059,2025-07-07,In service,13.05
FL00059,2025-07-08,Under maintenance,0.0
FL00059,2025-07-09,Under maintenance,0.0
FL00059,2025-07-10,In service,20.11
FL00059,2025-07-11,In service,13.53
FL00059,2025-07-12,In service,17.79
FL00059,2025-07-13,In service,21.65
FL00059,2025-07-14,Under maintenance,0.0
FL00059,2025-07-15,In service,18.68
FL00059,2025-07-16,In service,11.02
FL00059,2025-07-17,In service,15.89
FL00059,2025-07-18,In service,15.07
FL00059,2025-07-19,In service,19.76
FL00059,2025-07-20,In service,13.65
FL00059,2025-07-21,Under maintenance,0.0
FL00059,2025-07-22,In service,10.68
FL00059,2025-07-23,In service,15.85
FL00059,2025-07-24,Under maintenance,0.0
FL00059,2025-07-25,In service,9.34
FL00059,2025-07-26,In service,13.89
FL00059,2025-07-27,In service,19.37
FL00059,2025-07-28,In service,15.17
FL00059,2025-07-29,In service,16.31
FL00059,2025-07-30,In service,23.41
FL00059,2025-07-31,In service,11.91
FL00059,2025-08-01,In service,17.62
FL00059,2025-08-02,Under maintenance,0.0
FL00059,2025-08-03,Under maintenance,0.0
FL00059,2025-08-04,In service,6.12
FL00059,2025-08-05,In service,17.69
FL00059,2025-08-06,Under maintenance,0.0
FL00059,2025-08-07,In service,26.24
FL00059,2025-08-08,In service,10.45
FL00059,2025-08-09,In service,19.32
FL00059,2025-08-10,In service,25.66
FL00059,2025-08-11,In service,13.32
FL00059,2025-08-12,In service,14.03
FL00059,2025-08-13,In service,14.18
FL00059,2025-08-14,Under maintenance,0.0
FL00059,2025-08-15,In service,19.17
FL00059,2025-08-16,In service,16.99
FL00059,2025-08-17,In service,14.91
FL00059,2025-08-18,In service,15.04
FL00059,2025-08-19,In service,13.16
FL00059,2025-08-20,In service,18.73
FL00059,2025-08-21,In service,15.67
FL00059,2025-08-22,In service,16.97
FL00059,2025-08-23,In service,15.89
FL00059,2025-08-24,In service,10.66
FL00059,2025-08-25,In service,15.65
FL00059,2025-08-26,Under maintenance,0.0
FL00059,2025-08-27,In service,16.74
FL00059,2025-08-28,In service,22.04
FL00059,2025-08-29,In service,16.79
FL00059,2025-08-30,In service,13.77
FL00059,2025-08-31,Under maintenance,0.0
FL00060,2025-06-01,Under maintenance,0.0
FL00060,2025-06-02,In service,10.56
FL00060,2025-06-03,In service,18.0
FL00060,2025-06-04,Under maintenance,0.0
FL00060,2025-06-05,In service,7.87
FL00060,2025-06-06,In service,17.5
FL00060,2025-06-07,In service,11.14
FL00060,2025-06-08,In service,13.96
FL00060,2025-06-09,In service,18.94
FL00060,2025-06-10,Under maintenance,0.0
FL00060,2025-06-11,Under maintenance,0.0
FL00060,2025-06-12,Under maintenance,0.0
FL00060,2025-06-13,In service,11.22
FL00060,2025-06-14,In service,9.03
FL00060,2025-06-15,In service,21.26
FL00060,2025-06-16,Under maintenance,0.0
FL00060,2025-06-17,In service,16.93
FL00060,2025-06-18,In service,16.32
FL00060,2025-06-19,In service,13.51
FL00060,2025-06-20,In service,14.67
FL00060,2025-06-21,In service,12.79
FL00060,2025-06-22,In service,12.54
FL00060,2025-06-23,Under maintenance,0.0
FL00060,2025-06-24,Under maintenance,0.0
FL00060,2025-06-25,In service,16.75
FL00060,2025-06-26,In service,17.88
FL00060,2025-06-27,In service,12.65
FL00060,2025-06-28,In service,18.61
FL00060,2025-06-29,Under maintenance,0.0
FL00060,2025-06-30,In service,14.27
FL00060,2025-07-01,In service,13.44
FL00060,2025-07-02,In service,8.68
FL00060,2025-07-03,In service,20.42
FL00060,2025-07-04,Under maintenance,0.0
FL00060,2025-07-05,In service,12.45
FL00060,2025-07-06,In service,9.52
FL00060,2025-07-07,In service,18.35
FL00060,2025-07-08,In service,17.88
FL00060,2025-07-09,In service,14.01
FL00060,2025-07-10,In service,15.11
FL00060,2025-07-11,In service,16.38
FL00060,2025-07-12,In service,11.79
FL00060,2025-07-13,Under maintenance,0.0
FL00060,2025-07-14,Under maintenance,0.0
FL00060,2025-07-15,In service,15.49
FL00060,2025-07-16,In service,19.3
FL00060,2025-07-17,In service,19.02
FL00060,2025-07-18,In service,26.81
FL00060,2025-07-19,In service,13.31
FL00060,2025-07-20,In service,11.57
FL00060,2025-07-21,In service,22.47
FL00060,2025-07-22,Under maintenance,0.0
FL00060,2025-07-23,In service,9.95
FL00060,2025-07-24,In service,14.97
FL00060,2025-07-25,In service,12.42
FL00060,2025-07-26,In service,12.01
FL00060,2025-07-27,In service,20.08
FL00060,2025-07-28,In service,16.98
FL00060,2025-07-29,In service,6.93
FL00060,2025-07-30,In service,19.71
FL00060,2025-07-31,In service,19.21
FL00060,2025-08-01,In service,17.64
FL00060,2025-08-02,In service,14.4
FL00060,2025-08-03,In service,18.78
FL00060,2025-08-04,In service,19.29
FL00060,2025-08-05,Under maintenance,0.0
FL00060,2025-08-06,In service,24.65
FL00060,2025-08-07,In service,19.31
FL00060,2025-08-08,In service,7.33
FL00060,2025-08-09,In service,8.17
FL00060,2025-08-10,In service,21.06
FL00060,2025-08-11,In service,20.02
FL00060,2025-08-12,In service,18.88
FL00060,2025-08-13,In service,16.46
FL00060,2025-08-14,In service,18.52
FL00060,2025-08-15,In service,12.96
FL00060,2025-08-16,In service,13.38
FL00060,2025-08-17,In service,16.12
FL00060,2025-08-18,In service,14.02
FL00060,2025-08-19,In service,11.6
FL00060,2025-08-20,In service,31.69
FL00060,2025-08-21,In service,17.04
FL00060,2025-08-22,Under maintenance,0.0
FL00060,2025-08-23,Under maintenance,0.0
FL00060,2025-08-24,In service,20.92
FL00060,2025-08-25,In service,10.19
FL00060,2025-08-26,In service,10.96
FL00060,2025-08-27,Under maintenance,0.0
FL00060,2025-08-28,Under maintenance,0.0
FL00060,2025-08-29,In service,20.6
FL00060,2025-08-30,In service,24.18
FL00060,2025-08-31,Under maintenance,0.0
FL00061,2025-06-01,In service,13.3
FL00061,2025-06-02,In service,13.87
FL00061,2025-06-03,In service,20.19
FL00061,2025-06-04,In service,14.75
FL00061,2025-06-05,In service,15.19
FL00061,2025-06-06,In service,1.53
FL00061,2025-06-07,In service,21.96
FL00061,2025-06-08,In service,10.67
FL00061,2025-06-09,Under maintenance,0.0
FL00061,2025-06-10,In service,15.31
FL00061,2025-06-11,In service,26.75
FL00061,2025-06-12,In service,18.14
FL00061,2025-06-13,In service,21.89
FL00061,2025-06-14,In service,22.66
FL00061,2025-06-15,Under maintenance,0.0
FL00061,2025-06-16,In service,7.28
FL00061,2025-06-17,In service,19.55
FL00061,2025-06-18,In service,6.45
FL00061,2025-06-19,In service,12.05
FL00061,2025-06-20,In service,13.27
FL00061,2025-06-21,Under maintenance,0.0
FL00061,2025-06-22,In service,13.41
FL00061,2025-06-23,In service,16.59
FL00061,2025-06-24,In service,23.06
FL00061,2025-06-25,In service,21.17
FL00061,2025-06-26,In service,14.52
FL00061,2025-06-27,In service,9.8
FL00061,2025-06-28,In service,18.81
FL00061,2025-06-29,In service,16.92
FL00061,2025-06-30,In service,11.55
FL00061,2025-07-01,In service,16.02
FL00061,2025-07-02,In service,27.38
FL00061,2025-07-03,In service,21.33
FL00061,2025-07-04,In service,22.54
FL00061,2025-07-05,In service,12.59
FL00061,2025-07-06,Under maintenance,0.0
FL00061,2025-07-07,In service,11.89
FL00061,2025-07-08,In service,13.61
FL00061,2025-07-09,Under maintenance,0.0
FL00061,2025-07-10,Under maintenance,0.0
FL00061,2025-07-11,In service,14.48
FL00061,2025-07-12,In service,6.43
FL00061,2025-07-13,In service,13.1
FL00061,2025-07-14,In service,10.23
FL00061,2025-07-15,In service,10.2
FL00061,2025-07-16,In service,13.78
FL00061,2025-07-17,In service,7.32
FL00061,2025-07-18,In service,24.26
FL00061,2025-07-19,In service,21.57
FL00061,2025-07-20,In service,15.03
FL00061,2025-07-21,In service,15.48
FL00061,2025-07-22,Under maintenance,0.0
FL00061,2025-07-23,In service,15.58
FL00061,2025-07-24,In service,16.35
FL00061,2025-07-25,In service,13.01
FL00061,2025-07-26,In service,14.65
FL00061,2025-07-27,Under maintenance,0.0
FL00061,2025-07-28,In service,17.31
FL00061,2025-07-29,Under maintenance,0.0
FL00061,2025-07-30,In service,24.83
FL00061,2025-07-31,In service,13.46
FL00061,2025-08-01,In service,19.89
FL00061,2025-08-02,In service,23.63
FL00061,2025-08-03,In service,23.77
FL00061,2025-08-04,In service,23.02
FL00061,2025-08-05,In service,18.13
FL00061,2025-08-06,In service,14.89
FL00061,2025-08-07,In service,6.25
FL00061,2025-08-08,In service,11.1
FL00061,2025-08-09,In service,15.67
FL00061,2025-08-10,In service,19.76
FL00061,2025-08-11,In service,18.6
FL00061,2025-08-12,In service,9.93
FL00061,2025-08-13,In service,13.71
FL00061,2025-08-14,In service,23.27
FL00061,2025-08-15,In service,15.12
FL00061,2025-08-16,In service,1.5
FL00061,2025-08-17,In service,18.67
FL00061,2025-08-18,In service,13.98
FL00061,2025-08-19,In service,7.77
FL00061,2025-08-20,In service,17.15
FL00061,2025-08-21,In service,14.91
FL00061,2025-08-22,In service,15.33
FL00061,2025-08-23,Under maintenance,0.0
FL00061,2025-08-24,In service,16.47
FL00061,2025-08-25,Under maintenance,0.0
FL00061,2025-08-26,Under maintenance,0.0
FL00061,2025-08-27,In service,12.56
FL00061,2025-08-28,In service,14.47
FL00061,2025-08-29,In service,15.52
FL00061,2025-08-30,In service,9.51
FL00061,2025-08-31,In service,13.53
FL00062,2025-06-01,In service,25.45
FL00062,2025-06-02,In service,15.24
FL00062,2025-06-03,In service,17.02
FL00062,2025-06-04,In service,13.1
FL00062,2025-06-05,Under maintenance,0.0
FL00062,2025-06-06,In service,12.96
FL00062,2025-06-07,In service,12.17
FL00062,2025-06-08,In service,13.37
FL00062,2025-06-09,In service,27.56
FL00062,2025-06-10,In service,15.63
FL00062,2025-06-11,In service,11.7
FL00062,2025-06-12,In service,10.57
FL00062,2025-06-13,In service,21.18
FL00062,2025-06-14,In service,17.72
FL00062,2025-06-15,Under maintenance,0.0
FL00062,2025-06-16,In service,21.85
FL00062,2025-06-17,In service,8.0
FL00062,2025-06-18,In service,19.56
FL00062,2025-06-19,In service,16.46
FL00062,2025-06-20,In service,10.54
FL00062,2025-06-21,In service,23.32
FL00062,2025-06-22,In service,7.73
FL00062,2025-06-23,In service,22.12
FL00062,2025-06-24,Under maintenance,0.0
FL00062,2025-06-25,In service,8.08
FL00062,2025-06-26,In service,10.12
FL00062,2025-06-27,Under maintenance,0.0
FL00062,2025-06-28,In service,20.33
FL00062,2025-06-29,In service,17.55
FL00062,2025-06-30,Under maintenance,0.0
FL00062,2025-07-01,In service,10.04
FL00062,2025-07-02,In service,23.38
FL00062,2025-07-03,In service,14.14
FL00062,2025-07-04,Under maintenance,0.0
FL00062,2025-07-05,In service,10.28
FL00062,2025-07-06,Under maintenance,0.0
FL00062,2025-07-07,In service,23.18
FL00062,2025-07-08,In service,10.08
FL00062,2025-07-09,In service,11.5
FL00062,2025-07-10,In service,21.52
FL00062,2025-07-11,In service,15.94
FL00062,2025-07-12,In service,23.02
FL00062,2025-07-13,In service,2.7
FL00062,2025-07-14,Under maintenance,0.0
FL00062,2025-07-15,In service,17.49
FL00062,2025-07-16,In service,17.71
FL00062,2025-07-17,Under maintenance,0.0
FL00062,2025-07-18,In service,19.52
FL00062,2025-07-19,In service,14.39
FL00062,2025-07-20,In service,21.33
FL00062,2025-07-21,In service,17.52
FL00062,2025-07-22,In service,23.93
FL00062,2025-07-23,In service,19.23
FL00062,2025-07-24,In service,26.69
FL00062,2025-07-25,In service,10.59
FL00062,2025-07-26,In service,11.24
FL00062,2025-07-27,In service,12.69
FL00062,2025-07-28,In service,15.21
FL00062,2025-07-29,In service,10.93
FL00062,2025-07-30,Under maintenance,0.0
FL00062,2025-07-31,In service,21.9
FL00062,2025-08-01,Under maintenance,0.0
FL00062,2025-08-02,In service,23.91
FL00062,2025-08-03,In service,16.42
FL00062,2025-08-04,In service,15.53
FL00062,2025-08-05,In service,7.72
FL00062,2025-08-06,In service,10.18
FL00062,2025-08-07,In service,5.66
FL00062,2025-08-08,In service,12.91
FL00062,2025-08-09,In service,13.73
FL00062,2025-08-10,In service,18.73
FL00062,2025-08-11,In service,16.48
FL00062,2025-08-12,In service,11.9
FL00062,2025-08-13,In service,19.01
FL00062,2025-08-14,In service,27.73
FL00062,2025-08-15,In service,19.28
FL00062,2025-08-16,In service,13.33
FL00062,2025-08-17,In service,17.0
FL00062,2025-08-18,In service,10.8
FL00062,2025-08-19,In service,10.33
FL00062,2025-08-20,In service,24.37
FL00062,2025-08-21,In service,17.08
FL00062,2025-08-22,Under maintenance,0.0
FL00062,2025-08-23,In service,13.84
FL00062,2025-08-24,In service,11.69
FL00062,2025-08-25,Under maintenance,0.0
FL00062,2025-08-26,In service,11.46
FL00062,2025-08-27,Under maintenance,0.0
FL00062,2025-08-28,In service,17.74
FL00062,2025-08-29,In service,18.86
FL00062,2025-08-30,In service,9.89
FL00062,2025-08-31,In service,17.08
FL00063,2025-06-01,In service,14.54
FL00063,2025-06-02,In service,19.74
FL00063,2025-06-03,In service,17.22
FL00063,2025-06-04,In service,13.18
FL00063,2025-06-05,In service,16.53
FL00063,2025-06-06,In service,9.97
FL00063,2025-06-07,Under maintenance,0.0
FL00063,2025-06-08,In service,7.12
FL00063,2025-06-09,In service,6.96
FL00063,2025-06-10,In service,22.44
FL00063,2025-06-11,In service,17.09
FL00063,2025-06-12,In service,20.77
FL00063,2025-06-13,In service,13.73
FL00063,2025-06-14,In service,16.46
FL00063,2025-06-15,Under maintenance,0.0
FL00063,2025-06-16,Under maintenance,0.0
FL00063,2025-06-17,In service,17.6
FL00063,2025-06-18,In service,21.16
FL00063,2025-06-19,In service,14.26
FL00063,2025-06-20,In service,14.77
FL00063,2025-06-21,Under maintenance,0.0
FL00063,2025-06-22,In service,30.27
FL00063,2025-06-23,In service,8.76
FL00063,2025-06-24,In service,15.85
FL00063,2025-06-25,In service,19.33
FL00063,2025-06-26,In service,23.68
FL00063,2025-06-27,In service,12.05
FL00063,2025-06-28,In service,23.5
FL00063,2025-06-29,In service,11.29
FL00063,2025-06-30,In service,17.5
FL00063,2025-07-01,Under maintenance,0.0
FL00063,2025-07-02,Under maintenance,0.0
FL00063,2025-07-03,In service,17.6
FL00063,2025-07-04,In service,8.41
FL00063,2025-07-05,In service,20.72
FL00063,2025-07-06,In service,19.51
FL00063,2025-07-07,Under maintenance,0.0
FL00063,2025-07-08,Under maintenance,0.0
FL00063,2025-07-09,In service,12.16
FL00063,2025-07-10,In service,13.01
FL00063,2025-07-11,Under maintenance,0.0
FL00063,2025-07-12,In service,23.01
FL00063,2025-07-13,In service,13.72
FL00063,2025-07-14,In service,14.59
FL00063,2025-07-15,In service,18.56
FL00063,2025-07-16,In service,9.98
FL00063,2025-07-17,Under maintenance,0.0
FL00063,2025-07-18,In service,21.24
FL00063,2025-07-19,In service,13.06
FL00063,2025-07-20,In service,6.66
FL00063,2025-07-21,Under maintenance,0.0
FL00063,2025-07-22,In service,13.42
FL00063,2025-07-23,In service,16.3
FL00063,2025-07-24,In service,12.6
FL00063,2025-07-25,In service,19.17
FL00063,2025-07-26,In service,6.74
FL00063,2025-07-27,In service,7.03
FL00063,2025-07-28,In service,8.92
FL00063,2025-07-29,Under maintenance,0.0
FL00063,2025-07-30,In service,3.95
FL00063,2025-07-31,In service,20.98
FL00063,2025-08-01,In service,16.17
FL00063,2025-08-02,In service,10.48
FL00063,2025-08-03,In service,25.47
FL00063,2025-08-04,In service,11.27
FL00063,2025-08-05,In service,14.87
FL00063,2025-08-06,In service,11.09
FL00063,2025-08-07,In service,8.78
FL00063,2025-08-08,In service,26.77
FL00063,2025-08-09,In service,25.86
FL00063,2025-08-10,In service,21.99
FL00063,2025-08-11,In service,17.07
FL00063,2025-08-12,Under maintenance,0.0
FL00063,2025-08-13,In service,21.89
FL00063,2025-08-14,In service,16.55
FL00063,2025-08-15,In service,16.28
FL00063,2025-08-16,In service,12.76
FL00063,2025-08-17,In service,14.05
FL00063,2025-08-18,In service,16.77
FL00063,2025-08-19,Under maintenance,0.0
FL00063,2025-08-20,In service,19.9
FL00063,2025-08-21,In service,15.19
FL00063,2025-08-22,In service,13.98
FL00063,2025-08-23,In service,18.15
FL00063,2025-08-24,In service,3.11
FL00063,2025-08-25,In service,24.38
FL00063,2025-08-26,In service,19.95
FL00063,2025-08-27,In service,13.7
FL00063,2025-08-28,In service,14.7
FL00063,2025-08-29,In service,9.56
FL00063,2025-08-30,In service,15.93
FL00063,2025-08-31,In service,14.75
FL00064,2025-06-01,In service,23.69
FL00064,2025-06-02,In service,18.13
FL00064,2025-06-03,Under maintenance,0.0
FL00064,2025-06-04,In service,16.53
FL00064,2025-06-05,In service,14.29
FL00064,2025-06-06,In service,15.65
FL00064,2025-06-07,In service,5.83
FL00064,2025-06-08,Under maintenance,0.0
FL00064,2025-06-09,In service,15.51
FL00064,2025-06-10,In service,9.01
FL00064,2025-06-11,In service,15.77
FL00064,2025-06-12,In service,19.84
FL00064,2025-06-13,In service,8.02
FL00064,2025-06-14,In service,9.32
FL00064,2025-06-15,In service,18.47
FL00064,2025-06-16,In service,29.2
FL00064,2025-06-17,Under maintenance,0.0
FL00064,2025-06-18,In service,18.22
FL00064,2025-06-19,In service,12.7
FL00064,2025-06-20,In service,12.36
FL00064,2025-06-21,Under maintenance,0.0
FL00064,2025-06-22,Under maintenance,0.0
FL00064,2025-06-23,In service,15.84
FL00064,2025-06-24,In service,14.66
FL00064,2025-06-25,In service,22.26
FL00064,2025-06-26,In service,19.85
FL00064,2025-06-27,In service,20.4
FL00064,2025-06-28,In service,8.61
FL00064,2025-06-29,In service,13.44
FL00064,2025-06-30,In service,21.52
FL00064,2025-07-01,In service,11.29
FL00064,2025-07-02,In service,19.71
FL00064,2025-07-03,In service,11.16
FL00064,2025-07-04,Under maintenance,0.0
FL00064,2025-07-05,In service,16.72
FL00064,2025-07-06,In service,6.73
FL00064,2025-07-07,In service,16.23
FL00064,2025-07-08,Under maintenance,0.0
FL00064,2025-07-09,In service,7.77
FL00064,2025-07-10,In service,17.91
FL00064,2025-07-11,In service,9.67
FL00064,2025-07-12,In service,11.84
FL00064,2025-07-13,In service,21.27
FL00064,2025-07-14,In service,18.88
FL00064,2025-07-15,In service,18.44
FL00064,2025-07-16,In service,17.87
FL00064,2025-07-17,Under maintenance,0.0
FL00064,2025-07-18,In service,25.44
FL00064,2025-07-19,In service,9.47
FL00064,2025-07-20,In service,7.77
FL00064,2025-07-21,In service,14.5
FL00064,2025-07-22,In service,14.52
FL00064,2025-07-23,In service,22.97
FL00064,2025-07-24,In service,15.26
FL00064,2025-07-25,Under maintenance,0.0
FL00064,2025-07-26,In service,17.14
FL00064,2025-07-27,In service,12.05
FL00064,2025-07-28,In service,19.19
FL00064,2025-07-29,In service,20.15
FL00064,2025-07-30,In service,12.41
FL00064,2025-07-31,In service,17.81
FL00064,2025-08-01,In service,19.15
FL00064,2025-08-02,In service,16.37
FL00064,2025-08-03,In service,18.74
FL00064,2025-08-04,In service,20.39
FL00064,2025-08-05,In service,7.23
FL00064,2025-08-06,Under maintenance,0.0
FL00064,2025-08-07,In service,23.38
FL00064,2025-08-08,In service,16.6
FL00064,2025-08-09,In service,10.5
FL00064,2025-08-10,In service,12.22
FL00064,2025-08-11,In service,18.14
FL00064,2025-08-12,In service,12.77
FL00064,2025-08-13,In service,14.32
FL00064,2025-08-14,In service,16.53
FL00064,2025-08-15,In service,15.19
FL00064,2025-08-16,In service,9.29
FL00064,2025-08-17,In service,17.43
FL00064,2025-08-18,In service,17.78
FL00064,2025-08-19,In service,25.25
FL00064,2025-08-20,In service,23.09
FL00064,2025-08-21,In service,25.95
FL00064,2025-08-22,Under maintenance,0.0
FL00064,2025-08-23,In service,21.35
FL00064,2025-08-24,In service,8.0
FL00064,2025-08-25,In service,18.22
FL00064,2025-08-26,In service,15.51
FL00064,2025-08-27,In service,3.7
FL00064,2025-08-28,In service,18.2
FL00064,2025-08-29,In service,12.16
FL00064,2025-08-30,In service,10.35
FL00064,2025-08-31,In service,15.22
FL00065,2025-06-01,In service,13.36
FL00065,2025-06-02,In service,19.43
FL00065,2025-06-03,In service,23.06
FL00065,2025-06-04,In service,10.08
FL00065,2025-06-05,In service,15.58
FL00065,2025-06-06,In service,17.08
FL00065,2025-06-07,In service,12.28
FL00065,2025-06-08,In service,17.62
FL00065,2025-06-09,In service,18.53
FL00065,2025-06-10,In service,15.74
FL00065,2025-06-11,In service,9.89
FL00065,2025-06-12,In service,11.06
FL00065,2025-06-13,In service,9.34
FL00065,2025-06-14,In service,11.85
FL00065,2025-06-15,In service,9.88
FL00065,2025-06-16,In service,11.33
FL00065,2025-06-17,In service,10.02
FL00065,2025-06-18,In service,13.41
FL00065,2025-06-19,In service,9.76
FL00065,2025-06-20,In service,15.56
FL00065,2025-06-21,In service,11.84
FL00065,2025-06-22,Under maintenance,0.0
FL00065,2025-06-23,In service,2.19
FL00065,2025-06-24,Under maintenance,0.0
FL00065,2025-06-25,In service,19.22
FL00065,2025-06-26,In service,11.73
FL00065,2025-06-27,In service,18.14
FL00065,2025-06-28,In service,11.03
FL00065,2025-06-29,In service,20.6
FL00065,2025-06-30,In service,24.55
FL00065,2025-07-01,Under maintenance,0.0
FL00065,2025-07-02,In service,22.33
FL00065,2025-07-03,In service,23.85
FL00065,2025-07-04,Under maintenance,0.0
FL00065,2025-07-05,In service,10.66
FL00065,2025-07-06,In service,21.17
FL00065,2025-07-07,In service,8.83
FL00065,2025-07-08,In service,21.61
FL00065,2025-07-09,In service,22.38
FL00065,2025-07-10,In service,11.12
FL00065,2025-07-11,Under maintenance,0.0
FL00065,2025-07-12,In service,16.01
FL00065,2025-07-13,In service,19.19
FL00065,2025-07-14,Under maintenance,0.0
FL00065,2025-07-15,In service,22.02
FL00065,2025-07-16,In service,9.54
FL00065,2025-07-17,In service,17.81
FL00065,2025-07-18,Under maintenance,0.0
FL00065,2025-07-19,In service,22.95
FL00065,2025-07-20,In service,24.97
FL00065,2025-07-21,In service,17.76
FL00065,2025-07-22,In service,26.84
FL00065,2025-07-23,Under maintenance,0.0
FL00065,2025-07-24,In service,13.21
FL00065,2025-07-25,Under maintenance,0.0
FL00065,2025-07-26,In service,13.97
FL00065,2025-07-27,In service,19.13
FL00065,2025-07-28,Under maintenance,0.0
FL00065,2025-07-29,In service,14.33
FL00065,2025-07-30,In service,20.54
FL00065,2025-07-31,In service,10.65
FL00065,2025-08-01,In service,16.68
FL00065,2025-08-02,Under maintenance,0.0
FL00065,2025-08-03,Under maintenance,0.0
FL00065,2025-08-04,In service,24.96
FL00065,2025-08-05,In service,27.22
FL00065,2025-08-06,In service,12.24
FL00065,2025-08-07,In service,0.81
FL00065,2025-08-08,In service,20.08
FL00065,2025-08-09,In service,7.17
FL00065,2025-08-10,In service,23.72
FL00065,2025-08-11,In service,21.55
FL00065,2025-08-12,In service,21.85
FL00065,2025-08-13,In service,19.88
FL00065,2025-08-14,In service,11.32
FL00065,2025-08-15,In service,19.64
FL00065,2025-08-16,In service,13.9
FL00065,2025-08-17,In service,10.37
FL00065,2025-08-18,In service,21.81
FL00065,2025-08-19,In service,9.03
FL00065,2025-08-20,In service,17.17
FL00065,2025-08-21,In service,13.55
FL00065,2025-08-22,In service,12.86
FL00065,2025-08-23,Under maintenance,0.0
FL00065,2025-08-24,In service,11.65
FL00065,2025-08-25,In service,21.37
FL00065,2025-08-26,In service,17.7
FL00065,2025-08-27,In service,10.68
FL00065,2025-08-28,In service,20.33
FL00065,2025-08-29,In service,13.37
FL00065,2025-08-30,In service,18.29
FL00065,2025-08-31,In service,14.92
FL00066,2025-06-01,In service,13.77
FL00066,2025-06-02,In service,16.23
FL00066,2025-06-03,In service,15.42
FL00066,2025-06-04,In service,12.03
FL00066,2025-06-05,In service,14.83
FL00066,2025-06-06,In service,22.3
FL00066,2025-06-07,In service,22.35
FL00066,2025-06-08,Under maintenance,0.0
FL00066,2025-06-09,In service,22.95
FL00066,2025-06-10,In service,15.21
FL00066,2025-06-11,In service,15.58
FL00066,2025-06-12,In service,12.74
FL00066,2025-06-13,In service,10.15
FL00066,2025-06-14,In service,19.39
FL00066,2025-06-15,In service,10.45
FL00066,2025-06-16,In service,10.2
FL00066,2025-06-17,In service,19.05
FL00066,2025-06-18,In service,16.81
FL00066,2025-06-19,In service,19.42
FL00066,2025-06-20,In service,12.16
FL00066,2025-06-21,In service,25.13
FL00066,2025-06-22,Under maintenance,0.0
FL00066,2025-06-23,Under maintenance,0.0
FL00066,2025-06-24,In service,11.46
FL00066,2025-06-25,In service,16.4
FL00066,2025-06-26,In service,22.85
FL00066,2025-06-27,In service,17.89
FL00066,2025-06-28,In service,16.41
FL00066,2025-06-29,In service,22.81
FL00066,2025-06-30,In service,16.95
FL00066,2025-07-01,In service,16.41
FL00066,2025-07-02,In service,17.63
FL00066,2025-07-03,In service,24.37
FL00066,2025-07-04,In service,14.87
FL00066,2025-07-05,In service,17.69
FL00066,2025-07-06,In service,15.83
FL00066,2025-07-07,In service,22.9
FL00066,2025-07-08,In service,4.43
FL00066,2025-07-09,In service,10.61
FL00066,2025-07-10,In service,23.55
FL00066,2025-07-11,In service,12.81
FL00066,2025-07-12,In service,22.68
FL00066,2025-07-13,In service,12.58
FL00066,2025-07-14,In service,14.69
FL00066,2025-07-15,In service,25.63
FL00066,2025-07-16,In service,19.94
FL00066,2025-07-17,In service,16.9
FL00066,2025-07-18,In service,18.61
FL00066,2025-07-19,In service,21.38
FL00066,2025-07-20,In service,16.61
FL00066,2025-07-21,In service,19.03
FL00066,2025-07-22,In service,28.25
FL00066,2025-07-23,In service,10.92
FL00066,2025-07-24,In service,16.85
FL00066,2025-07-25,In service,13.6
FL00066,2025-07-26,In service,11.7
FL00066,2025-07-27,In service,16.8
FL00066,2025-07-28,In service,11.79
FL00066,2025-07-29,In service,11.11
FL00066,2025-07-30,Under maintenance,0.0
FL00066,2025-07-31,In service,15.49
FL00066,2025-08-01,In service,21.13
FL00066,2025-08-02,Under maintenance,0.0
FL00066,2025-08-03,In service,15.02
FL00066,2025-08-04,In service,16.8
FL00066,2025-08-05,In service,13.08
FL00066,2025-08-06,In service,12.94
FL00066,2025-08-07,In service,17.14
FL00066,2025-08-08,In service,16.46
FL00066,2025-08-09,Under maintenance,0.0
FL00066,2025-08-10,In service,6.95
FL00066,2025-08-11,In service,22.29
FL00066,2025-08-12,In service,18.96
FL00066,2025-08-13,In service,23.4
FL00066,2025-08-14,In service,14.2
FL00066,2025-08-15,In service,14.6
FL00066,2025-08-16,In service,18.8
FL00066,2025-08-17,In service,12.53
FL00066,2025-08-18,In service,7.57
FL00066,2025-08-19,In service,22.03
FL00066,2025-08-20,In service,12.95
FL00066,2025-08-21,In service,21.84
FL00066,2025-08-22,In service,19.61
FL00066,2025-08-23,In service,18.76
FL00066,2025-08-24,In service,20.5
FL00066,2025-08-25,In service,13.98
FL00066,2025-08-26,In service,21.89
FL00066,2025-08-27,In service,28.64
FL00066,2025-08-28,In service,21.78
FL00066,2025-08-29,In service,11.36
FL00066,2025-08-30,In service,17.65
FL00066,2025-08-31,In service,10.14
FL00067,2025-06-01,In service,16.48
FL00067,2025-06-02,In service,15.4
FL00067,2025-06-03,Under maintenance,0.0
FL00067,2025-06-04,In service,11.33
FL00067,2025-06-05,In service,10.78
FL00067,2025-06-06,In service,10.11
FL00067,2025-06-07,In service,13.88
FL00067,2025-06-08,In service,13.48
FL00067,2025-06-09,In service,16.36
FL00067,2025-06-10,In service,19.93
FL00067,2025-06-11,In service,18.95
FL00067,2025-06-12,Under maintenance,0.0
FL00067,2025-06-13,In service,13.13
FL00067,2025-06-14,In service,14.03
FL00067,2025-06-15,In service,17.88
FL00067,2025-06-16,In service,10.74
FL00067,2025-06-17,In service,18.83
FL00067,2025-06-18,In service,24.96
FL00067,2025-06-19,In service,16.04
FL00067,2025-06-20,In service,22.89
FL00067,2025-06-21,In service,10.71
FL00067,2025-06-22,In service,16.94
FL00067,2025-06-23,In service,14.93
FL00067,2025-06-24,In service,17.35
FL00067,2025-06-25,In service,18.1
FL00067,2025-06-26,In service,9.3
FL00067,2025-06-27,In service,21.19
FL00067,2025-06-28,Under maintenance,0.0
FL00067,2025-06-29,In service,21.18
FL00067,2025-06-30,Under maintenance,0.0
FL00067,2025-07-01,In service,15.52
FL00067,2025-07-02,In service,15.77
FL00067,2025-07-03,In service,18.09
FL00067,2025-07-04,In service,20.93
FL00067,2025-07-05,In service,17.96
FL00067,2025-07-06,In service,20.41
FL00067,2025-07-07,Under maintenance,0.0
FL00067,2025-07-08,In service,8.41
FL00067,2025-07-09,In service,10.61
FL00067,2025-07-10,Under maintenance,0.0
FL00067,2025-07-11,In service,16.41
FL00067,2025-07-12,In service,6.29
FL00067,2025-07-13,Under maintenance,0.0
FL00067,2025-07-14,In service,17.11
FL00067,2025-07-15,In service,18.58
FL00067,2025-07-16,In service,28.29
FL00067,2025-07-17,Under maintenance,0.0
FL00067,2025-07-18,In service,14.49
FL00067,2025-07-19,In service,14.83
FL00067,2025-07-20,In service,21.33
FL00067,2025-07-21,In service,21.28
FL00067,2025-07-22,In service,17.57
FL00067,2025-07-23,In service,12.39
FL00067,2025-07-24,In service,17.55
FL00067,2025-07-25,In service,12.53
FL00067,2025-07-26,Under maintenance,0.0
FL00067,2025-07-27,In service,11.06
FL00067,2025-07-28,In service,26.03
FL00067,2025-07-29,In service,18.12
FL00067,2025-07-30,In service,15.5
FL00067,2025-07-31,In service,13.8
FL00067,2025-08-01,Under maintenance,0.0
FL00067,2025-08-02,In service,15.35
FL00067,2025-08-03,In service,13.17
FL00067,2025-08-04,In service,10.65
FL00067,2025-08-05,In service,4.1
FL00067,2025-08-06,In service,11.65
FL00067,2025-08-07,In service,23.1
FL00067,2025-08-08,In service,22.11
FL00067,2025-08-09,In service,8.14
FL00067,2025-08-10,In service,22.79
FL00067,2025-08-11,In service,17.35
FL00067,2025-08-12,In service,10.43
FL00067,2025-08-13,In service,19.4
FL00067,2025-08-14,In service,15.7
FL00067,2025-08-15,In service,13.77
FL00067,2025-08-16,Under maintenance,0.0
FL00067,2025-08-17,Under maintenance,0.0
FL00067,2025-08-18,In service,12.54
FL00067,2025-08-19,In service,16.06
FL00067,2025-08-20,In service,14.21
FL00067,2025-08-21,Under maintenance,0.0
FL00067,2025-08-22,Under maintenance,0.0
FL00067,2025-08-23,In service,13.21
FL00067,2025-08-24,Under maintenance,0.0
FL00067,2025-08-25,In service,16.23
FL00067,2025-08-26,In service,10.76
FL00067,2025-08-27,In service,15.33
FL00067,2025-08-28,In service,22.27
FL00067,2025-08-29,In service,17.93
FL00067,2025-08-30,In service,14.65
FL00067,2025-08-31,In service,26.95
FL00068,2025-06-01,In service,9.67
FL00068,2025-06-02,Under maintenance,0.0
FL00068,2025-06-03,In service,16.37
FL00068,2025-06-04,In service,14.25
FL00068,2025-06-05,In service,14.55
FL00068,2025-06-06,In service,12.37
FL00068,2025-06-07,In service,14.9
FL00068,2025-06-08,In service,26.77
FL00068,2025-06-09,In service,12.56
FL00068,2025-06-10,In service,12.54
FL00068,2025-06-11,In service,21.46
FL00068,2025-06-12,In service,17.6
FL00068,2025-06-13,In service,16.97
FL00068,2025-06-14,In service,18.5
FL00068,2025-06-15,In service,9.27
FL00068,2025-06-16,In service,12.89
FL00068,2025-06-17,In service,18.98
FL00068,2025-06-18,In service,10.71
FL00068,2025-06-19,In service,20.74
FL00068,2025-06-20,In service,16.26
FL00068,2025-06-21,In service,21.37
FL00068,2025-06-22,In service,13.97
FL00068,2025-06-23,In service,9.25
FL00068,2025-06-24,In service,17.44
FL00068,2025-06-25,In service,15.94
FL00068,2025-06-26,Under maintenance,0.0
FL00068,2025-06-27,In service,18.15
FL00068,2025-06-28,In service,12.6
FL00068,2025-06-29,Under maintenance,0.0
FL00068,2025-06-30,In service,21.79
FL00068,2025-07-01,Under maintenance,0.0
FL00068,2025-07-02,In service,16.17
FL00068,2025-07-03,In service,12.19
FL00068,2025-07-04,Under maintenance,0.0
FL00068,2025-07-05,In service,16.93
FL00068,2025-07-06,In service,18.22
FL00068,2025-07-07,Under maintenance,0.0
FL00068,2025-07-08,In service,19.52
FL00068,2025-07-09,In service,10.51
FL00068,2025-07-10,In service,23.47
FL00068,2025-07-11,In service,26.6
FL00068,2025-07-12,In service,15.54
FL00068,2025-07-13,In service,21.23
FL00068,2025-07-14,In service,18.96
FL00068,2025-07-15,Under maintenance,0.0
FL00068,2025-07-16,In service,3.24
FL00068,2025-07-17,In service,21.54
FL00068,2025-07-18,In service,10.75
FL00068,2025-07-19,In service,15.32
FL00068,2025-07-20,In service,18.74
FL00068,2025-07-21,In service,17.12
FL00068,2025-07-22,Under maintenance,0.0
FL00068,2025-07-23,In service,25.32
FL00068,2025-07-24,In service,3.77
FL00068,2025-07-25,In service,16.93
FL00068,2025-07-26,In service,17.31
FL00068,2025-07-27,Under maintenance,0.0
FL00068,2025-07-28,Under maintenance,0.0
FL00068,2025-07-29,In service,14.27
FL00068,2025-07-30,In service,6.5
FL00068,2025-07-31,In service,11.83
FL00068,2025-08-01,Under maintenance,0.0
FL00068,2025-08-02,Under maintenance,0.0
FL00068,2025-08-03,In service,11.34
FL00068,2025-08-04,In service,16.0
FL00068,2025-08-05,In service,19.84
FL00068,2025-08-06,In service,18.92
FL00068,2025-08-07,In service,10.39
FL00068,2025-08-08,In service,19.8
FL00068,2025-08-09,In service,13.37
FL00068,2025-08-10,In service,13.24
FL00068,2025-08-11,In service,4.35
FL00068,2025-08-12,In service,15.6
FL00068,2025-08-13,In service,8.27
FL00068,2025-08-14,Under maintenance,0.0
FL00068,2025-08-15,Under maintenance,0.0
FL00068,2025-08-16,In service,8.63
FL00068,2025-08-17,Under maintenance,0.0
FL00068,2025-08-18,In service,13.61
FL00068,2025-08-19,In service,13.99
FL00068,2025-08-20,Under maintenance,0.0
FL00068,2025-08-21,Under maintenance,0.0
FL00068,2025-08-22,Under maintenance,0.0
FL00068,2025-08-23,In service,16.65
FL00068,2025-08-24,In service,8.85
FL00068,2025-08-25,In service,10.95
FL00068,2025-08-26,In service,15.23
FL00068,2025-08-27,In service,14.49
FL00068,2025-08-28,In service,6.53
FL00068,2025-08-29,Under maintenance,0.0
FL00068,2025-08-30,In service,9.53
FL00068,2025-08-31,In service,20.24
FL00069,2025-06-01,In service,21.88
FL00069,2025-06-02,Under maintenance,0.0
FL00069,2025-06-03,In service,9.7
FL00069,2025-06-04,In service,17.29
FL00069,2025-06-05,Under maintenance,0.0
FL00069,2025-06-06,In service,20.11
FL00069,2025-06-07,In service,6.74
FL00069,2025-06-08,In service,23.49
FL00069,2025-06-09,In service,16.62
FL00069,2025-06-10,In service,4.58
FL00069,2025-06-11,Under maintenance,0.0
FL00069,2025-06-12,In service,17.84
FL00069,2025-06-13,In service,17.53
FL00069,2025-06-14,In service,6.04
FL00069,2025-06-15,In service,21.97
FL00069,2025-06-16,In service,23.15
FL00069,2025-06-17,In service,20.92
FL00069,2025-06-18,In service,9.35
FL00069,2025-06-19,In service,15.14
FL00069,2025-06-20,Under maintenance,0.0
FL00069,2025-06-21,In service,13.7
FL00069,2025-06-22,In service,17.98
FL00069,2025-06-23,In service,19.5
FL00069,2025-06-24,Under maintenance,0.0
FL00069,2025-06-25,In service,8.38
FL00069,2025-06-26,Under maintenance,0.0
FL00069,2025-06-27,In service,24.48
FL00069,2025-06-28,In service,15.16
FL00069,2025-06-29,In service,15.35
FL00069,2025-06-30,Under maintenance,0.0
FL00069,2025-07-01,In service,18.37
FL00069,2025-07-02,In service,13.29
FL00069,2025-07-03,In service,20.67
FL00069,2025-07-04,In service,14.24
FL00069,2025-07-05,In service,21.41
FL00069,2025-07-06,In service,11.05
FL00069,2025-07-07,In service,17.6
FL00069,2025-07-08,In service,12.15
FL00069,2025-07-09,In service,17.79
FL00069,2025-07-10,In service,9.18
FL00069,2025-07-11,In service,9.53
FL00069,2025-07-12,In service,14.19
FL00069,2025-07-13,In service,21.66
FL00069,2025-07-14,In service,8.55
FL00069,2025-07-15,In service,22.66
FL00069,2025-07-16,In service,17.79
FL00069,2025-07-17,In service,21.21
FL00069,2025-07-18,In service,16.22
FL00069,2025-07-19,In service,16.91
FL00069,2025-07-20,In service,14.94
FL00069,2025-07-21,In service,14.41
FL00069,2025-07-22,In service,19.64
FL00069,2025-07-23,In service,11.07
FL00069,2025-07-24,In service,16.12
FL00069,2025-07-25,In service,8.46
FL00069,2025-07-26,In service,9.74
FL00069,2025-07-27,Under maintenance,0.0
FL00069,2025-07-28,In service,7.7
FL00069,2025-07-29,Under maintenance,0.0
FL00069,2025-07-30,In service,14.06
FL00069,2025-07-31,In service,20.61
FL00069,2025-08-01,In service,14.89
FL00069,2025-08-02,In service,24.67
FL00069,2025-08-03,In service,22.39
FL00069,2025-08-04,In service,18.39
FL00069,2025-08-05,Under maintenance,0.0
FL00069,2025-08-06,In service,9.4
FL00069,2025-08-07,Under maintenance,0.0
FL00069,2025-08-08,In service,15.08
FL00069,2025-08-09,In service,18.69
FL00069,2025-08-10,In service,20.91
FL00069,2025-08-11,In service,20.88
FL00069,2025-08-12,In service,19.75
FL00069,2025-08-13,In service,6.16
FL00069,2025-08-14,In service,11.24
FL00069,2025-08-15,In service,19.9
FL00069,2025-08-16,In service,13.23
FL00069,2025-08-17,In service,17.5
FL00069,2025-08-18,In service,25.07
FL00069,2025-08-19,In service,13.01
FL00069,2025-08-20,In service,21.29
FL00069,2025-08-21,In service,17.77
FL00069,2025-08-22,In service,27.68
FL00069,2025-08-23,In service,17.79
FL00069,2025-08-24,Under maintenance,0.0
FL00069,2025-08-25,In service,25.19
FL00069,2025-08-26,In service,13.71
FL00069,2025-08-27,Under maintenance,0.0
FL00069,2025-08-28,In service,14.1
FL00069,2025-08-29,Under maintenance,0.0
FL00069,2025-08-30,In service,16.13
FL00069,2025-08-31,In service,15.04
FL00070,2025-06-01,Under maintenance,0.0
FL00070,2025-06-02,In service,23.22
FL00070,2025-06-03,In service,19.27
FL00070,2025-06-04,Under maintenance,0.0
FL00070,2025-06-05,In service,13.45
FL00070,2025-06-06,In service,11.96
FL00070,2025-06-07,In service,21.06
FL00070,2025-06-08,In service,13.26
FL00070,2025-06-09,In service,15.31
FL00070,2025-06-10,In service,12.07
FL00070,2025-06-11,In service,16.13
FL00070,2025-06-12,In service,10.09
FL00070,2025-06-13,Under maintenance,0.0
FL00070,2025-06-14,In service,13.5
FL00070,2025-06-15,In service,11.53
FL00070,2025-06-16,In service,23.31
FL00070,2025-06-17,In service,13.64
FL00070,2025-06-18,In service,16.75
FL00070,2025-06-19,In service,19.11
FL00070,2025-06-20,Under maintenance,0.0
FL00070,2025-06-21,In service,10.91
FL00070,2025-06-22,In service,14.47
FL00070,2025-06-23,In service,10.06
FL00070,2025-06-24,In service,13.71
FL00070,2025-06-25,In service,14.08
FL00070,2025-06-26,Under maintenance,0.0
FL00070,2025-06-27,In service,11.01
FL00070,2025-06-28,In service,11.91
FL00070,2025-06-29,In service,17.71
FL00070,2025-06-30,In service,22.2
FL00070,2025-07-01,In service,14.84
FL00070,2025-07-02,In service,16.34
FL00070,2025-07-03,In service,18.69
FL00070,2025-07-04,In service,11.98
FL00070,2025-07-05,In service,18.19
FL00070,2025-07-06,In service,25.2
FL00070,2025-07-07,In service,11.12
FL00070,2025-07-08,In service,17.85
FL00070,2025-07-09,In service,16.37
FL00070,2025-07-10,In service,10.9
FL00070,2025-07-11,In service,20.44
FL00070,2025-07-12,In service,12.97
FL00070,2025-07-13,In service,10.37
FL00070,2025-07-14,In service,13.3
FL00070,2025-07-15,Under maintenance,0.0
FL00070,2025-07-16,In service,19.41
FL00070,2025-07-17,In service,21.46
FL00070,2025-07-18,In service,10.71
FL00070,2025-07-19,Under maintenance,0.0
FL00070,2025-07-20,In service,15.21
FL00070,2025-07-21,Under maintenance,0.0
FL00070,2025-07-22,Under maintenance,0.0
FL00070,2025-07-23,In service,13.77
FL00070,2025-07-24,Under maintenance,0.0
FL00070,2025-07-25,Under maintenance,0.0
FL00070,2025-07-26,In service,14.16
FL00070,2025-07-27,In service,17.29
FL00070,2025-07-28,Under maintenance,0.0
FL00070,2025-07-29,In service,14.5
FL00070,2025-07-30,In service,15.58
FL00070,2025-07-31,Under maintenance,0.0
FL00070,2025-08-01,In service,15.85
FL00070,2025-08-02,In service,7.18
FL00070,2025-08-03,In service,10.95
FL00070,2025-08-04,In service,11.03
FL00070,2025-08-05,In service,22.98
FL00070,2025-08-06,In service,16.85
FL00070,2025-08-07,In service,12.99
FL00070,2025-08-08,In service,16.08
FL00070,2025-08-09,In service,22.5
FL00070,2025-08-10,In service,17.49
FL00070,2025-08-11,In service,22.28
FL00070,2025-08-12,In service,22.49
FL00070,2025-08-13,Under maintenance,0.0
FL00070,2025-08-14,In service,14.44
FL00070,2025-08-15,In service,16.45
FL00070,2025-08-16,In service,12.7
FL00070,2025-08-17,In service,20.34
FL00070,2025-08-18,In service,17.02
FL00070,2025-08-19,In service,20.62
FL00070,2025-08-20,Under maintenance,0.0
FL00070,2025-08-21,In service,18.73
FL00070,2025-08-22,Under maintenance,0.0
FL00070,2025-08-23,In service,16.81
FL00070,2025-08-24,In service,14.73
FL00070,2025-08-25,In service,7.97
FL00070,2025-08-26,In service,11.44
FL00070,2025-08-27,In service,23.81
FL00070,2025-08-28,Under maintenance,0.0
FL00070,2025-08-29,Under maintenance,0.0
FL00070,2025-08-30,In service,15.21
FL00070,2025-08-31,In service,14.89
FL00071,2025-06-01,In service,30.39
FL00071,2025-06-02,In service,21.04
FL00071,2025-06-03,In service,15.39
FL00071,2025-06-04,In service,12.31
FL00071,2025-06-05,In service,21.95
FL00071,2025-06-06,In service,14.26
FL00071,2025-06-07,In service,16.08
FL00071,2025-06-08,In service,16.6
FL00071,2025-06-09,Under maintenance,0.0
FL00071,2025-06-10,In service,14.11
FL00071,2025-06-11,In service,13.87
FL00071,2025-06-12,In service,15.19
FL00071,2025-06-13,In service,11.21
FL00071,2025-06-14,Under maintenance,0.0
FL00071,2025-06-15,Under maintenance,0.0
FL00071,2025-06-16,In service,16.66
FL00071,2025-06-17,In service,17.53
FL00071,2025-06-18,In service,14.06
FL00071,2025-06-19,In service,9.54
FL00071,2025-06-20,In service,21.52
FL00071,2025-06-21,In service,18.57
FL00071,2025-06-22,In service,13.24
FL00071,2025-06-23,In service,22.49
FL00071,2025-06-24,Under maintenance,0.0
FL00071,2025-06-25,Under maintenance,0.0
FL00071,2025-06-26,In service,12.95
FL00071,2025-06-27,In service,15.12
FL00071,2025-06-28,Under maintenance,0.0
FL00071,2025-06-29,In service,16.87
FL00071,2025-06-30,In service,11.15
FL00071,2025-07-01,In service,25.3
FL00071,2025-07-02,In service,10.43
FL00071,2025-07-03,In service,17.0
FL00071,2025-07-04,In service,11.25
FL00071,2025-07-05,In service,20.25
FL00071,2025-07-06,In service,19.76
FL00071,2025-07-07,Under maintenance,0.0
FL00071,2025-07-08,Under maintenance,0.0
FL00071,2025-07-09,In service,18.72
FL00071,2025-07-10,In service,8.58
FL00071,2025-07-11,In service,22.43
FL00071,2025-07-12,In service,18.23
FL00071,2025-07-13,In service,18.94
FL00071,2025-07-14,Under maintenance,0.0
FL00071,2025-07-15,In service,10.7
FL00071,2025-07-16,In service,16.3
FL00071,2025-07-17,Under maintenance,0.0
FL00071,2025-07-18,In service,14.69
FL00071,2025-07-19,Under maintenance,0.0
FL00071,2025-07-20,In service,5.64
FL00071,2025-07-21,In service,15.32
FL00071,2025-07-22,Under maintenance,0.0
FL00071,2025-07-23,In service,24.95
FL00071,2025-07-24,Under maintenance,0.0
FL00071,2025-07-25,Under maintenance,0.0
FL00071,2025-07-26,In service,17.13
FL00071,2025-07-27,In service,13.2
FL00071,2025-07-28,In service,29.83
FL00071,2025-07-29,In service,24.14
FL00071,2025-07-30,In service,13.13
FL00071,2025-07-31,In service,18.97
FL00071,2025-08-01,In service,17.61
FL00071,2025-08-02,Under maintenance,0.0
FL00071,2025-08-03,Under maintenance,0.0
FL00071,2025-08-04,In service,13.56
FL00071,2025-08-05,Under maintenance,0.0
FL00071,2025-08-06,In service,23.03
FL00071,2025-08-07,In service,28.86
FL00071,2025-08-08,In service,9.11
FL00071,2025-08-09,In service,18.33
FL00071,2025-08-10,In service,9.0
FL00071,2025-08-11,Under maintenance,0.0
FL00071,2025-08-12,In service,21.52
FL00071,2025-08-13,In service,17.56
FL00071,2025-08-14,In service,11.12
FL00071,2025-08-15,In service,13.47
FL00071,2025-08-16,In service,21.73
FL00071,2025-08-17,Under maintenance,0.0
FL00071,2025-08-18,In service,2.42
FL00071,2025-08-19,In service,13.01
FL00071,2025-08-20,Under maintenance,0.0
FL00071,2025-08-21,In service,18.0
FL00071,2025-08-22,In service,14.25
FL00071,2025-08-23,In service,14.45
FL00071,2025-08-24,In service,16.08
FL00071,2025-08-25,Under maintenance,0.0
FL00071,2025-08-26,Under maintenance,0.0
FL00071,2025-08-27,In service,17.6
FL00071,2025-08-28,In service,15.23
FL00071,2025-08-29,In service,27.00
FL00071,2025-08-30,In service,11.72
FL00071,2025-08-31,Under maintenance,0.0
FL00072,2025-06-01,In service,15.74
FL00072,2025-06-02,In service,14.35
FL00072,2025-06-03,In service,7.65
FL00072,2025-06-04,In service,20.72
FL00072,2025-06-05,In service,16.12
FL00072,2025-06-06,In service,20.57
FL00072,2025-06-07,In service,17.82
FL00072,2025-06-08,Under maintenance,0.0
FL00072,2025-06-09,In service,19.61
FL00072,2025-06-10,In service,20.41
FL00072,2025-06-11,In service,25.43
FL00072,2025-06-12,In service,16.86
FL00072,2025-06-13,Under maintenance,0.0
FL00072,2025-06-14,In service,11.17
FL00072,2025-06-15,In service,15.4
FL00072,2025-06-16,In service,20.48
FL00072,2025-06-17,In service,14.32
FL00072,2025-06-18,Under maintenance,0.0
FL00072,2025-06-19,In service,16.26
FL00072,2025-06-20,In service,25.77
FL00072,2025-06-21,In service,21.21
FL00072,2025-06-22,In service,23.26
FL00072,2025-06-23,In service,11.92
FL00072,2025-06-24,Under maintenance,0.0
FL00072,2025-06-25,Under maintenance,0.0
FL00072,2025-06-26,In service,16.46
FL00072,2025-06-27,In service,19.47
FL00072,2025-06-28,Under maintenance,0.0
FL00072,2025-06-29,In service,13.35
FL00072,2025-06-30,In service,11.82
FL00072,2025-07-01,In service,9.18
FL00072,2025-07-02,In service,16.13
FL00072,2025-07-03,In service,10.51
FL00072,2025-07-04,In service,13.63
FL00072,2025-07-05,Under maintenance,0.0
FL00072,2025-07-06,In service,17.28
FL00072,2025-07-07,Under maintenance,0.0
FL00072,2025-07-08,In service,16.92
FL00072,2025-07-09,In service,10.84
FL00072,2025-07-10,In service,8.41
FL00072,2025-07-11,In service,14.38
FL00072,2025-07-12,In service,16.54
FL00072,2025-07-13,Under maintenance,0.0
FL00072,2025-07-14,Under maintenance,0.0
FL00072,2025-07-15,In service,19.48
FL00072,2025-07-16,In service,11.7
FL00072,2025-07-17,In service,18.81
FL00072,2025-07-18,In service,18.03
FL00072,2025-07-19,Under maintenance,0.0
FL00072,2025-07-20,In service,10.64
FL00072,2025-07-21,In service,23.3
FL00072,2025-07-22,In service,15.22
FL00072,2025-07-23,In service,16.89
FL00072,2025-07-24,In service,14.43
FL00072,2025-07-25,In service,19.03
FL00072,2025-07-26,In service,21.27
FL00072,2025-07-27,Under maintenance,0.0
FL00072,2025-07-28,In service,11.04
FL00072,2025-07-29,In service,13.47
FL00072,2025-07-30,Under maintenance,0.0
FL00072,2025-07-31,In service,14.99
FL00072,2025-08-01,Under maintenance,0.0
FL00072,2025-08-02,In service,22.75
FL00072,2025-08-03,Under maintenance,0.0
FL00072,2025-08-04,Under maintenance,0.0
FL00072,2025-08-05,In service,21.72
FL00072,2025-08-06,In service,21.25
FL00072,2025-08-07,In service,13.25
FL00072,2025-08-08,Under maintenance,0.0
FL00072,2025-08-09,In service,12.35
FL00072,2025-08-10,Under maintenance,0.0
FL00072,2025-08-11,In service,9.27
FL00072,2025-08-12,In service,10.96
FL00072,2025-08-13,In service,16.36
FL00072,2025-08-14,In service,20.18
FL00072,2025-08-15,In service,20.96
FL00072,2025-08-16,Under maintenance,0.0
FL00072,2025-08-17,In service,24.99
FL00072,2025-08-18,In service,9.46
FL00072,2025-08-19,In service,13.96
FL00072,2025-08-20,Under maintenance,0.0
FL00072,2025-08-21,In service,20.31
FL00072,2025-08-22,In service,18.21
FL00072,2025-08-23,In service,14.0
FL00072,2025-08-24,In service,15.3
FL00072,2025-08-25,In service,22.59
FL00072,2025-08-26,In service,15.34
FL00072,2025-08-27,In service,13.7
FL00072,2025-08-28,In service,20.64
FL00072,2025-08-29,In service,16.88
FL00072,2025-08-30,Under maintenance,0.0
FL00072,2025-08-31,In service,17.77
FL00073,2025-06-01,In service,12.08
FL00073,2025-06-02,In service,30.16
FL00073,2025-06-03,In service,13.65
FL00073,2025-06-04,In service,8.41
FL00073,2025-06-05,Under maintenance,0.0
FL00073,2025-06-06,Under maintenance,0.0
FL00073,2025-06-07,Under maintenance,0.0
FL00073,2025-06-08,In service,14.59
FL00073,2025-06-09,In service,16.28
FL00073,2025-06-10,In service,19.24
FL00073,2025-06-11,In service,20.64
FL00073,2025-06-12,In service,22.88
FL00073,2025-06-13,In service,14.03
FL00073,2025-06-14,In service,22.29
FL00073,2025-06-15,In service,14.12
FL00073,2025-06-16,In service,19.37
FL00073,2025-06-17,In service,8.94
FL00073,2025-06-18,In service,21.05
FL00073,2025-06-19,Under maintenance,0.0
FL00073,2025-06-20,In service,23.2
FL00073,2025-06-21,In service,19.47
FL00073,2025-06-22,Under maintenance,0.0
FL00073,2025-06-23,Under maintenance,0.0
FL00073,2025-06-24,In service,14.94
FL00073,2025-06-25,In service,8.23
FL00073,2025-06-26,In service,17.5
FL00073,2025-06-27,Under maintenance,0.0
FL00073,2025-06-28,In service,10.28
FL00073,2025-06-29,In service,8.42
FL00073,2025-06-30,In service,23.15
FL00073,2025-07-01,In service,23.01
FL00073,2025-07-02,In service,17.08
FL00073,2025-07-03,In service,16.85
FL00073,2025-07-04,In service,14.9
FL00073,2025-07-05,In service,28.19
FL00073,2025-07-06,In service,14.12
FL00073,2025-07-07,Under maintenance,0.0
FL00073,2025-07-08,In service,20.09
FL00073,2025-07-09,In service,8.29
FL00073,2025-07-10,In service,7.69
FL00073,2025-07-11,In service,7.83
FL00073,2025-07-12,In service,16.06
FL00073,2025-07-13,In service,18.53
FL00073,2025-07-14,In service,22.96
FL00073,2025-07-15,In service,18.12
FL00073,2025-07-16,In service,8.96
FL00073,2025-07-17,In service,10.72
FL00073,2025-07-18,In service,19.36
FL00073,2025-07-19,In service,15.55
FL00073,2025-07-20,In service,13.72
FL00073,2025-07-21,In service,17.72
FL00073,2025-07-22,In service,17.01
FL00073,2025-07-23,In service,17.96
FL00073,2025-07-24,In service,13.2
FL00073,2025-07-25,Under maintenance,0.0
FL00073,2025-07-26,In service,14.92
FL00073,2025-07-27,In service,12.91
FL00073,2025-07-28,In service,15.13
FL00073,2025-07-29,In service,17.07
FL00073,2025-07-30,In service,18.73
FL00073,2025-07-31,In service,17.18
FL00073,2025-08-01,In service,15.25
FL00073,2025-08-02,In service,18.7
FL00073,2025-08-03,In service,14.15
FL00073,2025-08-04,In service,15.13
FL00073,2025-08-05,In service,11.65
FL00073,2025-08-06,In service,5.34
FL00073,2025-08-07,In service,15.57
FL00073,2025-08-08,In service,15.93
FL00073,2025-08-09,In service,13.17
FL00073,2025-08-10,In service,18.82
FL00073,2025-08-11,In service,26.31
FL00073,2025-08-12,Under maintenance,0.0
FL00073,2025-08-13,In service,16.07
FL00073,2025-08-14,In service,7.15
FL00073,2025-08-15,In service,10.83
FL00073,2025-08-16,Under maintenance,0.0
FL00073,2025-08-17,In service,19.92
FL00073,2025-08-18,In service,23.97
FL00073,2025-08-19,In service,24.49
FL00073,2025-08-20,In service,12.83
FL00073,2025-08-21,In service,6.94
FL00073,2025-08-22,In service,20.24
FL00073,2025-08-23,Under maintenance,0.0
FL00073,2025-08-24,In service,10.8
FL00073,2025-08-25,In service,3.42
FL00073,2025-08-26,In service,10.0
FL00073,2025-08-27,In service,15.3
FL00073,2025-08-28,In service,15.91
FL00073,2025-08-29,In service,10.77
FL00073,2025-08-30,In service,13.58
FL00073,2025-08-31,In service,17.8
FL00074,2025-06-01,In service,8.8
FL00074,2025-06-02,In service,24.4
FL00074,2025-06-03,In service,21.01
FL00074,2025-06-04,In service,14.22
FL00074,2025-06-05,Under maintenance,0.0
FL00074,2025-06-06,In service,25.67
FL00074,2025-06-07,In service,13.34
FL00074,2025-06-08,In service,15.32
FL00074,2025-06-09,In service,12.82
FL00074,2025-06-10,In service,7.65
FL00074,2025-06-11,In service,23.82
FL00074,2025-06-12,In service,23.5
FL00074,2025-06-13,Under maintenance,0.0
FL00074,2025-06-14,In service,16.89
FL00074,2025-06-15,In service,9.46
FL00074,2025-06-16,In service,5.82
FL00074,2025-06-17,Under maintenance,0.0
FL00074,2025-06-18,Under maintenance,0.0
FL00074,2025-06-19,Under maintenance,0.0
FL00074,2025-06-20,Under maintenance,0.0
FL00074,2025-06-21,Under maintenance,0.0
FL00074,2025-06-22,Under maintenance,0.0
FL00074,2025-06-23,In service,14.5
FL00074,2025-06-24,In service,14.55
FL00074,2025-06-25,In service,15.78
FL00074,2025-06-26,In service,22.93
FL00074,2025-06-27,In service,15.36
FL00074,2025-06-28,In service,13.16
FL00074,2025-06-29,In service,16.34
FL00074,2025-06-30,In service,3.5
FL00074,2025-07-01,In service,11.8
FL00074,2025-07-02,In service,15.16
FL00074,2025-07-03,In service,11.88
FL00074,2025-07-04,Under maintenance,0.0
FL00074,2025-07-05,Under maintenance,0.0
FL00074,2025-07-06,In service,29.16
FL00074,2025-07-07,In service,14.47
FL00074,2025-07-08,In service,16.74
FL00074,2025-07-09,In service,20.38
FL00074,2025-07-10,In service,14.47
FL00074,2025-07-11,Under maintenance,0.0
FL00074,2025-07-12,In service,15.1
FL00074,2025-07-13,In service,8.41
FL00074,2025-07-14,In service,13.03
FL00074,2025-07-15,In service,6.84
FL00074,2025-07-16,In service,14.46
FL00074,2025-07-17,In service,21.93
FL00074,2025-07-18,In service,24.57
FL00074,2025-07-19,In service,22.37
FL00074,2025-07-20,In service,16.87
FL00074,2025-07-21,In service,16.94
FL00074,2025-07-22,Under maintenance,0.0
FL00074,2025-07-23,In service,9.89
FL00074,2025-07-24,In service,19.85
FL00074,2025-07-25,In service,18.7
FL00074,2025-07-26,In service,10.12
FL00074,2025-07-27,In service,14.7
FL00074,2025-07-28,In service,12.43
FL00074,2025-07-29,In service,10.09
FL00074,2025-07-30,In service,4.06
FL00074,2025-07-31,Under maintenance,0.0
FL00074,2025-08-01,In service,8.83
FL00074,2025-08-02,In service,22.81
FL00074,2025-08-03,In service,12.08
FL00074,2025-08-04,In service,22.93
FL00074,2025-08-05,Under maintenance,0.0
FL00074,2025-08-06,In service,23.84
FL00074,2025-08-07,In service,14.58
FL00074,2025-08-08,In service,18.58
FL00074,2025-08-09,Under maintenance,0.0
FL00074,2025-08-10,In service,16.69
FL00074,2025-08-11,In service,19.43
FL00074,2025-08-12,In service,13.36
FL00074,2025-08-13,Under maintenance,0.0
FL00074,2025-08-14,In service,11.39
FL00074,2025-08-15,In service,13.02
FL00074,2025-08-16,In service,20.28
FL00074,2025-08-17,In service,8.92
FL00074,2025-08-18,In service,12.29
FL00074,2025-08-19,In service,9.15
FL00074,2025-08-20,In service,25.52
FL00074,2025-08-21,In service,28.44
FL00074,2025-08-22,In service,10.0
FL00074,2025-08-23,In service,15.69
FL00074,2025-08-24,In service,18.89
FL00074,2025-08-25,In service,12.0
FL00074,2025-08-26,In service,15.94
FL00074,2025-08-27,In service,15.82
FL00074,2025-08-28,In service,22.09
FL00074,2025-08-29,In service,22.18
FL00074,2025-08-30,In service,12.61
FL00074,2025-08-31,In service,16.6
FL00075,2025-06-01,In service,10.92
FL00075,2025-06-02,In service,19.47
FL00075,2025-06-03,In service,13.68
FL00075,2025-06-04,In service,18.18
FL00075,2025-06-05,In service,16.16
FL00075,2025-06-06,In service,14.66
FL00075,2025-06-07,In service,16.24
FL00075,2025-06-08,In service,19.06
FL00075,2025-06-09,In service,26.56
FL00075,2025-06-10,In service,16.87
FL00075,2025-06-11,In service,15.83
FL00075,2025-06-12,In service,15.23
FL00075,2025-06-13,In service,13.19
FL00075,2025-06-14,In service,23.85
FL00075,2025-06-15,In service,30.58
FL00075,2025-06-16,In service,14.72
FL00075,2025-06-17,In service,12.56
FL00075,2025-06-18,Under maintenance,0.0
FL00075,2025-06-19,In service,20.27
FL00075,2025-06-20,Under maintenance,0.0
FL00075,2025-06-21,In service,15.45
FL00075,2025-06-22,Under maintenance,0.0
FL00075,2025-06-23,In service,14.28
FL00075,2025-06-24,In service,19.49
FL00075,2025-06-25,In service,26.57
FL00075,2025-06-26,In service,11.37
FL00075,2025-06-27,In service,20.37
FL00075,2025-06-28,In service,19.35
FL00075,2025-06-29,In service,18.37
FL00075,2025-06-30,In service,15.39
FL00075,2025-07-01,In service,10.73
FL00075,2025-07-02,In service,25.59
FL00075,2025-07-03,In service,18.51
FL00075,2025-07-04,In service,10.21
FL00075,2025-07-05,In service,15.25
FL00075,2025-07-06,In service,17.91
FL00075,2025-07-07,Under maintenance,0.0
FL00075,2025-07-08,In service,14.4
FL00075,2025-07-09,In service,13.11
FL00075,2025-07-10,In service,10.47
FL00075,2025-07-11,In service,17.76
FL00075,2025-07-12,In service,14.08
FL00075,2025-07-13,In service,8.95
FL00075,2025-07-14,Under maintenance,0.0
FL00075,2025-07-15,In service,4.54
FL00075,2025-07-16,Under maintenance,0.0
FL00075,2025-07-17,Under maintenance,0.0
FL00075,2025-07-18,Under maintenance,0.0
FL00075,2025-07-19,In service,11.63
FL00075,2025-07-20,In service,5.96
FL00075,2025-07-21,In service,12.73
FL00075,2025-07-22,In service,18.86
FL00075,2025-07-23,In service,17.06
FL00075,2025-07-24,In service,17.59
FL00075,2025-07-25,In service,8.81
FL00075,2025-07-26,In service,13.34
FL00075,2025-07-27,In service,28.12
FL00075,2025-07-28,In service,14.26
FL00075,2025-07-29,In service,20.0
FL00075,2025-07-30,In service,14.17
FL00075,2025-07-31,In service,16.89
FL00075,2025-08-01,In service,13.56
FL00075,2025-08-02,Under maintenance,0.0
FL00075,2025-08-03,In service,14.85
FL00075,2025-08-04,In service,20.34
FL00075,2025-08-05,In service,17.28
FL00075,2025-08-06,Under maintenance,0.0
FL00075,2025-08-07,In service,17.13
FL00075,2025-08-08,Under maintenance,0.0
FL00075,2025-08-09,In service,12.97
FL00075,2025-08-10,In service,7.73
FL00075,2025-08-11,Under maintenance,0.0
FL00075,2025-08-12,In service,16.99
FL00075,2025-08-13,Under maintenance,0.0
FL00075,2025-08-14,In service,19.7
FL00075,2025-08-15,In service,5.84
FL00075,2025-08-16,In service,14.19
FL00075,2025-08-17,Under maintenance,0.0
FL00075,2025-08-18,In service,7.61
FL00075,2025-08-19,In service,17.08
FL00075,2025-08-20,In service,20.68
FL00075,2025-08-21,In service,22.74
FL00075,2025-08-22,In service,14.72
FL00075,2025-08-23,In service,12.8
FL00075,2025-08-24,In service,15.1
FL00075,2025-08-25,In service,19.18
FL00075,2025-08-26,In service,14.2
FL00075,2025-08-27,In service,8.62
FL00075,2025-08-28,In service,17.25
FL00075,2025-08-29,In service,19.22
FL00075,2025-08-30,In service,17.82
FL00075,2025-08-31,Under maintenance,0.0
FL00076,2025-06-01,In service,12.3
FL00076,2025-06-02,In service,16.22
FL00076,2025-06-03,In service,15.39
FL00076,2025-06-04,In service,20.44
FL00076,2025-06-05,In service,19.34
FL00076,2025-06-06,In service,21.61
FL00076,2025-06-07,In service,15.12
FL00076,2025-06-08,In service,18.9
FL00076,2025-06-09,In service,22.46
FL00076,2025-06-10,In service,17.01
FL00076,2025-06-11,In service,18.8
FL00076,2025-06-12,In service,14.0
FL00076,2025-06-13,In service,19.07
FL00076,2025-06-14,In service,16.31
FL00076,2025-06-15,In service,10.42
FL00076,2025-06-16,In service,7.1
FL00076,2025-06-17,In service,19.98
FL00076,2025-06-18,In service,21.39
FL00076,2025-06-19,In service,15.18
FL00076,2025-06-20,In service,11.4
FL00076,2025-06-21,In service,15.38
FL00076,2025-06-22,In service,22.02
FL00076,2025-06-23,In service,16.06
FL00076,2025-06-24,In service,17.48
FL00076,2025-06-25,In service,15.64
FL00076,2025-06-26,Under maintenance,0.0
FL00076,2025-06-27,In service,19.8
FL00076,2025-06-28,In service,6.28
FL00076,2025-06-29,Under maintenance,0.0
FL00076,2025-06-30,In service,21.51
FL00076,2025-07-01,Under maintenance,0.0
FL00076,2025-07-02,In service,13.66
FL00076,2025-07-03,In service,20.94
FL00076,2025-07-04,In service,15.05
FL00076,2025-07-05,Under maintenance,0.0
FL00076,2025-07-06,Under maintenance,0.0
FL00076,2025-07-07,In service,5.65
FL00076,2025-07-08,In service,15.71
FL00076,2025-07-09,In service,18.91
FL00076,2025-07-10,Under maintenance,0.0
FL00076,2025-07-11,In service,23.63
FL00076,2025-07-12,In service,13.65
FL00076,2025-07-13,In service,21.8
FL00076,2025-07-14,In service,14.75
FL00076,2025-07-15,In service,21.33
FL00076,2025-07-16,Under maintenance,0.0
FL00076,2025-07-17,In service,26.38
FL00076,2025-07-18,In service,12.05
FL00076,2025-07-19,In service,21.46
FL00076,2025-07-20,In service,6.5
FL00076,2025-07-21,In service,10.89
FL00076,2025-07-22,In service,11.89
FL00076,2025-07-23,In service,26.65
FL00076,2025-07-24,In service,21.28
FL00076,2025-07-25,In service,14.07
FL00076,2025-07-26,In service,11.27
FL00076,2025-07-27,In service,26.79
FL00076,2025-07-28,In service,13.71
FL00076,2025-07-29,Under maintenance,0.0
FL00076,2025-07-30,Under maintenance,0.0
FL00076,2025-07-31,In service,27.01
FL00076,2025-08-01,In service,20.92
FL00076,2025-08-02,Under maintenance,0.0
FL00076,2025-08-03,In service,17.19
FL00076,2025-08-04,In service,26.21
FL00076,2025-08-05,In service,11.13
FL00076,2025-08-06,Under maintenance,0.0
FL00076,2025-08-07,In service,12.61
FL00076,2025-08-08,Under maintenance,0.0
FL00076,2025-08-09,In service,13.24
FL00076,2025-08-10,In service,19.04
FL00076,2025-08-11,In service,11.89
FL00076,2025-08-12,In service,10.49
FL00076,2025-08-13,In service,18.15
FL00076,2025-08-14,In service,18.18
FL00076,2025-08-15,In service,5.8
FL00076,2025-08-16,Under maintenance,0.0
FL00076,2025-08-17,Under maintenance,0.0
FL00076,2025-08-18,In service,19.15
FL00076,2025-08-19,In service,18.64
FL00076,2025-08-20,In service,11.1
FL00076,2025-08-21,In service,5.79
FL00076,2025-08-22,In service,16.56
FL00076,2025-08-23,In service,19.42
FL00076,2025-08-24,In service,20.67
FL00076,2025-08-25,In service,18.66
FL00076,2025-08-26,In service,14.4
FL00076,2025-08-27,In service,8.48
FL00076,2025-08-28,In service,28.36
FL00076,2025-08-29,Under maintenance,0.0
FL00076,2025-08-30,In service,20.13
FL00076,2025-08-31,Under maintenance,0.0
FL00077,2025-06-01,In service,16.41
FL00077,2025-06-02,In service,20.74
FL00077,2025-06-03,In service,15.61
FL00077,2025-06-04,In service,10.81
FL00077,2025-06-05,In service,17.84
FL00077,2025-06-06,In service,11.09
FL00077,2025-06-07,In service,13.04
FL00077,2025-06-08,In service,21.33
FL00077,2025-06-09,Under maintenance,0.0
FL00077,2025-06-10,In service,21.2
FL00077,2025-06-11,In service,10.82
FL00077,2025-06-12,In service,13.46
FL00077,2025-06-13,In service,10.57
FL00077,2025-06-14,In service,21.12
FL00077,2025-06-15,In service,10.38
FL00077,2025-06-16,In service,18.74
FL00077,2025-06-17,Under maintenance,0.0
FL00077,2025-06-18,Under maintenance,0.0
FL00077,2025-06-19,In service,15.6
FL00077,2025-06-20,In service,21.4
FL00077,2025-06-21,In service,10.04
FL00077,2025-06-22,In service,15.81
FL00077,2025-06-23,In service,12.58
FL00077,2025-06-24,In service,7.16
FL00077,2025-06-25,In service,10.72
FL00077,2025-06-26,In service,17.06
FL00077,2025-06-27,In service,14.59
FL00077,2025-06-28,In service,18.63
FL00077,2025-06-29,In service,16.5
FL00077,2025-06-30,In service,3.71
FL00077,2025-07-01,In service,18.07
FL00077,2025-07-02,In service,10.03
FL00077,2025-07-03,In service,16.01
FL00077,2025-07-04,In service,8.29
FL00077,2025-07-05,In service,20.88
FL00077,2025-07-06,In service,19.8
FL00077,2025-07-07,In service,14.82
FL00077,2025-07-08,In service,19.59
FL00077,2025-07-09,Under maintenance,0.0
FL00077,2025-07-10,In service,11.04
FL00077,2025-07-11,In service,15.68
FL00077,2025-07-12,In service,6.48
FL00077,2025-07-13,In service,14.87
FL00077,2025-07-14,In service,15.84
FL00077,2025-07-15,In service,12.11
FL00077,2025-07-16,In service,20.25
FL00077,2025-07-17,In service,8.78
FL00077,2025-07-18,In service,19.61
FL00077,2025-07-19,Under maintenance,0.0
FL00077,2025-07-20,In service,18.05
FL00077,2025-07-21,In service,10.06
FL00077,2025-07-22,In service,19.69
FL00077,2025-07-23,In service,25.9
FL00077,2025-07-24,In service,16.26
FL00077,2025-07-25,In service,15.25
FL00077,2025-07-26,In service,11.34
FL00077,2025-07-27,In service,17.41
FL00077,2025-07-28,In service,15.41
FL00077,2025-07-29,In service,4.7
FL00077,2025-07-30,In service,19.35
FL00077,2025-07-31,Under maintenance,0.0
FL00077,2025-08-01,In service,9.54
FL00077,2025-08-02,In service,20.23
FL00077,2025-08-03,In service,25.73
FL00077,2025-08-04,In service,15.61
FL00077,2025-08-05,In service,14.59
FL00077,2025-08-06,In service,26.83
FL00077,2025-08-07,In service,16.54
FL00077,2025-08-08,In service,9.43
FL00077,2025-08-09,In service,12.42
FL00077,2025-08-10,Under maintenance,0.0
FL00077,2025-08-11,In service,9.93
FL00077,2025-08-12,In service,22.89
FL00077,2025-08-13,In service,11.29
FL00077,2025-08-14,In service,22.88
FL00077,2025-08-15,In service,18.23
FL00077,2025-08-16,In service,19.31
FL00077,2025-08-17,Under maintenance,0.0
FL00077,2025-08-18,In service,21.21
FL00077,2025-08-19,In service,24.34
FL00077,2025-08-20,In service,12.24
FL00077,2025-08-21,In service,19.3
FL00077,2025-08-22,In service,16.86
FL00077,2025-08-23,In service,13.54
FL00077,2025-08-24,In service,12.67
FL00077,2025-08-25,Under maintenance,0.0
FL00077,2025-08-26,In service,16.54
FL00077,2025-08-27,In service,15.55
FL00077,2025-08-28,In service,13.21
FL00077,2025-08-29,In service,14.62
FL00077,2025-08-30,In service,18.3
FL00077,2025-08-31,In service,8.4
FL00078,2025-06-01,In service,14.59
FL00078,2025-06-02,In service,16.58
FL00078,2025-06-03,In service,14.97
FL00078,2025-06-04,In service,20.33
FL00078,2025-06-05,In service,13.07
FL00078,2025-06-06,In service,19.39
FL00078,2025-06-07,In service,17.33
FL00078,2025-06-08,In service,21.31
FL00078,2025-06-09,In service,16.54
FL00078,2025-06-10,In service,12.03
FL00078,2025-06-11,In service,17.59
FL00078,2025-06-12,In service,10.73
FL00078,2025-06-13,In service,5.71
FL00078,2025-06-14,In service,12.39
FL00078,2025-06-15,Under maintenance,0.0
FL00078,2025-06-16,Under maintenance,0.0
FL00078,2025-06-17,In service,21.67
FL00078,2025-06-18,In service,25.27
FL00078,2025-06-19,In service,8.33
FL00078,2025-06-20,In service,20.67
FL00078,2025-06-21,In service,26.05
FL00078,2025-06-22,Under maintenance,0.0
FL00078,2025-06-23,In service,23.07
FL00078,2025-06-24,In service,10.71
FL00078,2025-06-25,In service,11.36
FL00078,2025-06-26,In service,13.85
FL00078,2025-06-27,In service,15.63
FL00078,2025-06-28,In service,5.22
FL00078,2025-06-29,Under maintenance,0.0
FL00078,2025-06-30,In service,20.15
FL00078,2025-07-01,In service,11.23
FL00078,2025-07-02,In service,25.64
FL00078,2025-07-03,In service,18.54
FL00078,2025-07-04,In service,18.32
FL00078,2025-07-05,In service,17.83
FL00078,2025-07-06,In service,18.4
FL00078,2025-07-07,In service,19.62
FL00078,2025-07-08,In service,14.22
FL00078,2025-07-09,In service,9.39
FL00078,2025-07-10,In service,9.59
FL00078,2025-07-11,In service,16.3
FL00078,2025-07-12,In service,30.61
FL00078,2025-07-13,In service,15.35
FL00078,2025-07-14,In service,21.97
FL00078,2025-07-15,Under maintenance,0.0
FL00078,2025-07-16,In service,15.57
FL00078,2025-07-17,In service,16.47
FL00078,2025-07-18,In service,18.84
FL00078,2025-07-19,In service,19.76
FL00078,2025-07-20,In service,13.72
FL00078,2025-07-21,In service,20.55
FL00078,2025-07-22,In service,18.03
FL00078,2025-07-23,In service,17.94
FL00078,2025-07-24,In service,15.87
FL00078,2025-07-25,Under maintenance,0.0
FL00078,2025-07-26,In service,9.98
FL00078,2025-07-27,In service,22.63
FL00078,2025-07-28,In service,22.83
FL00078,2025-07-29,In service,14.46
FL00078,2025-07-30,In service,15.74
FL00078,2025-07-31,In service,25.5
FL00078,2025-08-01,In service,14.6
FL00078,2025-08-02,In service,19.95
FL00078,2025-08-03,In service,17.14
FL00078,2025-08-04,In service,8.68
FL00078,2025-08-05,In service,18.47
FL00078,2025-08-06,In service,9.08
FL00078,2025-08-07,Under maintenance,0.0
FL00078,2025-08-08,In service,18.68
FL00078,2025-08-09,In service,19.22
FL00078,2025-08-10,Under maintenance,0.0
FL00078,2025-08-11,In service,10.21
FL00078,2025-08-12,In service,20.41
FL00078,2025-08-13,Under maintenance,0.0
FL00078,2025-08-14,Under maintenance,0.0
FL00078,2025-08-15,In service,8.87
FL00078,2025-08-16,In service,9.15
FL00078,2025-08-17,In service,25.82
FL00078,2025-08-18,In service,21.56
FL00078,2025-08-19,In service,16.51
FL00078,2025-08-20,In service,18.64
FL00078,2025-08-21,In service,11.52
FL00078,2025-08-22,In service,17.07
FL00078,2025-08-23,Under maintenance,0.0
FL00078,2025-08-24,In service,11.52
FL00078,2025-08-25,Under maintenance,0.0
FL00078,2025-08-26,In service,8.27
FL00078,2025-08-27,In service,20.69
FL00078,2025-08-28,Under maintenance,0.0
FL00078,2025-08-29,In service,13.88
FL00078,2025-08-30,In service,18.11
FL00078,2025-08-31,In service,13.1
FL00079,2025-06-01,In service,14.25
FL00079,2025-06-02,In service,21.85
FL00079,2025-06-03,Under maintenance,0.0
FL00079,2025-06-04,Under maintenance,0.0
FL00079,2025-06-05,In service,13.29
FL00079,2025-06-06,In service,19.94
FL00079,2025-06-07,In service,23.61
FL00079,2025-06-08,In service,13.12
FL00079,2025-06-09,In service,28.94
FL00079,2025-06-10,In service,11.01
FL00079,2025-06-11,In service,15.05
FL00079,2025-06-12,In service,14.93
FL00079,2025-06-13,In service,18.19
FL00079,2025-06-14,Under maintenance,0.0
FL00079,2025-06-15,In service,11.84
FL00079,2025-06-16,In service,19.39
FL00079,2025-06-17,In service,17.01
FL00079,2025-06-18,In service,28.96
FL00079,2025-06-19,In service,10.81
FL00079,2025-06-20,Under maintenance,0.0
FL00079,2025-06-21,In service,8.46
FL00079,2025-06-22,In service,17.27
FL00079,2025-06-23,In service,20.5
FL00079,2025-06-24,In service,9.25
FL00079,2025-06-25,In service,9.5
FL00079,2025-06-26,In service,20.08
FL00079,2025-06-27,In service,17.87
FL00079,2025-06-28,In service,11.81
FL00079,2025-06-29,In service,0.67
FL00079,2025-06-30,In service,16.12
FL00079,2025-07-01,In service,14.8
FL00079,2025-07-02,In service,16.88
FL00079,2025-07-03,In service,17.4
FL00079,2025-07-04,In service,15.89
FL00079,2025-07-05,In service,14.51
FL00079,2025-07-06,In service,19.18
FL00079,2025-07-07,In service,17.25
FL00079,2025-07-08,In service,18.48
FL00079,2025-07-09,In service,21.99
FL00079,2025-07-10,In service,19.68
FL00079,2025-07-11,In service,20.94
FL00079,2025-07-12,In service,14.06
FL00079,2025-07-13,In service,12.91
FL00079,2025-07-14,In service,19.64
FL00079,2025-07-15,In service,24.07
FL00079,2025-07-16,In service,22.69
FL00079,2025-07-17,In service,14.88
FL00079,2025-07-18,Under maintenance,0.0
FL00079,2025-07-19,In service,27.44
FL00079,2025-07-20,In service,18.84
FL00079,2025-07-21,In service,25.85
FL00079,2025-07-22,In service,17.53
FL00079,2025-07-23,Under maintenance,0.0
FL00079,2025-07-24,In service,15.13
FL00079,2025-07-25,In service,10.66
FL00079,2025-07-26,In service,11.92
FL00079,2025-07-27,In service,22.82
FL00079,2025-07-28,In service,22.01
FL00079,2025-07-29,In service,22.07
FL00079,2025-07-30,In service,18.17
FL00079,2025-07-31,In service,18.72
FL00079,2025-08-01,In service,16.44
FL00079,2025-08-02,In service,3.03
FL00079,2025-08-03,In service,10.53
FL00079,2025-08-04,In service,10.67
FL00079,2025-08-05,In service,18.64
FL00079,2025-08-06,In service,24.89
FL00079,2025-08-07,In service,19.91
FL00079,2025-08-08,In service,22.77
FL00079,2025-08-09,In service,20.25
FL00079,2025-08-10,In service,13.2
FL00079,2025-08-11,Under maintenance,0.0
FL00079,2025-08-12,In service,15.75
FL00079,2025-08-13,In service,9.86
FL00079,2025-08-14,In service,15.24
FL00079,2025-08-15,In service,18.34
FL00079,2025-08-16,In service,7.13
FL00079,2025-08-17,In service,14.96
FL00079,2025-08-18,In service,19.43
FL00079,2025-08-19,Under maintenance,0.0
FL00079,2025-08-20,Under maintenance,0.0
FL00079,2025-08-21,Under maintenance,0.0
FL00079,2025-08-22,Under maintenance,0.0
FL00079,2025-08-23,In service,13.92
FL00079,2025-08-24,In service,14.98
FL00079,2025-08-25,Under maintenance,0.0
FL00079,2025-08-26,In service,18.49
FL00079,2025-08-27,Under maintenance,0.0
FL00079,2025-08-28,In service,12.12
FL00079,2025-08-29,In service,13.09
FL00079,2025-08-30,In service,8.95
FL00079,2025-08-31,In service,18.58
FL00080,2025-06-01,Under maintenance,0.0
FL00080,2025-06-02,In service,25.68
FL00080,2025-06-03,In service,18.09
FL00080,2025-06-04,In service,17.41
FL00080,2025-06-05,In service,20.3
FL00080,2025-06-06,Under maintenance,0.0
FL00080,2025-06-07,In service,19.74
FL00080,2025-06-08,In service,20.02
FL00080,2025-06-09,In service,15.2
FL00080,2025-06-10,In service,14.12
FL00080,2025-06-11,In service,12.08
FL00080,2025-06-12,In service,6.43
FL00080,2025-06-13,In service,12.35
FL00080,2025-06-14,In service,19.99
FL00080,2025-06-15,In service,20.85
FL00080,2025-06-16,In service,13.6
FL00080,2025-06-17,In service,19.28
FL00080,2025-06-18,In service,7.69
FL00080,2025-06-19,Under maintenance,0.0
FL00080,2025-06-20,Under maintenance,0.0
FL00080,2025-06-21,Under maintenance,0.0
FL00080,2025-06-22,In service,11.26
FL00080,2025-06-23,Under maintenance,0.0
FL00080,2025-06-24,In service,16.02
FL00080,2025-06-25,In service,22.4
FL00080,2025-06-26,Under maintenance,0.0
FL00080,2025-06-27,In service,22.17
FL00080,2025-06-28,In service,7.35
FL00080,2025-06-29,In service,11.94
FL00080,2025-06-30,In service,15.77
FL00080,2025-07-01,In service,10.75
FL00080,2025-07-02,In service,18.6
FL00080,2025-07-03,Under maintenance,0.0
FL00080,2025-07-04,In service,12.0
FL00080,2025-07-05,In service,17.0
FL00080,2025-07-06,In service,25.05
FL00080,2025-07-07,Under maintenance,0.0
FL00080,2025-07-08,In service,5.55
FL00080,2025-07-09,Under maintenance,0.0
FL00080,2025-07-10,In service,0.75
FL00080,2025-07-11,In service,12.13
FL00080,2025-07-12,In service,13.09
FL00080,2025-07-13,In service,15.04
FL00080,2025-07-14,In service,16.11
FL00080,2025-07-15,In service,15.47
FL00080,2025-07-16,In service,26.78
FL00080,2025-07-17,In service,16.87
FL00080,2025-07-18,In service,23.4
FL00080,2025-07-19,In service,14.8
FL00080,2025-07-20,In service,10.14
FL00080,2025-07-21,In service,19.77
FL00080,2025-07-22,In service,10.34
FL00080,2025-07-23,In service,13.91
FL00080,2025-07-24,In service,17.87
FL00080,2025-07-25,In service,17.01
FL00080,2025-07-26,In service,15.22
FL00080,2025-07-27,In service,9.25
FL00080,2025-07-28,In service,11.37
FL00080,2025-07-29,In service,18.86
FL00080,2025-07-30,In service,9.7
FL00080,2025-07-31,In service,21.29
FL00080,2025-08-01,In service,23.12
FL00080,2025-08-02,In service,14.28
FL00080,2025-08-03,In service,12.28
FL00080,2025-08-04,Under maintenance,0.0
FL00080,2025-08-05,In service,24.05
FL00080,2025-08-06,Under maintenance,0.0
FL00080,2025-08-07,In service,13.74
FL00080,2025-08-08,In service,19.84
FL00080,2025-08-09,Under maintenance,0.0
FL00080,2025-08-10,In service,16.96
FL00080,2025-08-11,Under maintenance,0.0
FL00080,2025-08-12,In service,4.78
FL00080,2025-08-13,In service,14.89
FL00080,2025-08-14,Under maintenance,0.0
FL00080,2025-08-15,In service,22.28
FL00080,2025-08-16,In service,14.9
FL00080,2025-08-17,In service,12.35
FL00080,2025-08-18,In service,17.09
FL00080,2025-08-19,In service,11.69
FL00080,2025-08-20,In service,6.02
FL00080,2025-08-21,In service,18.75
FL00080,2025-08-22,In service,19.06
FL00080,2025-08-23,In service,22.88
FL00080,2025-08-24,In service,13.01
FL00080,2025-08-25,Under maintenance,0.0
FL00080,2025-08-26,In service,8.67
FL00080,2025-08-27,In service,16.76
FL00080,2025-08-28,In service,14.17
FL00080,2025-08-29,In service,16.61
FL00080,2025-08-30,In service,7.44
FL00080,2025-08-31,In service,15.21
FL00081,2025-06-01,In service,5.72
FL00081,2025-06-02,In service,16.73
FL00081,2025-06-03,In service,18.42
FL00081,2025-06-04,In service,12.94
FL00081,2025-06-05,Under maintenance,0.0
FL00081,2025-06-06,In service,16.24
FL00081,2025-06-07,Under maintenance,0.0
FL00081,2025-06-08,In service,17.5
FL00081,2025-06-09,In service,22.64
FL00081,2025-06-10,In service,17.74
FL00081,2025-06-11,In service,14.16
FL00081,2025-06-12,In service,16.81
FL00081,2025-06-13,In service,13.9
FL00081,2025-06-14,In service,12.62
FL00081,2025-06-15,Under maintenance,0.0
FL00081,2025-06-16,In service,14.2
FL00081,2025-06-17,Under maintenance,0.0
FL00081,2025-06-18,In service,11.1
FL00081,2025-06-19,In service,7.87
FL00081,2025-06-20,In service,18.08
FL00081,2025-06-21,In service,14.19
FL00081,2025-06-22,In service,23.72
FL00081,2025-06-23,In service,18.9
FL00081,2025-06-24,Under maintenance,0.0
FL00081,2025-06-25,In service,23.42
FL00081,2025-06-26,In service,10.36
FL00081,2025-06-27,In service,20.45
FL00081,2025-06-28,Under maintenance,0.0
FL00081,2025-06-29,Under maintenance,0.0
FL00081,2025-06-30,In service,9.54
FL00081,2025-07-01,In service,21.38
FL00081,2025-07-02,In service,13.91
FL00081,2025-07-03,In service,3.65
FL00081,2025-07-04,In service,18.88
FL00081,2025-07-05,In service,11.01
FL00081,2025-07-06,In service,14.28
FL00081,2025-07-07,In service,14.0
FL00081,2025-07-08,In service,13.6
FL00081,2025-07-09,In service,10.8
FL00081,2025-07-10,In service,18.81
FL00081,2025-07-11,In service,19.34
FL00081,2025-07-12,Under maintenance,0.0
FL00081,2025-07-13,In service,15.18
FL00081,2025-07-14,Under maintenance,0.0
FL00081,2025-07-15,In service,17.88
FL00081,2025-07-16,Under maintenance,0.0
FL00081,2025-07-17,Under maintenance,0.0
FL00081,2025-07-18,Under maintenance,0.0
FL00081,2025-07-19,In service,11.91
FL00081,2025-07-20,In service,7.15
FL00081,2025-07-21,In service,15.23
FL00081,2025-07-22,In service,16.46
FL00081,2025-07-23,In service,10.89
FL00081,2025-07-24,Under maintenance,0.0
FL00081,2025-07-25,In service,11.62
FL00081,2025-07-26,In service,15.97
FL00081,2025-07-27,In service,23.29
FL00081,2025-07-28,In service,14.77
FL00081,2025-07-29,In service,15.91
FL00081,2025-07-30,Under maintenance,0.0
FL00081,2025-07-31,In service,18.56
FL00081,2025-08-01,Under maintenance,0.0
FL00081,2025-08-02,Under maintenance,0.0
FL00081,2025-08-03,Under maintenance,0.0
FL00081,2025-08-04,In service,16.41
FL00081,2025-08-05,Under maintenance,0.0
FL00081,2025-08-06,Under maintenance,0.0
FL00081,2025-08-07,In service,10.71
FL00081,2025-08-08,In service,7.03
FL00081,2025-08-09,In service,21.36
FL00081,2025-08-10,In service,26.15
FL00081,2025-08-11,In service,13.37
FL00081,2025-08-12,In service,18.41
FL00081,2025-08-13,In service,12.89
FL00081,2025-08-14,In service,15.28
FL00081,2025-08-15,In service,8.24
FL00081,2025-08-16,In service,22.52
FL00081,2025-08-17,In service,17.53
FL00081,2025-08-18,In service,20.06
FL00081,2025-08-19,In service,18.78
FL00081,2025-08-20,In service,17.53
FL00081,2025-08-21,Under maintenance,0.0
FL00081,2025-08-22,In service,17.19
FL00081,2025-08-23,Under maintenance,0.0
FL00081,2025-08-24,In service,19.94
FL00081,2025-08-25,In service,14.51
FL00081,2025-08-26,In service,17.6
FL00081,2025-08-27,Under maintenance,0.0
FL00081,2025-08-28,In service,23.12
FL00081,2025-08-29,In service,6.3
FL00081,2025-08-30,In service,11.6
FL00081,2025-08-31,In service,11.89
FL00082,2025-06-01,Under maintenance,0.0
FL00082,2025-06-02,In service,12.43
FL00082,2025-06-03,Under maintenance,0.0
FL00082,2025-06-04,Under maintenance,0.0
FL00082,2025-06-05,Under maintenance,0.0
FL00082,2025-06-06,Under maintenance,0.0
FL00082,2025-06-07,Under maintenance,0.0
FL00082,2025-06-08,In service,17.99
FL00082,2025-06-09,In service,11.03
FL00082,2025-06-10,In service,19.3
FL00082,2025-06-11,Under maintenance,0.0
FL00082,2025-06-12,In service,25.31
FL00082,2025-06-13,In service,8.54
FL00082,2025-06-14,Under maintenance,0.0
FL00082,2025-06-15,In service,4.12
FL00082,2025-06-16,In service,11.89
FL00082,2025-06-17,In service,25.55
FL00082,2025-06-18,In service,12.49
FL00082,2025-06-19,Under maintenance,0.0
FL00082,2025-06-20,In service,10.01
FL00082,2025-06-21,In service,11.74
FL00082,2025-06-22,Under maintenance,0.0
FL00082,2025-06-23,In service,14.75
FL00082,2025-06-24,Under maintenance,0.0
FL00082,2025-06-25,In service,13.47
FL00082,2025-06-26,In service,19.49
FL00082,2025-06-27,In service,8.02
FL00082,2025-06-28,In service,20.49
FL00082,2025-06-29,In service,11.91
FL00082,2025-06-30,Under maintenance,0.0
FL00082,2025-07-01,In service,10.61
FL00082,2025-07-02,Under maintenance,0.0
FL00082,2025-07-03,In service,10.24
FL00082,2025-07-04,Under maintenance,0.0
FL00082,2025-07-05,Under maintenance,0.0
FL00082,2025-07-06,Under maintenance,0.0
FL00082,2025-07-07,In service,14.24
FL00082,2025-07-08,In service,9.93
FL00082,2025-07-09,Under maintenance,0.0
FL00082,2025-07-10,In service,4.7
FL00082,2025-07-11,In service,21.17
FL00082,2025-07-12,In service,12.67
FL00082,2025-07-13,In service,19.33
FL00082,2025-07-14,In service,9.17
FL00082,2025-07-15,In service,14.01
FL00082,2025-07-16,In service,16.51
FL00082,2025-07-17,In service,14.38
FL00082,2025-07-18,Under maintenance,0.0
FL00082,2025-07-19,In service,6.46
FL00082,2025-07-20,Under maintenance,0.0
FL00082,2025-07-21,In service,17.29
FL00082,2025-07-22,Under maintenance,0.0
FL00082,2025-07-23,In service,19.65
FL00082,2025-07-24,In service,8.93
FL00082,2025-07-25,In service,10.39
FL00082,2025-07-26,In service,9.09
FL00082,2025-07-27,In service,21.21
FL00082,2025-07-28,In service,27.36
FL00082,2025-07-29,In service,7.76
FL00082,2025-07-30,Under maintenance,0.0
FL00082,2025-07-31,In service,16.1
FL00082,2025-08-01,In service,20.08
FL00082,2025-08-02,In service,28.97
FL00082,2025-08-03,In service,25.57
FL00082,2025-08-04,In service,21.79
FL00082,2025-08-05,In service,19.3
FL00082,2025-08-06,In service,19.44
FL00082,2025-08-07,In service,11.36
FL00082,2025-08-08,In service,14.07
FL00082,2025-08-09,In service,10.65
FL00082,2025-08-10,In service,19.78
FL00082,2025-08-11,In service,19.7
FL00082,2025-08-12,Under maintenance,0.0
FL00082,2025-08-13,In service,16.39
FL00082,2025-08-14,In service,21.51
FL00082,2025-08-15,In service,19.22
FL00082,2025-08-16,In service,12.81
FL00082,2025-08-17,In service,9.19
FL00082,2025-08-18,In service,11.31
FL00082,2025-08-19,Under maintenance,0.0
FL00082,2025-08-20,In service,17.12
FL00082,2025-08-21,Under maintenance,0.0
FL00082,2025-08-22,In service,18.83
FL00082,2025-08-23,In service,21.57
FL00082,2025-08-24,Under maintenance,0.0
FL00082,2025-08-25,In service,18.01
FL00082,2025-08-26,In service,18.59
FL00082,2025-08-27,In service,9.03
FL00082,2025-08-28,In service,19.27
FL00082,2025-08-29,Under maintenance,0.0
FL00082,2025-08-30,In service,12.39
FL00082,2025-08-31,In service,21.71
FL00083,2025-06-01,In service,23.97
FL00083,2025-06-02,In service,17.25
FL00083,2025-06-03,In service,25.3
FL00083,2025-06-04,In service,26.41
FL00083,2025-06-05,In service,14.89
FL00083,2025-06-06,In service,11.14
FL00083,2025-06-07,In service,16.49
FL00083,2025-06-08,In service,11.62
FL00083,2025-06-09,In service,27.93
FL00083,2025-06-10,Under maintenance,0.0
FL00083,2025-06-11,In service,15.02
FL00083,2025-06-12,In service,9.76
FL00083,2025-06-13,In service,14.19
FL00083,2025-06-14,In service,13.49
FL00083,2025-06-15,Under maintenance,0.0
FL00083,2025-06-16,In service,12.42
FL00083,2025-06-17,In service,20.22
FL00083,2025-06-18,In service,10.73
FL00083,2025-06-19,In service,11.86
FL00083,2025-06-20,In service,19.94
FL00083,2025-06-21,In service,18.78
FL00083,2025-06-22,In service,11.42
FL00083,2025-06-23,In service,12.63
FL00083,2025-06-24,In service,8.95
FL00083,2025-06-25,In service,22.63
FL00083,2025-06-26,In service,14.48
FL00083,2025-06-27,Under maintenance,0.0
FL00083,2025-06-28,In service,13.87
FL00083,2025-06-29,In service,20.92
FL00083,2025-06-30,In service,16.01
FL00083,2025-07-01,In service,15.78
FL00083,2025-07-02,In service,20.44
FL00083,2025-07-03,In service,30.53
FL00083,2025-07-04,In service,11.33
FL00083,2025-07-05,Under maintenance,0.0
FL00083,2025-07-06,In service,17.84
FL00083,2025-07-07,In service,22.6
FL00083,2025-07-08,In service,9.31
FL00083,2025-07-09,In service,22.24
FL00083,2025-07-10,Under maintenance,0.0
FL00083,2025-07-11,In service,15.22
FL00083,2025-07-12,In service,22.91
FL00083,2025-07-13,In service,15.44
FL00083,2025-07-14,In service,10.14
FL00083,2025-07-15,In service,15.02
FL00083,2025-07-16,In service,21.9
FL00083,2025-07-17,In service,3.25
FL00083,2025-07-18,Under maintenance,0.0
FL00083,2025-07-19,In service,18.76
FL00083,2025-07-20,In service,11.81
FL00083,2025-07-21,In service,16.72
FL00083,2025-07-22,Under maintenance,0.0
FL00083,2025-07-23,In service,13.11
FL00083,2025-07-24,In service,10.22
FL00083,2025-07-25,In service,21.76
FL00083,2025-07-26,In service,26.76
FL00083,2025-07-27,In service,15.01
FL00083,2025-07-28,In service,20.57
FL00083,2025-07-29,In service,19.19
FL00083,2025-07-30,In service,17.89
FL00083,2025-07-31,In service,15.99
FL00083,2025-08-01,Under maintenance,0.0
FL00083,2025-08-02,In service,17.46
FL00083,2025-08-03,In service,15.03
FL00083,2025-08-04,In service,21.24
FL00083,2025-08-05,In service,15.8
FL00083,2025-08-06,Under maintenance,0.0
FL00083,2025-08-07,Under maintenance,0.0
FL00083,2025-08-08,In service,13.08
FL00083,2025-08-09,Under maintenance,0.0
FL00083,2025-08-10,In service,21.04
FL00083,2025-08-11,In service,19.78
FL00083,2025-08-12,In service,17.27
FL00083,2025-08-13,In service,14.74
FL00083,2025-08-14,In service,18.4
FL00083,2025-08-15,In service,16.1
FL00083,2025-08-16,In service,17.74
FL00083,2025-08-17,In service,16.86
FL00083,2025-08-18,In service,6.68
FL00083,2025-08-19,Under maintenance,0.0
FL00083,2025-08-20,In service,18.62
FL00083,2025-08-21,In service,18.09
FL00083,2025-08-22,In service,16.4
FL00083,2025-08-23,In service,20.03
FL00083,2025-08-24,In service,11.7
FL00083,2025-08-25,In service,9.51
FL00083,2025-08-26,In service,22.53
FL00083,2025-08-27,In service,22.36
FL00083,2025-08-28,In service,17.71
FL00083,2025-08-29,In service,15.11
FL00083,2025-08-30,In service,12.46
FL00083,2025-08-31,In service,10.09
FL00084,2025-06-01,In service,16.17
FL00084,2025-06-02,Under maintenance,0.0
FL00084,2025-06-03,In service,18.25
FL00084,2025-06-04,In service,11.88
FL00084,2025-06-05,In service,19.5
FL00084,2025-06-06,Under maintenance,0.0
FL00084,2025-06-07,Under maintenance,0.0
FL00084,2025-06-08,In service,19.05
FL00084,2025-06-09,Under maintenance,0.0
FL00084,2025-06-10,In service,14.53
FL00084,2025-06-11,In service,11.65
FL00084,2025-06-12,In service,21.68
FL00084,2025-06-13,In service,16.65
FL00084,2025-06-14,Under maintenance,0.0
FL00084,2025-06-15,Under maintenance,0.0
FL00084,2025-06-16,In service,13.6
FL00084,2025-06-17,In service,17.71
FL00084,2025-06-18,In service,14.22
FL00084,2025-06-19,In service,18.23
FL00084,2025-06-20,In service,18.71
FL00084,2025-06-21,Under maintenance,0.0
FL00084,2025-06-22,In service,13.47
FL00084,2025-06-23,In service,27.91
FL00084,2025-06-24,In service,19.96
FL00084,2025-06-25,In service,25.09
FL00084,2025-06-26,In service,20.04
FL00084,2025-06-27,In service,12.68
FL00084,2025-06-28,In service,18.56
FL00084,2025-06-29,In service,17.49
FL00084,2025-06-30,Under maintenance,0.0
FL00084,2025-07-01,In service,16.14
FL00084,2025-07-02,In service,17.64
FL00084,2025-07-03,In service,14.31
FL00084,2025-07-04,In service,12.09
FL00084,2025-07-05,In service,19.95
FL00084,2025-07-06,In service,15.24
FL00084,2025-07-07,In service,11.82
FL00084,2025-07-08,In service,26.97
FL00084,2025-07-09,In service,29.59
FL00084,2025-07-10,In service,24.33
FL00084,2025-07-11,Under maintenance,0.0
FL00084,2025-07-12,In service,9.77
FL00084,2025-07-13,In service,25.34
FL00084,2025-07-14,Under maintenance,0.0
FL00084,2025-07-15,In service,16.41
FL00084,2025-07-16,In service,20.71
FL00084,2025-07-17,In service,18.67
FL00084,2025-07-18,Under maintenance,0.0
FL00084,2025-07-19,In service,13.35
FL00084,2025-07-20,In service,21.11
FL00084,2025-07-21,In service,23.17
FL00084,2025-07-22,In service,12.35
FL00084,2025-07-23,Under maintenance,0.0
FL00084,2025-07-24,In service,6.05
FL00084,2025-07-25,In service,19.41
FL00084,2025-07-26,In service,15.61
FL00084,2025-07-27,In service,19.07
FL00084,2025-07-28,In service,7.95
FL00084,2025-07-29,In service,9.27
FL00084,2025-07-30,In service,20.8
FL00084,2025-07-31,In service,14.44
FL00084,2025-08-01,In service,11.52
FL00084,2025-08-02,Under maintenance,0.0
FL00084,2025-08-03,In service,16.15
FL00084,2025-08-04,Under maintenance,0.0
FL00084,2025-08-05,Under maintenance,0.0
FL00084,2025-08-06,In service,20.45
FL00084,2025-08-07,In service,13.97
FL00084,2025-08-08,In service,18.45
FL00084,2025-08-09,In service,9.09
FL00084,2025-08-10,Under maintenance,0.0
FL00084,2025-08-11,In service,9.7
FL00084,2025-08-12,Under maintenance,0.0
FL00084,2025-08-13,In service,12.4
FL00084,2025-08-14,In service,19.66
FL00084,2025-08-15,In service,13.04
FL00084,2025-08-16,In service,10.59
FL00084,2025-08-17,In service,20.31
FL00084,2025-08-18,In service,12.75
FL00084,2025-08-19,In service,23.84
FL00084,2025-08-20,In service,16.86
FL00084,2025-08-21,In service,11.45
FL00084,2025-08-22,Under maintenance,0.0
FL00084,2025-08-23,In service,10.03
FL00084,2025-08-24,In service,23.68
FL00084,2025-08-25,In service,14.86
FL00084,2025-08-26,In service,8.21
FL00084,2025-08-27,In service,9.45
FL00084,2025-08-28,In service,9.3
FL00084,2025-08-29,In service,14.72
FL00084,2025-08-30,In service,16.54
FL00084,2025-08-31,Under maintenance,0.0
FL00085,2025-06-01,In service,18.67
FL00085,2025-06-02,In service,15.96
FL00085,2025-06-03,In service,16.49
FL00085,2025-06-04,Under maintenance,0.0
FL00085,2025-06-05,Under maintenance,0.0
FL00085,2025-06-06,In service,11.49
FL00085,2025-06-07,In service,22.16
FL00085,2025-06-08,In service,19.53
FL00085,2025-06-09,In service,19.82
FL00085,2025-06-10,In service,17.83
FL00085,2025-06-11,In service,14.13
FL00085,2025-06-12,In service,21.62
FL00085,2025-06-13,Under maintenance,0.0
FL00085,2025-06-14,Under maintenance,0.0
FL00085,2025-06-15,In service,19.4
FL00085,2025-06-16,In service,11.71
FL00085,2025-06-17,Under maintenance,0.0
FL00085,2025-06-18,In service,21.43
FL00085,2025-06-19,In service,24.0
FL00085,2025-06-20,In service,16.71
FL00085,2025-06-21,In service,14.48
FL00085,2025-06-22,In service,16.02
FL00085,2025-06-23,In service,16.13
FL00085,2025-06-24,In service,19.76
FL00085,2025-06-25,In service,20.02
FL00085,2025-06-26,Under maintenance,0.0
FL00085,2025-06-27,In service,20.67
FL00085,2025-06-28,In service,19.23
FL00085,2025-06-29,In service,15.12
FL00085,2025-06-30,In service,5.52
FL00085,2025-07-01,Under maintenance,0.0
FL00085,2025-07-02,In service,19.73
FL00085,2025-07-03,In service,13.18
FL00085,2025-07-04,In service,18.52
FL00085,2025-07-05,In service,18.77
FL00085,2025-07-06,In service,14.83
FL00085,2025-07-07,In service,13.46
FL00085,2025-07-08,In service,21.7
FL00085,2025-07-09,In service,5.49
FL00085,2025-07-10,In service,10.68
FL00085,2025-07-11,In service,13.12
FL00085,2025-07-12,In service,16.36
FL00085,2025-07-13,In service,16.32
FL00085,2025-07-14,In service,13.13
FL00085,2025-07-15,In service,19.36
FL00085,2025-07-16,In service,18.97
FL00085,2025-07-17,In service,12.71
FL00085,2025-07-18,In service,18.25
FL00085,2025-07-19,In service,11.59
FL00085,2025-07-20,In service,12.56
FL00085,2025-07-21,In service,19.76
FL00085,2025-07-22,In service,14.75
FL00085,2025-07-23,In service,13.86
FL00085,2025-07-24,In service,11.43
FL00085,2025-07-25,Under maintenance,0.0
FL00085,2025-07-26,In service,7.19
FL00085,2025-07-27,Under maintenance,0.0
FL00085,2025-07-28,In service,19.86
FL00085,2025-07-29,In service,19.39
FL00085,2025-07-30,In service,15.11
FL00085,2025-07-31,In service,19.15
FL00085,2025-08-01,In service,22.43
FL00085,2025-08-02,In service,17.49
FL00085,2025-08-03,In service,17.89
FL00085,2025-08-04,In service,14.82
FL00085,2025-08-05,Under maintenance,0.0
FL00085,2025-08-06,In service,21.63
FL00085,2025-08-07,In service,8.57
FL00085,2025-08-08,In service,18.15
FL00085,2025-08-09,In service,14.21
FL00085,2025-08-10,In service,19.6
FL00085,2025-08-11,Under maintenance,0.0
FL00085,2025-08-12,Under maintenance,0.0
FL00085,2025-08-13,In service,17.15
FL00085,2025-08-14,Under maintenance,0.0
FL00085,2025-08-15,In service,14.54
FL00085,2025-08-16,Under maintenance,0.0
FL00085,2025-08-17,In service,19.11
FL00085,2025-08-18,In service,7.37
FL00085,2025-08-19,In service,6.96
FL00085,2025-08-20,In service,18.76
FL00085,2025-08-21,In service,22.04
FL00085,2025-08-22,In service,16.28
FL00085,2025-08-23,In service,16.83
FL00085,2025-08-24,In service,28.94
FL00085,2025-08-25,In service,22.66
FL00085,2025-08-26,In service,15.56
FL00085,2025-08-27,In service,16.91
FL00085,2025-08-28,Under maintenance,0.0
FL00085,2025-08-29,In service,10.52
FL00085,2025-08-30,In service,19.68
FL00085,2025-08-31,In service,15.62
FL00086,2025-06-01,In service,14.88
FL00086,2025-06-02,In service,12.95
FL00086,2025-06-03,In service,16.81
FL00086,2025-06-04,Under maintenance,0.0
FL00086,2025-06-05,Under maintenance,0.0
FL00086,2025-06-06,In service,20.34
FL00086,2025-06-07,In service,13.63
FL00086,2025-06-08,Under maintenance,0.0
FL00086,2025-06-09,In service,18.86
FL00086,2025-06-10,In service,16.39
FL00086,2025-06-11,In service,15.39
FL00086,2025-06-12,In service,7.09
FL00086,2025-06-13,Under maintenance,0.0
FL00086,2025-06-14,In service,16.36
FL00086,2025-06-15,Under maintenance,0.0
FL00086,2025-06-16,In service,21.95
FL00086,2025-06-17,In service,23.96
FL00086,2025-06-18,In service,18.6
FL00086,2025-06-19,In service,14.68
FL00086,2025-06-20,Under maintenance,0.0
FL00086,2025-06-21,In service,13.46
FL00086,2025-06-22,Under maintenance,0.0
FL00086,2025-06-23,In service,22.81
FL00086,2025-06-24,In service,17.24
FL00086,2025-06-25,Under maintenance,0.0
FL00086,2025-06-26,In service,12.2
FL00086,2025-06-27,In service,17.52
FL00086,2025-06-28,In service,12.23
FL00086,2025-06-29,In service,14.98
FL00086,2025-06-30,In service,7.24
FL00086,2025-07-01,In service,16.13
FL00086,2025-07-02,In service,15.46
FL00086,2025-07-03,In service,20.13
FL00086,2025-07-04,In service,17.58
FL00086,2025-07-05,Under maintenance,0.0
FL00086,2025-07-06,In service,15.51
FL00086,2025-07-07,In service,14.18
FL00086,2025-07-08,In service,10.92
FL00086,2025-07-09,In service,23.38
FL00086,2025-07-10,In service,8.52
FL00086,2025-07-11,In service,0.0
FL00086,2025-07-12,In service,18.07
FL00086,2025-07-13,In service,9.49
FL00086,2025-07-14,In service,13.31
FL00086,2025-07-15,Under maintenance,0.0
FL00086,2025-07-16,Under maintenance,0.0
FL00086,2025-07-17,In service,23.06
FL00086,2025-07-18,In service,21.97
FL00086,2025-07-19,In service,17.91
FL00086,2025-07-20,In service,18.15
FL00086,2025-07-21,In service,17.83
FL00086,2025-07-22,Under maintenance,0.0
FL00086,2025-07-23,In service,16.49
FL00086,2025-07-24,Under maintenance,0.0
FL00086,2025-07-25,In service,18.98
FL00086,2025-07-26,In service,16.43
FL00086,2025-07-27,In service,9.26
FL00086,2025-07-28,In service,12.18
FL00086,2025-07-29,In service,17.73
FL00086,2025-07-30,In service,7.48
FL00086,2025-07-31,In service,11.74
FL00086,2025-08-01,In service,14.35
FL00086,2025-08-02,Under maintenance,0.0
FL00086,2025-08-03,In service,10.26
FL00086,2025-08-04,In service,14.09
FL00086,2025-08-05,In service,11.31
FL00086,2025-08-06,Under maintenance,0.0
FL00086,2025-08-07,In service,20.34
FL00086,2025-08-08,In service,24.06
FL00086,2025-08-09,Under maintenance,0.0
FL00086,2025-08-10,In service,15.69
FL00086,2025-08-11,In service,15.3
FL00086,2025-08-12,In service,8.35
FL00086,2025-08-13,In service,21.99
FL00086,2025-08-14,In service,22.35
FL00086,2025-08-15,In service,20.69
FL00086,2025-08-16,In service,13.71
FL00086,2025-08-17,In service,12.86
FL00086,2025-08-18,In service,21.68
FL00086,2025-08-19,In service,4.09
FL00086,2025-08-20,Under maintenance,0.0
FL00086,2025-08-21,In service,12.93
FL00086,2025-08-22,In service,15.0
FL00086,2025-08-23,In service,21.45
FL00086,2025-08-24,In service,21.93
FL00086,2025-08-25,Under maintenance,0.0
FL00086,2025-08-26,In service,8.01
FL00086,2025-08-27,In service,14.4
FL00086,2025-08-28,In service,17.28
FL00086,2025-08-29,In service,6.16
FL00086,2025-08-30,Under maintenance,0.0
FL00086,2025-08-31,Under maintenance,0.0
FL00087,2025-06-01,Under maintenance,0.0
FL00087,2025-06-02,Under maintenance,0.0
FL00087,2025-06-03,In service,19.98
FL00087,2025-06-04,In service,22.67
FL00087,2025-06-05,In service,14.75
FL00087,2025-06-06,In service,10.44
FL00087,2025-06-07,Under maintenance,0.0
FL00087,2025-06-08,In service,12.9
FL00087,2025-06-09,In service,15.05
FL00087,2025-06-10,In service,19.92
FL00087,2025-06-11,In service,19.15
FL00087,2025-06-12,In service,12.61
FL00087,2025-06-13,In service,21.06
FL00087,2025-06-14,In service,14.9
FL00087,2025-06-15,Under maintenance,0.0
FL00087,2025-06-16,In service,18.29
FL00087,2025-06-17,In service,11.33
FL00087,2025-06-18,In service,18.99
FL00087,2025-06-19,In service,9.88
FL00087,2025-06-20,In service,11.32
FL00087,2025-06-21,In service,21.46
FL00087,2025-06-22,Under maintenance,0.0
FL00087,2025-06-23,In service,21.47
FL00087,2025-06-24,In service,11.77
FL00087,2025-06-25,Under maintenance,0.0
FL00087,2025-06-26,In service,19.76
FL00087,2025-06-27,In service,12.43
FL00087,2025-06-28,Under maintenance,0.0
FL00087,2025-06-29,Under maintenance,0.0
FL00087,2025-06-30,In service,21.26
FL00087,2025-07-01,In service,16.56
FL00087,2025-07-02,Under maintenance,0.0
FL00087,2025-07-03,In service,7.39
FL00087,2025-07-04,In service,16.07
FL00087,2025-07-05,Under maintenance,0.0
FL00087,2025-07-06,In service,11.99
FL00087,2025-07-07,In service,20.53
FL00087,2025-07-08,In service,18.69
FL00087,2025-07-09,In service,14.63
FL00087,2025-07-10,Under maintenance,0.0
FL00087,2025-07-11,Under maintenance,0.0
FL00087,2025-07-12,In service,11.05
FL00087,2025-07-13,In service,15.66
FL00087,2025-07-14,In service,19.09
FL00087,2025-07-15,In service,14.31
FL00087,2025-07-16,In service,22.63
FL00087,2025-07-17,In service,15.97
FL00087,2025-07-18,In service,17.88
FL00087,2025-07-19,Under maintenance,0.0
FL00087,2025-07-20,In service,16.89
FL00087,2025-07-21,In service,22.15
FL00087,2025-07-22,In service,13.66
FL00087,2025-07-23,In service,19.02
FL00087,2025-07-24,In service,16.05
FL00087,2025-07-25,In service,20.75
FL00087,2025-07-26,In service,21.3
FL00087,2025-07-27,In service,16.36
FL00087,2025-07-28,In service,12.91
FL00087,2025-07-29,Under maintenance,0.0
FL00087,2025-07-30,In service,20.59
FL00087,2025-07-31,In service,12.74
FL00087,2025-08-01,In service,15.95
FL00087,2025-08-02,In service,14.96
FL00087,2025-08-03,In service,6.62
FL00087,2025-08-04,In service,30.50
FL00087,2025-08-05,In service,19.17
FL00087,2025-08-06,In service,15.99
FL00087,2025-08-07,Under maintenance,0.0
FL00087,2025-08-08,In service,10.33
FL00087,2025-08-09,In service,11.74
FL00087,2025-08-10,In service,21.54
FL00087,2025-08-11,Under maintenance,0.0
FL00087,2025-08-12,In service,25.03
FL00087,2025-08-13,In service,17.48
FL00087,2025-08-14,In service,17.43
FL00087,2025-08-15,In service,15.03
FL00087,2025-08-16,In service,19.32
FL00087,2025-08-17,Under maintenance,0.0
FL00087,2025-08-18,In service,16.42
FL00087,2025-08-19,In service,26.30
FL00087,2025-08-20,In service,20.78
FL00087,2025-08-21,Under maintenance,0.0
FL00087,2025-08-22,In service,22.24
FL00087,2025-08-23,In service,10.46
FL00087,2025-08-24,In service,16.52
FL00087,2025-08-25,Under maintenance,0.0
FL00087,2025-08-26,In service,17.92
FL00087,2025-08-27,In service,10.67
FL00087,2025-08-28,In service,17.37
FL00087,2025-08-29,In service,19.02
FL00087,2025-08-30,In service,9.43
FL00087,2025-08-31,In service,17.17
FL00088,2025-06-01,In service,7.27
FL00088,2025-06-02,In service,19.71
FL00088,2025-06-03,In service,9.06
FL00088,2025-06-04,Under maintenance,0.0
FL00088,2025-06-05,Under maintenance,0.0
FL00088,2025-06-06,In service,16.91
FL00088,2025-06-07,In service,12.63
FL00088,2025-06-08,In service,19.83
FL00088,2025-06-09,In service,18.33
FL00088,2025-06-10,Under maintenance,0.0
FL00088,2025-06-11,In service,9.85
FL00088,2025-06-12,In service,19.94
FL00088,2025-06-13,Under maintenance,0.0
FL00088,2025-06-14,In service,14.2
FL00088,2025-06-15,Under maintenance,0.0
FL00088,2025-06-16,In service,17.35
FL00088,2025-06-17,In service,12.44
FL00088,2025-06-18,In service,13.75
FL00088,2025-06-19,In service,16.77
FL00088,2025-06-20,In service,19.79
FL00088,2025-06-21,Under maintenance,0.0
FL00088,2025-06-22,In service,9.76
FL00088,2025-06-23,Under maintenance,0.0
FL00088,2025-06-24,In service,15.73
FL00088,2025-06-25,Under maintenance,0.0
FL00088,2025-06-26,In service,18.14
FL00088,2025-06-27,In service,19.13
FL00088,2025-06-28,In service,20.28
FL00088,2025-06-29,In service,16.11
FL00088,2025-06-30,Under maintenance,0.0
FL00088,2025-07-01,In service,15.38
FL00088,2025-07-02,In service,17.38
FL00088,2025-07-03,In service,18.17
FL00088,2025-07-04,Under maintenance,0.0
FL00088,2025-07-05,Under maintenance,0.0
FL00088,2025-07-06,In service,15.21
FL00088,2025-07-07,In service,14.74
FL00088,2025-07-08,In service,13.13
FL00088,2025-07-09,In service,14.61
FL00088,2025-07-10,In service,8.59
FL00088,2025-07-11,In service,8.96
FL00088,2025-07-12,In service,10.1
FL00088,2025-07-13,In service,22.93
FL00088,2025-07-14,In service,8.78
FL00088,2025-07-15,In service,15.28
FL00088,2025-07-16,In service,26.32
FL00088,2025-07-17,Under maintenance,0.0
FL00088,2025-07-18,In service,19.32
FL00088,2025-07-19,In service,12.48
FL00088,2025-07-20,In service,8.13
FL00088,2025-07-21,In service,18.18
FL00088,2025-07-22,In service,12.22
FL00088,2025-07-23,Under maintenance,0.0
FL00088,2025-07-24,In service,18.93
FL00088,2025-07-25,In service,14.78
FL00088,2025-07-26,In service,24.55
FL00088,2025-07-27,In service,12.67
FL00088,2025-07-28,In service,24.85
FL00088,2025-07-29,In service,16.87
FL00088,2025-07-30,In service,14.33
FL00088,2025-07-31,In service,11.93
FL00088,2025-08-01,In service,18.63
FL00088,2025-08-02,Under maintenance,0.0
FL00088,2025-08-03,In service,12.97
FL00088,2025-08-04,In service,16.24
FL00088,2025-08-05,Under maintenance,0.0
FL00088,2025-08-06,In service,19.07
FL00088,2025-08-07,Under maintenance,0.0
FL00088,2025-08-08,In service,15.5
FL00088,2025-08-09,Under maintenance,0.0
FL00088,2025-08-10,In service,17.99
FL00088,2025-08-11,In service,12.98
FL00088,2025-08-12,In service,12.33
FL00088,2025-08-13,In service,19.63
FL00088,2025-08-14,In service,10.62
FL00088,2025-08-15,Under maintenance,0.0
FL00088,2025-08-16,In service,8.18
FL00088,2025-08-17,In service,11.86
FL00088,2025-08-18,In service,5.62
FL00088,2025-08-19,Under maintenance,0.0
FL00088,2025-08-20,In service,14.63
FL00088,2025-08-21,Under maintenance,0.0
FL00088,2025-08-22,In service,16.25
FL00088,2025-08-23,Under maintenance,0.0
FL00088,2025-08-24,In service,11.23
FL00088,2025-08-25,In service,8.13
FL00088,2025-08-26,In service,10.41
FL00088,2025-08-27,Under maintenance,0.0
FL00088,2025-08-28,In service,12.33
FL00088,2025-08-29,In service,20.09
FL00088,2025-08-30,In service,13.1
FL00088,2025-08-31,In service,14.61
FL00089,2025-06-01,In service,15.51
FL00089,2025-06-02,In service,20.25
FL00089,2025-06-03,In service,15.68
FL00089,2025-06-04,In service,10.73
FL00089,2025-06-05,In service,12.58
FL00089,2025-06-06,In service,22.79
FL00089,2025-06-07,In service,16.5
FL00089,2025-06-08,In service,14.82
FL00089,2025-06-09,In service,21.88
FL00089,2025-06-10,In service,17.99
FL00089,2025-06-11,In service,29.38
FL00089,2025-06-12,In service,10.62
FL00089,2025-06-13,In service,13.9
FL00089,2025-06-14,In service,9.67
FL00089,2025-06-15,In service,19.04
FL00089,2025-06-16,In service,19.71
FL00089,2025-06-17,In service,17.88
FL00089,2025-06-18,In service,17.46
FL00089,2025-06-19,In service,20.07
FL00089,2025-06-20,In service,21.23
FL00089,2025-06-21,In service,20.03
FL00089,2025-06-22,In service,19.73
FL00089,2025-06-23,In service,16.09
FL00089,2025-06-24,In service,19.56
FL00089,2025-06-25,In service,16.78
FL00089,2025-06-26,In service,11.74
FL00089,2025-06-27,In service,7.24
FL00089,2025-06-28,In service,12.85
FL00089,2025-06-29,In service,14.45
FL00089,2025-06-30,Under maintenance,0.0
FL00089,2025-07-01,In service,10.84
FL00089,2025-07-02,In service,8.81
FL00089,2025-07-03,In service,19.5
FL00089,2025-07-04,In service,16.66
FL00089,2025-07-05,Under maintenance,0.0
FL00089,2025-07-06,In service,17.62
FL00089,2025-07-07,In service,18.85
FL00089,2025-07-08,In service,10.73
FL00089,2025-07-09,In service,16.6
FL00089,2025-07-10,In service,13.9
FL00089,2025-07-11,Under maintenance,0.0
FL00089,2025-07-12,In service,15.03
FL00089,2025-07-13,In service,16.45
FL00089,2025-07-14,In service,15.84
FL00089,2025-07-15,In service,12.58
FL00089,2025-07-16,In service,7.32
FL00089,2025-07-17,In service,16.22
FL00089,2025-07-18,In service,11.3
FL00089,2025-07-19,In service,10.52
FL00089,2025-07-20,Under maintenance,0.0
FL00089,2025-07-21,In service,15.92
FL00089,2025-07-22,In service,13.48
FL00089,2025-07-23,Under maintenance,0.0
FL00089,2025-07-24,In service,19.23
FL00089,2025-07-25,In service,15.75
FL00089,2025-07-26,In service,15.99
FL00089,2025-07-27,In service,8.71
FL00089,2025-07-28,In service,12.64
FL00089,2025-07-29,In service,12.45
FL00089,2025-07-30,In service,15.08
FL00089,2025-07-31,In service,3.45
FL00089,2025-08-01,Under maintenance,0.0
FL00089,2025-08-02,In service,13.04
FL00089,2025-08-03,In service,17.14
FL00089,2025-08-04,In service,8.98
FL00089,2025-08-05,In service,6.24
FL00089,2025-08-06,In service,5.06
FL00089,2025-08-07,In service,11.83
FL00089,2025-08-08,In service,13.38
FL00089,2025-08-09,In service,12.86
FL00089,2025-08-10,In service,17.91
FL00089,2025-08-11,In service,12.07
FL00089,2025-08-12,In service,20.37
FL00089,2025-08-13,In service,23.84
FL00089,2025-08-14,In service,10.5
FL00089,2025-08-15,In service,9.47
FL00089,2025-08-16,In service,18.39
FL00089,2025-08-17,Under maintenance,0.0
FL00089,2025-08-18,In service,16.87
FL00089,2025-08-19,In service,12.42
FL00089,2025-08-20,In service,14.94
FL00089,2025-08-21,In service,15.95
FL00089,2025-08-22,In service,13.69
FL00089,2025-08-23,In service,18.52
FL00089,2025-08-24,In service,13.52
FL00089,2025-08-25,Under maintenance,0.0
FL00089,2025-08-26,In service,16.94
FL00089,2025-08-27,Under maintenance,0.0
FL00089,2025-08-28,In service,17.82
FL00089,2025-08-29,Under maintenance,0.0
FL00089,2025-08-30,Under maintenance,0.0
FL00089,2025-08-31,In service,16.61
FL00090,2025-06-01,In service,20.47
FL00090,2025-06-02,In service,12.43
FL00090,2025-06-03,In service,10.2
FL00090,2025-06-04,Under maintenance,0.0
FL00090,2025-06-05,In service,11.49
FL00090,2025-06-06,In service,20.12
FL00090,2025-06-07,Under maintenance,0.0
FL00090,2025-06-08,In service,16.34
FL00090,2025-06-09,Under maintenance,0.0
FL00090,2025-06-10,Under maintenance,0.0
FL00090,2025-06-11,In service,16.28
FL00090,2025-06-12,In service,5.01
FL00090,2025-06-13,In service,14.89
FL00090,2025-06-14,In service,21.43
FL00090,2025-06-15,In service,18.26
FL00090,2025-06-16,In service,11.09
FL00090,2025-06-17,In service,12.99
FL00090,2025-06-18,Under maintenance,0.0
FL00090,2025-06-19,In service,11.42
FL00090,2025-06-20,In service,9.3
FL00090,2025-06-21,In service,7.29
FL00090,2025-06-22,In service,17.48
FL00090,2025-06-23,In service,11.78
FL00090,2025-06-24,Under maintenance,0.0
FL00090,2025-06-25,In service,16.88
FL00090,2025-06-26,In service,21.31
FL00090,2025-06-27,In service,21.14
FL00090,2025-06-28,In service,11.34
FL00090,2025-06-29,In service,18.91
FL00090,2025-06-30,In service,21.38
FL00090,2025-07-01,Under maintenance,0.0
FL00090,2025-07-02,In service,18.17
FL00090,2025-07-03,Under maintenance,0.0
FL00090,2025-07-04,In service,25.44
FL00090,2025-07-05,In service,14.6
FL00090,2025-07-06,In service,16.09
FL00090,2025-07-07,Under maintenance,0.0
FL00090,2025-07-08,In service,22.75
FL00090,2025-07-09,In service,11.02
FL00090,2025-07-10,Under maintenance,0.0
FL00090,2025-07-11,In service,6.69
FL00090,2025-07-12,In service,23.71
FL00090,2025-07-13,In service,17.03
FL00090,2025-07-14,In service,13.99
FL00090,2025-07-15,Under maintenance,0.0
FL00090,2025-07-16,Under maintenance,0.0
FL00090,2025-07-17,In service,17.27
FL00090,2025-07-18,In service,18.92
FL00090,2025-07-19,In service,18.19
FL00090,2025-07-20,In service,19.19
FL00090,2025-07-21,In service,18.81
FL00090,2025-07-22,In service,17.86
FL00090,2025-07-23,In service,17.15
FL00090,2025-07-24,In service,13.72
FL00090,2025-07-25,In service,20.88
FL00090,2025-07-26,In service,11.79
FL00090,2025-07-27,Under maintenance,0.0
FL00090,2025-07-28,In service,28.76
FL00090,2025-07-29,In service,5.05
FL00090,2025-07-30,In service,19.92
FL00090,2025-07-31,In service,8.83
FL00090,2025-08-01,In service,14.35
FL00090,2025-08-02,In service,18.89
FL00090,2025-08-03,In service,12.72
FL00090,2025-08-04,Under maintenance,0.0
FL00090,2025-08-05,In service,17.77
FL00090,2025-08-06,In service,21.3
FL00090,2025-08-07,In service,18.58
FL00090,2025-08-08,In service,21.56
FL00090,2025-08-09,In service,11.39
FL00090,2025-08-10,In service,12.21
FL00090,2025-08-11,In service,13.62
FL00090,2025-08-12,In service,22.34
FL00090,2025-08-13,In service,19.8
FL00090,2025-08-14,In service,7.76
FL00090,2025-08-15,In service,14.66
FL00090,2025-08-16,In service,21.22
FL00090,2025-08-17,Under maintenance,0.0
FL00090,2025-08-18,In service,8.68
FL00090,2025-08-19,In service,7.7
FL00090,2025-08-20,In service,15.06
FL00090,2025-08-21,In service,11.54
FL00090,2025-08-22,In service,15.75
FL00090,2025-08-23,In service,8.83
FL00090,2025-08-24,In service,18.22
FL00090,2025-08-25,In service,19.82
FL00090,2025-08-26,In service,8.41
FL00090,2025-08-27,In service,16.2
FL00090,2025-08-28,In service,8.93
FL00090,2025-08-29,In service,28.39
FL00090,2025-08-30,In service,17.76
FL00090,2025-08-31,In service,11.86
FL00091,2025-06-01,Under maintenance,0.0
FL00091,2025-06-02,In service,15.99
FL00091,2025-06-03,In service,16.1
FL00091,2025-06-04,In service,4.08
FL00091,2025-06-05,In service,26.52
FL00091,2025-06-06,In service,22.44
FL00091,2025-06-07,In service,10.49
FL00091,2025-06-08,In service,12.65
FL00091,2025-06-09,In service,10.82
FL00091,2025-06-10,In service,20.41
FL00091,2025-06-11,In service,14.39
FL00091,2025-06-12,Under maintenance,0.0
FL00091,2025-06-13,In service,22.74
FL00091,2025-06-14,In service,12.97
FL00091,2025-06-15,In service,9.3
FL00091,2025-06-16,Under maintenance,0.0
FL00091,2025-06-17,In service,21.47
FL00091,2025-06-18,In service,15.39
FL00091,2025-06-19,In service,11.64
FL00091,2025-06-20,In service,8.02
FL00091,2025-06-21,In service,16.4
FL00091,2025-06-22,In service,16.45
FL00091,2025-06-23,In service,5.73
FL00091,2025-06-24,In service,16.98
FL00091,2025-06-25,In service,9.82
FL00091,2025-06-26,In service,19.32
FL00091,2025-06-27,In service,16.74
FL00091,2025-06-28,In service,13.43
FL00091,2025-06-29,Under maintenance,0.0
FL00091,2025-06-30,In service,7.01
FL00091,2025-07-01,Under maintenance,0.0
FL00091,2025-07-02,In service,8.44
FL00091,2025-07-03,In service,17.66
FL00091,2025-07-04,In service,12.82
FL00091,2025-07-05,In service,6.63
FL00091,2025-07-06,In service,14.75
FL00091,2025-07-07,Under maintenance,0.0
FL00091,2025-07-08,Under maintenance,0.0
FL00091,2025-07-09,In service,9.48
FL00091,2025-07-10,In service,22.59
FL00091,2025-07-11,In service,11.67
FL00091,2025-07-12,In service,14.87
FL00091,2025-07-13,In service,12.81
FL00091,2025-07-14,In service,14.94
FL00091,2025-07-15,In service,15.49
FL00091,2025-07-16,In service,24.71
FL00091,2025-07-17,In service,15.74
FL00091,2025-07-18,In service,27.31
FL00091,2025-07-19,In service,16.09
FL00091,2025-07-20,Under maintenance,0.0
FL00091,2025-07-21,In service,12.62
FL00091,2025-07-22,In service,13.11
FL00091,2025-07-23,In service,23.47
FL00091,2025-07-24,In service,20.83
FL00091,2025-07-25,In service,11.89
FL00091,2025-07-26,Under maintenance,0.0
FL00091,2025-07-27,In service,23.57
FL00091,2025-07-28,In service,12.06
FL00091,2025-07-29,In service,13.24
FL00091,2025-07-30,In service,11.25
FL00091,2025-07-31,In service,11.78
FL00091,2025-08-01,In service,25.6
FL00091,2025-08-02,In service,10.35
FL00091,2025-08-03,In service,18.15
FL00091,2025-08-04,Under maintenance,0.0
FL00091,2025-08-05,In service,9.64
FL00091,2025-08-06,In service,13.3
FL00091,2025-08-07,In service,22.28
FL00091,2025-08-08,Under maintenance,0.0
FL00091,2025-08-09,In service,12.21
FL00091,2025-08-10,Under maintenance,0.0
FL00091,2025-08-11,In service,17.69
FL00091,2025-08-12,In service,8.53
FL00091,2025-08-13,In service,18.78
FL00091,2025-08-14,In service,14.59
FL00091,2025-08-15,In service,13.24
FL00091,2025-08-16,In service,17.56
FL00091,2025-08-17,In service,13.53
FL00091,2025-08-18,In service,13.79
FL00091,2025-08-19,In service,19.13
FL00091,2025-08-20,In service,14.64
FL00091,2025-08-21,In service,1.71
FL00091,2025-08-22,Under maintenance,0.0
FL00091,2025-08-23,In service,20.72
FL00091,2025-08-24,In service,19.23
FL00091,2025-08-25,In service,27.68
FL00091,2025-08-26,In service,14.57
FL00091,2025-08-27,In service,21.06
FL00091,2025-08-28,In service,17.64
FL00091,2025-08-29,In service,20.14
FL00091,2025-08-30,Under maintenance,0.0
FL00091,2025-08-31,In service,16.14
FL00092,2025-06-01,Under maintenance,0.0
FL00092,2025-06-02,In service,8.48
FL00092,2025-06-03,In service,9.93
FL00092,2025-06-04,In service,10.03
FL00092,2025-06-05,In service,16.41
FL00092,2025-06-06,Under maintenance,0.0
FL00092,2025-06-07,In service,20.41
FL00092,2025-06-08,In service,23.21
FL00092,2025-06-09,In service,12.29
FL00092,2025-06-10,In service,20.28
FL00092,2025-06-11,In service,21.19
FL00092,2025-06-12,In service,7.48
FL00092,2025-06-13,In service,18.8
FL00092,2025-06-14,Under maintenance,0.0
FL00092,2025-06-15,In service,26.04
FL00092,2025-06-16,In service,16.71
FL00092,2025-06-17,Under maintenance,0.0
FL00092,2025-06-18,In service,21.7
FL00092,2025-06-19,In service,9.79
FL00092,2025-06-20,In service,15.12
FL00092,2025-06-21,In service,17.45
FL00092,2025-06-22,In service,13.93
FL00092,2025-06-23,In service,17.98
FL00092,2025-06-24,In service,12.66
FL00092,2025-06-25,Under maintenance,0.0
FL00092,2025-06-26,In service,15.27
FL00092,2025-06-27,In service,16.81
FL00092,2025-06-28,In service,15.26
FL00092,2025-06-29,In service,6.64
FL00092,2025-06-30,In service,21.7
FL00092,2025-07-01,In service,17.34
FL00092,2025-07-02,In service,9.48
FL00092,2025-07-03,In service,12.75
FL00092,2025-07-04,In service,29.96
FL00092,2025-07-05,In service,11.04
FL00092,2025-07-06,Under maintenance,0.0
FL00092,2025-07-07,In service,13.68
FL00092,2025-07-08,In service,12.4
FL00092,2025-07-09,In service,18.63
FL00092,2025-07-10,Under maintenance,0.0
FL00092,2025-07-11,In service,18.88
FL00092,2025-07-12,Under maintenance,0.0
FL00092,2025-07-13,In service,25.68
FL00092,2025-07-14,Under maintenance,0.0
FL00092,2025-07-15,In service,8.95
FL00092,2025-07-16,Under maintenance,0.0
FL00092,2025-07-17,In service,14.27
FL00092,2025-07-18,Under maintenance,0.0
FL00092,2025-07-19,In service,13.43
FL00092,2025-07-20,In service,19.65
FL00092,2025-07-21,In service,4.86
FL00092,2025-07-22,In service,16.73
FL00092,2025-07-23,In service,9.7
FL00092,2025-07-24,In service,18.67
FL00092,2025-07-25,Under maintenance,0.0
FL00092,2025-07-26,In service,14.69
FL00092,2025-07-27,In service,16.84
FL00092,2025-07-28,In service,13.3
FL00092,2025-07-29,In service,12.95
FL00092,2025-07-30,Under maintenance,0.0
FL00092,2025-07-31,In service,13.12
FL00092,2025-08-01,In service,19.49
FL00092,2025-08-02,In service,21.46
FL00092,2025-08-03,In service,14.6
FL00092,2025-08-04,Under maintenance,0.0
FL00092,2025-08-05,Under maintenance,0.0
FL00092,2025-08-06,In service,18.8
FL00092,2025-08-07,In service,14.67
FL00092,2025-08-08,In service,16.86
FL00092,2025-08-09,In service,17.29
FL00092,2025-08-10,Under maintenance,0.0
FL00092,2025-08-11,In service,12.6
FL00092,2025-08-12,In service,15.4
FL00092,2025-08-13,Under maintenance,0.0
FL00092,2025-08-14,In service,4.05
FL00092,2025-08-15,Under maintenance,0.0
FL00092,2025-08-16,In service,20.02
FL00092,2025-08-17,In service,15.67
FL00092,2025-08-18,In service,19.83
FL00092,2025-08-19,In service,13.64
FL00092,2025-08-20,Under maintenance,0.0
FL00092,2025-08-21,In service,15.01
FL00092,2025-08-22,In service,14.55
FL00092,2025-08-23,In service,21.41
FL00092,2025-08-24,In service,12.13
FL00092,2025-08-25,In service,13.79
FL00092,2025-08-26,In service,22.57
FL00092,2025-08-27,In service,16.34
FL00092,2025-08-28,Under maintenance,0.0
FL00092,2025-08-29,Under maintenance,0.0
FL00092,2025-08-30,In service,14.81
FL00092,2025-08-31,In service,19.87
FL00093,2025-06-01,In service,20.26
FL00093,2025-06-02,Under maintenance,0.0
FL00093,2025-06-03,Under maintenance,0.0
FL00093,2025-06-04,In service,27.12
FL00093,2025-06-05,In service,18.72
FL00093,2025-06-06,In service,18.11
FL00093,2025-06-07,In service,8.99
FL00093,2025-06-08,In service,18.65
FL00093,2025-06-09,In service,17.89
FL00093,2025-06-10,Under maintenance,0.0
FL00093,2025-06-11,In service,18.71
FL00093,2025-06-12,In service,21.81
FL00093,2025-06-13,In service,19.6
FL00093,2025-06-14,In service,14.79
FL00093,2025-06-15,In service,15.72
FL00093,2025-06-16,In service,19.65
FL00093,2025-06-17,Under maintenance,0.0
FL00093,2025-06-18,Under maintenance,0.0
FL00093,2025-06-19,In service,18.32
FL00093,2025-06-20,In service,16.46
FL00093,2025-06-21,In service,6.7
FL00093,2025-06-22,In service,16.74
FL00093,2025-06-23,In service,12.12
FL00093,2025-06-24,In service,8.71
FL00093,2025-06-25,Under maintenance,0.0
FL00093,2025-06-26,In service,18.56
FL00093,2025-06-27,In service,16.86
FL00093,2025-06-28,In service,21.53
FL00093,2025-06-29,In service,26.11
FL00093,2025-06-30,Under maintenance,0.0
FL00093,2025-07-01,In service,17.53
FL00093,2025-07-02,In service,10.56
FL00093,2025-07-03,In service,16.33
FL00093,2025-07-04,In service,18.76
FL00093,2025-07-05,In service,13.52
FL00093,2025-07-06,In service,14.16
FL00093,2025-07-07,In service,2.32
FL00093,2025-07-08,In service,15.61
FL00093,2025-07-09,In service,20.21
FL00093,2025-07-10,In service,13.5
FL00093,2025-07-11,Under maintenance,0.0
FL00093,2025-07-12,In service,7.01
FL00093,2025-07-13,In service,18.36
FL00093,2025-07-14,In service,24.09
FL00093,2025-07-15,In service,15.63
FL00093,2025-07-16,Under maintenance,0.0
FL00093,2025-07-17,In service,20.14
FL00093,2025-07-18,In service,14.14
FL00093,2025-07-19,Under maintenance,0.0
FL00093,2025-07-20,In service,13.71
FL00093,2025-07-21,In service,17.03
FL00093,2025-07-22,In service,11.32
FL00093,2025-07-23,In service,12.6
FL00093,2025-07-24,Under maintenance,0.0
FL00093,2025-07-25,In service,21.76
FL00093,2025-07-26,In service,11.08
FL00093,2025-07-27,Under maintenance,0.0
FL00093,2025-07-28,In service,10.59
FL00093,2025-07-29,In service,16.84
FL00093,2025-07-30,In service,16.17
FL00093,2025-07-31,In service,8.6
FL00093,2025-08-01,Under maintenance,0.0
FL00093,2025-08-02,In service,16.01
FL00093,2025-08-03,In service,18.15
FL00093,2025-08-04,In service,15.91
FL00093,2025-08-05,In service,11.62
FL00093,2025-08-06,In service,15.21
FL00093,2025-08-07,In service,7.68
FL00093,2025-08-08,In service,9.37
FL00093,2025-08-09,Under maintenance,0.0
FL00093,2025-08-10,In service,2.88
FL00093,2025-08-11,In service,17.1
FL00093,2025-08-12,In service,17.74
FL00093,2025-08-13,In service,14.79
FL00093,2025-08-14,In service,13.21
FL00093,2025-08-15,In service,6.54
FL00093,2025-08-16,Under maintenance,0.0
FL00093,2025-08-17,In service,8.38
FL00093,2025-08-18,In service,16.32
FL00093,2025-08-19,In service,10.24
FL00093,2025-08-20,In service,12.02
FL00093,2025-08-21,In service,14.11
FL00093,2025-08-22,Under maintenance,0.0
FL00093,2025-08-23,In service,13.92
FL00093,2025-08-24,In service,21.4
FL00093,2025-08-25,In service,12.72
FL00093,2025-08-26,In service,12.44
FL00093,2025-08-27,In service,9.14
FL00093,2025-08-28,In service,7.72
FL00093,2025-08-29,In service,9.46
FL00093,2025-08-30,In service,17.51
FL00093,2025-08-31,In service,18.03
FL00094,2025-06-01,In service,15.78
FL00094,2025-06-02,In service,10.36
FL00094,2025-06-03,In service,25.61
FL00094,2025-06-04,In service,22.25
FL00094,2025-06-05,In service,24.04
FL00094,2025-06-06,In service,19.31
FL00094,2025-06-07,In service,14.91
FL00094,2025-06-08,In service,17.05
FL00094,2025-06-09,In service,12.49
FL00094,2025-06-10,In service,17.51
FL00094,2025-06-11,In service,19.96
FL00094,2025-06-12,In service,17.41
FL00094,2025-06-13,In service,10.94
FL00094,2025-06-14,In service,21.93
FL00094,2025-06-15,In service,12.32
FL00094,2025-06-16,Under maintenance,0.0
FL00094,2025-06-17,In service,10.13
FL00094,2025-06-18,Under maintenance,0.0
FL00094,2025-06-19,Under maintenance,0.0
FL00094,2025-06-20,In service,17.64
FL00094,2025-06-21,Under maintenance,0.0
FL00094,2025-06-22,In service,8.55
FL00094,2025-06-23,In service,14.85
FL00094,2025-06-24,In service,10.74
FL00094,2025-06-25,In service,16.35
FL00094,2025-06-26,In service,19.29
FL00094,2025-06-27,In service,20.08
FL00094,2025-06-28,In service,17.65
FL00094,2025-06-29,In service,11.71
FL00094,2025-06-30,In service,13.51
FL00094,2025-07-01,In service,19.23
FL00094,2025-07-02,Under maintenance,0.0
FL00094,2025-07-03,In service,10.46
FL00094,2025-07-04,In service,6.44
FL00094,2025-07-05,In service,22.62
FL00094,2025-07-06,In service,16.58
FL00094,2025-07-07,In service,17.02
FL00094,2025-07-08,In service,21.67
FL00094,2025-07-09,In service,7.57
FL00094,2025-07-10,In service,9.68
FL00094,2025-07-11,In service,22.11
FL00094,2025-07-12,In service,21.18
FL00094,2025-07-13,In service,22.18
FL00094,2025-07-14,In service,10.94
FL00094,2025-07-15,In service,15.48
FL00094,2025-07-16,In service,16.75
FL00094,2025-07-17,In service,14.44
FL00094,2025-07-18,In service,18.74
FL00094,2025-07-19,In service,20.78
FL00094,2025-07-20,In service,15.29
FL00094,2025-07-21,Under maintenance,0.0
FL00094,2025-07-22,In service,10.09
FL00094,2025-07-23,In service,16.55
FL00094,2025-07-24,In service,17.86
FL00094,2025-07-25,In service,17.69
FL00094,2025-07-26,Under maintenance,0.0
FL00094,2025-07-27,In service,22.05
FL00094,2025-07-28,Under maintenance,0.0
FL00094,2025-07-29,Under maintenance,0.0
FL00094,2025-07-30,In service,23.88
FL00094,2025-07-31,In service,23.56
FL00094,2025-08-01,Under maintenance,0.0
FL00094,2025-08-02,In service,20.29
FL00094,2025-08-03,In service,19.53
FL00094,2025-08-04,In service,15.65
FL00094,2025-08-05,In service,13.22
FL00094,2025-08-06,Under maintenance,0.0
FL00094,2025-08-07,In service,22.59
FL00094,2025-08-08,In service,17.71
FL00094,2025-08-09,In service,19.74
FL00094,2025-08-10,In service,20.58
FL00094,2025-08-11,In service,19.48
FL00094,2025-08-12,Under maintenance,0.0
FL00094,2025-08-13,In service,16.63
FL00094,2025-08-14,In service,5.84
FL00094,2025-08-15,In service,17.61
FL00094,2025-08-16,In service,8.42
FL00094,2025-08-17,Under maintenance,0.0
FL00094,2025-08-18,In service,18.31
FL00094,2025-08-19,In service,12.67
FL00094,2025-08-20,Under maintenance,0.0
FL00094,2025-08-21,In service,15.52
FL00094,2025-08-22,In service,23.04
FL00094,2025-08-23,In service,24.95
FL00094,2025-08-24,In service,16.99
FL00094,2025-08-25,In service,7.01
FL00094,2025-08-26,In service,11.7
FL00094,2025-08-27,In service,25.14
FL00094,2025-08-28,In service,16.23
FL00094,2025-08-29,In service,8.68
FL00094,2025-08-30,Under maintenance,0.0
FL00094,2025-08-31,In service,18.6
FL00095,2025-06-01,In service,17.44
FL00095,2025-06-02,Under maintenance,0.0
FL00095,2025-06-03,In service,4.15
FL00095,2025-06-04,In service,18.1
FL00095,2025-06-05,In service,23.86
FL00095,2025-06-06,In service,23.13
FL00095,2025-06-07,In service,8.2
FL00095,2025-06-08,In service,11.78
FL00095,2025-06-09,In service,18.64
FL00095,2025-06-10,Under maintenance,0.0
FL00095,2025-06-11,In service,15.24
FL00095,2025-06-12,Under maintenance,0.0
FL00095,2025-06-13,In service,15.72
FL00095,2025-06-14,In service,11.34
FL00095,2025-06-15,In service,17.43
FL00095,2025-06-16,In service,15.95
FL00095,2025-06-17,In service,10.06
FL00095,2025-06-18,Under maintenance,0.0
FL00095,2025-06-19,Under maintenance,0.0
FL00095,2025-06-20,In service,17.96
FL00095,2025-06-21,Under maintenance,0.0
FL00095,2025-06-22,In service,20.75
FL00095,2025-06-23,In service,16.58
FL00095,2025-06-24,Under maintenance,0.0
FL00095,2025-06-25,In service,19.64
FL00095,2025-06-26,In service,8.85
FL00095,2025-06-27,In service,12.64
FL00095,2025-06-28,Under maintenance,0.0
FL00095,2025-06-29,In service,24.16
FL00095,2025-06-30,In service,15.1
FL00095,2025-07-01,Under maintenance,0.0
FL00095,2025-07-02,In service,15.59
FL00095,2025-07-03,In service,10.82
FL00095,2025-07-04,Under maintenance,0.0
FL00095,2025-07-05,In service,23.86
FL00095,2025-07-06,In service,15.14
FL00095,2025-07-07,Under maintenance,0.0
FL00095,2025-07-08,In service,17.49
FL00095,2025-07-09,In service,19.43
FL00095,2025-07-10,In service,15.44
FL00095,2025-07-11,Under maintenance,0.0
FL00095,2025-07-12,In service,9.42
FL00095,2025-07-13,Under maintenance,0.0
FL00095,2025-07-14,Under maintenance,0.0
FL00095,2025-07-15,In service,17.29
FL00095,2025-07-16,In service,15.24
FL00095,2025-07-17,In service,8.26
FL00095,2025-07-18,In service,21.56
FL00095,2025-07-19,In service,24.92
FL00095,2025-07-20,In service,16.43
FL00095,2025-07-21,In service,18.91
FL00095,2025-07-22,In service,13.34
FL00095,2025-07-23,In service,16.6
FL00095,2025-07-24,In service,11.14
FL00095,2025-07-25,In service,16.39
FL00095,2025-07-26,In service,29.03
FL00095,2025-07-27,In service,7.88
FL00095,2025-07-28,Under maintenance,0.0
FL00095,2025-07-29,In service,13.93
FL00095,2025-07-30,In service,20.75
FL00095,2025-07-31,In service,17.41
FL00095,2025-08-01,In service,17.42
FL00095,2025-08-02,Under maintenance,0.0
FL00095,2025-08-03,In service,22.83
FL00095,2025-08-04,In service,17.91
FL00095,2025-08-05,Under maintenance,0.0
FL00095,2025-08-06,In service,17.71
FL00095,2025-08-07,Under maintenance,0.0
FL00095,2025-08-08,In service,20.54
FL00095,2025-08-09,In service,8.63
FL00095,2025-08-10,In service,11.12
FL00095,2025-08-11,In service,15.52
FL00095,2025-08-12,In service,10.91
FL00095,2025-08-13,In service,18.01
FL00095,2025-08-14,In service,7.57
FL00095,2025-08-15,In service,10.35
FL00095,2025-08-16,In service,20.56
FL00095,2025-08-17,In service,19.79
FL00095,2025-08-18,In service,8.35
FL00095,2025-08-19,In service,20.77
FL00095,2025-08-20,In service,12.63
FL00095,2025-08-21,In service,23.9
FL00095,2025-08-22,In service,20.32
FL00095,2025-08-23,Under maintenance,0.0
FL00095,2025-08-24,In service,14.62
FL00095,2025-08-25,In service,13.68
FL00095,2025-08-26,Under maintenance,0.0
FL00095,2025-08-27,In service,10.45
FL00095,2025-08-28,Under maintenance,0.0
FL00095,2025-08-29,In service,12.91
FL00095,2025-08-30,In service,16.95
FL00095,2025-08-31,In service,7.49
FL00096,2025-06-01,In service,8.83
FL00096,2025-06-02,Under maintenance,0.0
FL00096,2025-06-03,In service,20.82
FL00096,2025-06-04,In service,11.07
FL00096,2025-06-05,In service,11.82
FL00096,2025-06-06,In service,18.83
FL00096,2025-06-07,In service,13.39
FL00096,2025-06-08,In service,16.7
FL00096,2025-06-09,Under maintenance,0.0
FL00096,2025-06-10,In service,18.79
FL00096,2025-06-11,In service,16.52
FL00096,2025-06-12,In service,24.02
FL00096,2025-06-13,In service,9.11
FL00096,2025-06-14,In service,23.22
FL00096,2025-06-15,In service,11.5
FL00096,2025-06-16,In service,18.27
FL00096,2025-06-17,Under maintenance,0.0
FL00096,2025-06-18,In service,22.41
FL00096,2025-06-19,In service,23.85
FL00096,2025-06-20,In service,12.67
FL00096,2025-06-21,In service,20.57
FL00096,2025-06-22,In service,9.01
FL00096,2025-06-23,Under maintenance,0.0
FL00096,2025-06-24,In service,14.98
FL00096,2025-06-25,In service,13.74
FL00096,2025-06-26,In service,14.51
FL00096,2025-06-27,In service,17.9
FL00096,2025-06-28,In service,26.4
FL00096,2025-06-29,In service,22.09
FL00096,2025-06-30,In service,6.47
FL00096,2025-07-01,Under maintenance,0.0
FL00096,2025-07-02,In service,17.54
FL00096,2025-07-03,In service,17.85
FL00096,2025-07-04,In service,11.04
FL00096,2025-07-05,In service,11.28
FL00096,2025-07-06,In service,10.49
FL00096,2025-07-07,In service,11.47
FL00096,2025-07-08,In service,21.41
FL00096,2025-07-09,In service,26.09
FL00096,2025-07-10,In service,18.71
FL00096,2025-07-11,Under maintenance,0.0
FL00096,2025-07-12,In service,10.1
FL00096,2025-07-13,In service,10.84
FL00096,2025-07-14,In service,16.75
FL00096,2025-07-15,In service,8.68
FL00096,2025-07-16,Under maintenance,0.0
FL00096,2025-07-17,In service,17.26
FL00096,2025-07-18,Under maintenance,0.0
FL00096,2025-07-19,In service,20.81
FL00096,2025-07-20,In service,16.09
FL00096,2025-07-21,In service,15.89
FL00096,2025-07-22,In service,14.86
FL00096,2025-07-23,Under maintenance,0.0
FL00096,2025-07-24,In service,12.78
FL00096,2025-07-25,In service,14.02
FL00096,2025-07-26,In service,21.71
FL00096,2025-07-27,In service,8.54
FL00096,2025-07-28,Under maintenance,0.0
FL00096,2025-07-29,In service,12.96
FL00096,2025-07-30,In service,25.66
FL00096,2025-07-31,In service,7.36
FL00096,2025-08-01,In service,20.39
FL00096,2025-08-02,Under maintenance,0.0
FL00096,2025-08-03,In service,11.18
FL00096,2025-08-04,In service,5.46
FL00096,2025-08-05,Under maintenance,0.0
FL00096,2025-08-06,In service,18.6
FL00096,2025-08-07,In service,19.23
FL00096,2025-08-08,In service,10.23
FL00096,2025-08-09,Under maintenance,0.0
FL00096,2025-08-10,In service,13.85
FL00096,2025-08-11,In service,12.64
FL00096,2025-08-12,Under maintenance,0.0
FL00096,2025-08-13,In service,14.17
FL00096,2025-08-14,In service,17.37
FL00096,2025-08-15,In service,11.87
FL00096,2025-08-16,In service,16.14
FL00096,2025-08-17,Under maintenance,0.0
FL00096,2025-08-18,In service,22.2
FL00096,2025-08-19,In service,13.46
FL00096,2025-08-20,Under maintenance,0.0
FL00096,2025-08-21,In service,13.63
FL00096,2025-08-22,In service,17.17
FL00096,2025-08-23,In service,23.74
FL00096,2025-08-24,In service,21.12
FL00096,2025-08-25,In service,12.46
FL00096,2025-08-26,In service,17.15
FL00096,2025-08-27,In service,13.72
FL00096,2025-08-28,In service,5.68
FL00096,2025-08-29,In service,16.72
FL00096,2025-08-30,In service,20.73
FL00096,2025-08-31,In service,25.29
FL00097,2025-06-01,In service,9.13
FL00097,2025-06-02,In service,16.45
FL00097,2025-06-03,In service,25.92
FL00097,2025-06-04,In service,9.89
FL00097,2025-06-05,In service,14.46
FL00097,2025-06-06,In service,19.72
FL00097,2025-06-07,Under maintenance,0.0
FL00097,2025-06-08,In service,14.96
FL00097,2025-06-09,In service,11.53
FL00097,2025-06-10,In service,21.62
FL00097,2025-06-11,In service,25.92
FL00097,2025-06-12,In service,22.44
FL00097,2025-06-13,In service,13.56
FL00097,2025-06-14,In service,15.54
FL00097,2025-06-15,In service,8.47
FL00097,2025-06-16,In service,18.11
FL00097,2025-06-17,In service,4.68
FL00097,2025-06-18,In service,8.03
FL00097,2025-06-19,In service,17.53
FL00097,2025-06-20,In service,19.18
FL00097,2025-06-21,In service,12.0
FL00097,2025-06-22,In service,16.42
FL00097,2025-06-23,In service,5.7
FL00097,2025-06-24,Under maintenance,0.0
FL00097,2025-06-25,In service,20.27
FL00097,2025-06-26,In service,17.4
FL00097,2025-06-27,In service,15.28
FL00097,2025-06-28,In service,30.04
FL00097,2025-06-29,In service,17.06
FL00097,2025-06-30,Under maintenance,0.0
FL00097,2025-07-01,In service,20.75
FL00097,2025-07-02,Under maintenance,0.0
FL00097,2025-07-03,In service,12.94
FL00097,2025-07-04,In service,26.90
FL00097,2025-07-05,In service,16.27
FL00097,2025-07-06,In service,9.72
FL00097,2025-07-07,In service,14.32
FL00097,2025-07-08,In service,16.96
FL00097,2025-07-09,In service,16.7
FL00097,2025-07-10,In service,15.68
FL00097,2025-07-11,In service,16.51
FL00097,2025-07-12,In service,11.16
FL00097,2025-07-13,In service,16.32
FL00097,2025-07-14,In service,13.71
FL00097,2025-07-15,In service,18.69
FL00097,2025-07-16,Under maintenance,0.0
FL00097,2025-07-17,Under maintenance,0.0
FL00097,2025-07-18,In service,16.61
FL00097,2025-07-19,In service,15.05
FL00097,2025-07-20,In service,10.05
FL00097,2025-07-21,Under maintenance,0.0
FL00097,2025-07-22,In service,26.9
FL00097,2025-07-23,In service,14.49
FL00097,2025-07-24,In service,28.6
FL00097,2025-07-25,In service,6.45
FL00097,2025-07-26,In service,12.06
FL00097,2025-07-27,In service,12.76
FL00097,2025-07-28,In service,6.22
FL00097,2025-07-29,Under maintenance,0.0
FL00097,2025-07-30,In service,22.1
FL00097,2025-07-31,In service,18.37
FL00097,2025-08-01,In service,18.53
FL00097,2025-08-02,In service,20.6
FL00097,2025-08-03,In service,16.08
FL00097,2025-08-04,In service,14.11
FL00097,2025-08-05,In service,10.25
FL00097,2025-08-06,In service,18.59
FL00097,2025-08-07,In service,25.64
FL00097,2025-08-08,In service,12.4
FL00097,2025-08-09,In service,19.81
FL00097,2025-08-10,In service,24.71
FL00097,2025-08-11,In service,12.96
FL00097,2025-08-12,In service,21.37
FL00097,2025-08-13,In service,9.66
FL00097,2025-08-14,Under maintenance,0.0
FL00097,2025-08-15,In service,23.25
FL00097,2025-08-16,Under maintenance,0.0
FL00097,2025-08-17,In service,18.98
FL00097,2025-08-18,In service,6.85
FL00097,2025-08-19,In service,12.37
FL00097,2025-08-20,Under maintenance,0.0
FL00097,2025-08-21,In service,20.61
FL00097,2025-08-22,In service,16.71
FL00097,2025-08-23,In service,13.75
FL00097,2025-08-24,In service,16.07
FL00097,2025-08-25,In service,19.72
FL00097,2025-08-26,Under maintenance,0.0
FL00097,2025-08-27,In service,20.04
FL00097,2025-08-28,In service,18.62
FL00097,2025-08-29,In service,19.94
FL00097,2025-08-30,Under maintenance,0.0
FL00097,2025-08-31,Under maintenance,0.0
FL00098,2025-06-01,In service,10.01
FL00098,2025-06-02,In service,24.25
FL00098,2025-06-03,In service,8.4
FL00098,2025-06-04,In service,14.24
FL00098,2025-06-05,Under maintenance,0.0
FL00098,2025-06-06,In service,16.52
FL00098,2025-06-07,Under maintenance,0.0
FL00098,2025-06-08,In service,10.83
FL00098,2025-06-09,In service,11.21
FL00098,2025-06-10,In service,9.91
FL00098,2025-06-11,In service,17.38
FL00098,2025-06-12,In service,29.05
FL00098,2025-06-13,In service,25.76
FL00098,2025-06-14,Under maintenance,0.0
FL00098,2025-06-15,In service,13.88
FL00098,2025-06-16,In service,28.22
FL00098,2025-06-17,Under maintenance,0.0
FL00098,2025-06-18,In service,14.05
FL00098,2025-06-19,In service,13.18
FL00098,2025-06-20,Under maintenance,0.0
FL00098,2025-06-21,In service,15.78
FL00098,2025-06-22,In service,13.94
FL00098,2025-06-23,In service,12.03
FL00098,2025-06-24,In service,22.75
FL00098,2025-06-25,Under maintenance,0.0
FL00098,2025-06-26,In service,10.11
FL00098,2025-06-27,In service,12.92
FL00098,2025-06-28,In service,16.98
FL00098,2025-06-29,In service,11.98
FL00098,2025-06-30,In service,22.57
FL00098,2025-07-01,In service,27.52
FL00098,2025-07-02,In service,29.20
FL00098,2025-07-03,In service,16.66
FL00098,2025-07-04,In service,25.51
FL00098,2025-07-05,In service,17.42
FL00098,2025-07-06,Under maintenance,0.0
FL00098,2025-07-07,In service,14.2
FL00098,2025-07-08,In service,19.45
FL00098,2025-07-09,In service,12.73
FL00098,2025-07-10,In service,25.95
FL00098,2025-07-11,In service,23.79
FL00098,2025-07-12,Under maintenance,0.0
FL00098,2025-07-13,In service,22.4
FL00098,2025-07-14,In service,0.0
FL00098,2025-07-15,In service,21.97
FL00098,2025-07-16,In service,21.99
FL00098,2025-07-17,In service,17.86
FL00098,2025-07-18,In service,2.78
FL00098,2025-07-19,In service,16.69
FL00098,2025-07-20,In service,15.93
FL00098,2025-07-21,In service,21.21
FL00098,2025-07-22,In service,15.21
FL00098,2025-07-23,In service,13.37
FL00098,2025-07-24,In service,15.56
FL00098,2025-07-25,In service,2.62
FL00098,2025-07-26,In service,10.02
FL00098,2025-07-27,In service,22.29
FL00098,2025-07-28,In service,21.02
FL00098,2025-07-29,In service,18.8
FL00098,2025-07-30,Under maintenance,0.0
FL00098,2025-07-31,In service,21.45
FL00098,2025-08-01,In service,10.55
FL00098,2025-08-02,In service,9.87
FL00098,2025-08-03,In service,23.95
FL00098,2025-08-04,In service,28.44
FL00098,2025-08-05,In service,10.35
FL00098,2025-08-06,In service,20.34
FL00098,2025-08-07,In service,14.08
FL00098,2025-08-08,In service,15.64
FL00098,2025-08-09,In service,19.31
FL00098,2025-08-10,In service,6.93
FL00098,2025-08-11,Under maintenance,0.0
FL00098,2025-08-12,In service,9.86
FL00098,2025-08-13,In service,13.22
FL00098,2025-08-14,In service,8.32
FL00098,2025-08-15,Under maintenance,0.0
FL00098,2025-08-16,In service,14.65
FL00098,2025-08-17,In service,17.01
FL00098,2025-08-18,In service,17.09
FL00098,2025-08-19,Under maintenance,0.0
FL00098,2025-08-20,Under maintenance,0.0
FL00098,2025-08-21,Under maintenance,0.0
FL00098,2025-08-22,In service,8.9
FL00098,2025-08-23,Under maintenance,0.0
FL00098,2025-08-24,In service,13.19
FL00098,2025-08-25,In service,16.07
FL00098,2025-08-26,In service,15.64
FL00098,2025-08-27,In service,12.43
FL00098,2025-08-28,In service,23.13
FL00098,2025-08-29,Under maintenance,0.0
FL00098,2025-08-30,In service,23.92
FL00098,2025-08-31,In service,9.98
FL00099,2025-06-01,In service,23.66
FL00099,2025-06-02,Under maintenance,0.0
FL00099,2025-06-03,In service,7.44
FL00099,2025-06-04,Under maintenance,0.0
FL00099,2025-06-05,In service,17.02
FL00099,2025-06-06,In service,11.71
FL00099,2025-06-07,Under maintenance,0.0
FL00099,2025-06-08,In service,8.36
FL00099,2025-06-09,Under maintenance,0.0
FL00099,2025-06-10,In service,16.36
FL00099,2025-06-11,In service,21.83
FL00099,2025-06-12,In service,8.1
FL00099,2025-06-13,In service,13.51
FL00099,2025-06-14,In service,21.69
FL00099,2025-06-15,In service,8.49
FL00099,2025-06-16,In service,9.78
FL00099,2025-06-17,In service,15.31
FL00099,2025-06-18,In service,13.0
FL00099,2025-06-19,In service,13.33
FL00099,2025-06-20,In service,18.23
FL00099,2025-06-21,Under maintenance,0.0
FL00099,2025-06-22,In service,16.6
FL00099,2025-06-23,In service,18.68
FL00099,2025-06-24,In service,3.73
FL00099,2025-06-25,In service,14.78
FL00099,2025-06-26,In service,14.36
FL00099,2025-06-27,Under maintenance,0.0
FL00099,2025-06-28,Under maintenance,0.0
FL00099,2025-06-29,In service,11.09
FL00099,2025-06-30,In service,8.97
FL00099,2025-07-01,In service,19.21
FL00099,2025-07-02,In service,16.03
FL00099,2025-07-03,In service,10.4
FL00099,2025-07-04,In service,8.43
FL00099,2025-07-05,Under maintenance,0.0
FL00099,2025-07-06,In service,19.64
FL00099,2025-07-07,In service,20.01
FL00099,2025-07-08,In service,16.87
FL00099,2025-07-09,In service,23.41
FL00099,2025-07-10,In service,13.34
FL00099,2025-07-11,In service,21.18
FL00099,2025-07-12,In service,19.88
FL00099,2025-07-13,In service,11.25
FL00099,2025-07-14,In service,20.24
FL00099,2025-07-15,In service,16.77
FL00099,2025-07-16,Under maintenance,0.0
FL00099,2025-07-17,In service,16.41
FL00099,2025-07-18,Under maintenance,0.0
FL00099,2025-07-19,In service,16.43
FL00099,2025-07-20,Under maintenance,0.0
FL00099,2025-07-21,In service,10.75
FL00099,2025-07-22,In service,12.0
FL00099,2025-07-23,In service,16.8
FL00099,2025-07-24,In service,15.33
FL00099,2025-07-25,Under maintenance,0.0
FL00099,2025-07-26,In service,8.22
FL00099,2025-07-27,In service,12.37
FL00099,2025-07-28,In service,12.14
FL00099,2025-07-29,In service,14.86
FL00099,2025-07-30,In service,16.3
FL00099,2025-07-31,In service,15.33
FL00099,2025-08-01,Under maintenance,0.0
FL00099,2025-08-02,In service,5.94
FL00099,2025-08-03,In service,25.39
FL00099,2025-08-04,In service,19.46
FL00099,2025-08-05,In service,16.51
FL00099,2025-08-06,Under maintenance,0.0
FL00099,2025-08-07,Under maintenance,0.0
FL00099,2025-08-08,Under maintenance,0.0
FL00099,2025-08-09,In service,17.88
FL00099,2025-08-10,In service,13.78
FL00099,2025-08-11,In service,18.27
FL00099,2025-08-12,In service,23.34
FL00099,2025-08-13,In service,16.06
FL00099,2025-08-14,In service,19.85
FL00099,2025-08-15,In service,5.39
FL00099,2025-08-16,In service,15.97
FL00099,2025-08-17,Under maintenance,0.0
FL00099,2025-08-18,In service,10.41
FL00099,2025-08-19,In service,14.43
FL00099,2025-08-20,In service,15.39
FL00099,2025-08-21,In service,19.09
FL00099,2025-08-22,Under maintenance,0.0
FL00099,2025-08-23,In service,21.71
FL00099,2025-08-24,In service,19.87
FL00099,2025-08-25,In service,4.82
FL00099,2025-08-26,In service,16.23
FL00099,2025-08-27,Under maintenance,0.0
FL00099,2025-08-28,In service,14.35
FL00099,2025-08-29,Under maintenance,0.0
FL00099,2025-08-30,In service,17.92
FL00099,2025-08-31,In service,14.42
FL00100,2025-06-01,In service,25.73
FL00100,2025-06-02,In service,10.83
FL00100,2025-06-03,In service,15.44
FL00100,2025-06-04,In service,19.01
FL00100,2025-06-05,In service,14.84
FL00100,2025-06-06,In service,15.18
FL00100,2025-06-07,In service,14.25
FL00100,2025-06-08,In service,9.38
FL00100,2025-06-09,In service,22.98
FL00100,2025-06-10,In service,10.07
FL00100,2025-06-11,In service,13.61
FL00100,2025-06-12,In service,11.36
FL00100,2025-06-13,In service,11.39
FL00100,2025-06-14,In service,16.69
FL00100,2025-06-15,Under maintenance,0.0
FL00100,2025-06-16,Under maintenance,0.0
FL00100,2025-06-17,In service,11.23
FL00100,2025-06-18,In service,16.89
FL00100,2025-06-19,In service,24.76
FL00100,2025-06-20,In service,15.55
FL00100,2025-06-21,In service,9.95
FL00100,2025-06-22,In service,14.91
FL00100,2025-06-23,In service,25.69
FL00100,2025-06-24,In service,15.13
FL00100,2025-06-25,In service,12.8
FL00100,2025-06-26,In service,16.46
FL00100,2025-06-27,In service,15.29
FL00100,2025-06-28,Under maintenance,0.0
FL00100,2025-06-29,In service,5.67
FL00100,2025-06-30,Under maintenance,0.0
FL00100,2025-07-01,In service,20.79
FL00100,2025-07-02,Under maintenance,0.0
FL00100,2025-07-03,In service,22.55
FL00100,2025-07-04,In service,20.21
FL00100,2025-07-05,In service,15.25
FL00100,2025-07-06,In service,19.85
FL00100,2025-07-07,Under maintenance,0.0
FL00100,2025-07-08,In service,7.95
FL00100,2025-07-09,Under maintenance,0.0
FL00100,2025-07-10,In service,21.43
FL00100,2025-07-11,In service,20.46
FL00100,2025-07-12,In service,13.8
FL00100,2025-07-13,Under maintenance,0.0
FL00100,2025-07-14,Under maintenance,0.0
FL00100,2025-07-15,In service,15.35
FL00100,2025-07-16,In service,15.56
FL00100,2025-07-17,In service,15.73
FL00100,2025-07-18,In service,21.34
FL00100,2025-07-19,In service,19.47
FL00100,2025-07-20,In service,14.89
FL00100,2025-07-21,Under maintenance,0.0
FL00100,2025-07-22,In service,23.09
FL00100,2025-07-23,In service,18.66
FL00100,2025-07-24,In service,12.41
FL00100,2025-07-25,In service,30.97
FL00100,2025-07-26,In service,13.62
FL00100,2025-07-27,In service,11.89
FL00100,2025-07-28,In service,8.36
FL00100,2025-07-29,In service,8.1
FL00100,2025-07-30,In service,8.66
FL00100,2025-07-31,Under maintenance,0.0
FL00100,2025-08-01,In service,10.65
FL00100,2025-08-02,Under maintenance,0.0
FL00100,2025-08-03,Under maintenance,0.0
FL00100,2025-08-04,In service,18.35
FL00100,2025-08-05,Under maintenance,0.0
FL00100,2025-08-06,In service,13.9
FL00100,2025-08-07,In service,11.9
FL00100,2025-08-08,In service,9.8
FL00100,2025-08-09,In service,7.13
FL00100,2025-08-10,In service,15.96
FL00100,2025-08-11,In service,14.06
FL00100,2025-08-12,In service,16.15
FL00100,2025-08-13,In service,10.42
FL00100,2025-08-14,Under maintenance,0.0
FL00100,2025-08-15,In service,15.8
FL00100,2025-08-16,Under maintenance,0.0
FL00100,2025-08-17,In service,14.14
FL00100,2025-08-18,In service,15.94
FL00100,2025-08-19,In service,14.16
FL00100,2025-08-20,In service,8.13
FL00100,2025-08-21,In service,18.78
FL00100,2025-08-22,In service,21.73
FL00100,2025-08-23,In service,17.43
FL00100,2025-08-24,In service,14.2
FL00100,2025-08-25,In service,12.71
FL00100,2025-08-26,Under maintenance,0.0
FL00100,2025-08-27,In service,19.08
FL00100,2025-08-28,In service,21.18
FL00100,2025-08-29,Under maintenance,0.0
FL00100,2025-08-30,In service,15.68
FL00100,2025-08-31,In service,27.02
FL00101,2025-06-01,In service,21.08
FL00101,2025-06-02,In service,21.04
FL00101,2025-06-03,In service,18.18
FL00101,2025-06-04,Under maintenance,0.0
FL00101,2025-06-05,In service,18.62
FL00101,2025-06-06,Under maintenance,0.0
FL00101,2025-06-07,In service,11.31
FL00101,2025-06-08,In service,4.0
FL00101,2025-06-09,In service,16.88
FL00101,2025-06-10,In service,15.21
FL00101,2025-06-11,Under maintenance,0.0
FL00101,2025-06-12,In service,9.98
FL00101,2025-06-13,In service,24.93
FL00101,2025-06-14,In service,12.57
FL00101,2025-06-15,In service,12.83
FL00101,2025-06-16,In service,15.53
FL00101,2025-06-17,In service,8.09
FL00101,2025-06-18,In service,23.27
FL00101,2025-06-19,Under maintenance,0.0
FL00101,2025-06-20,In service,19.13
FL00101,2025-06-21,In service,14.52
FL00101,2025-06-22,In service,12.4
FL00101,2025-06-23,In service,14.25
FL00101,2025-06-24,In service,22.5
FL00101,2025-06-25,In service,19.7
FL00101,2025-06-26,In service,8.9
FL00101,2025-06-27,In service,16.28
FL00101,2025-06-28,In service,14.28
FL00101,2025-06-29,In service,14.43
FL00101,2025-06-30,In service,12.68
FL00101,2025-07-01,In service,14.31
FL00101,2025-07-02,In service,19.1
FL00101,2025-07-03,In service,14.89
FL00101,2025-07-04,In service,15.36
FL00101,2025-07-05,Under maintenance,0.0
FL00101,2025-07-06,In service,8.35
FL00101,2025-07-07,In service,14.75
FL00101,2025-07-08,Under maintenance,0.0
FL00101,2025-07-09,In service,15.89
FL00101,2025-07-10,In service,15.73
FL00101,2025-07-11,In service,14.96
FL00101,2025-07-12,In service,14.05
FL00101,2025-07-13,In service,23.02
FL00101,2025-07-14,In service,13.54
FL00101,2025-07-15,In service,21.48
FL00101,2025-07-16,In service,25.67
FL00101,2025-07-17,Under maintenance,0.0
FL00101,2025-07-18,In service,10.45
FL00101,2025-07-19,In service,6.71
FL00101,2025-07-20,In service,8.77
FL00101,2025-07-21,Under maintenance,0.0
FL00101,2025-07-22,In service,12.65
FL00101,2025-07-23,In service,11.9
FL00101,2025-07-24,In service,6.33
FL00101,2025-07-25,In service,16.08
FL00101,2025-07-26,In service,21.01
FL00101,2025-07-27,In service,17.92
FL00101,2025-07-28,In service,11.48
FL00101,2025-07-29,In service,16.4
FL00101,2025-07-30,In service,13.97
FL00101,2025-07-31,Under maintenance,0.0
FL00101,2025-08-01,In service,10.78
FL00101,2025-08-02,In service,14.68
FL00101,2025-08-03,Under maintenance,0.0
FL00101,2025-08-04,In service,11.05
FL00101,2025-08-05,In service,16.74
FL00101,2025-08-06,In service,20.54
FL00101,2025-08-07,Under maintenance,0.0
FL00101,2025-08-08,In service,24.2
FL00101,2025-08-09,In service,16.05
FL00101,2025-08-10,In service,21.62
FL00101,2025-08-11,In service,17.58
FL00101,2025-08-12,In service,19.29
FL00101,2025-08-13,In service,19.59
FL00101,2025-08-14,In service,13.92
FL00101,2025-08-15,In service,25.82
FL00101,2025-08-16,In service,17.28
FL00101,2025-08-17,In service,15.76
FL00101,2025-08-18,In service,15.44
FL00101,2025-08-19,In service,18.01
FL00101,2025-08-20,In service,14.53
FL00101,2025-08-21,In service,12.9
FL00101,2025-08-22,In service,10.34
FL00101,2025-08-23,In service,3.28
FL00101,2025-08-24,In service,13.45
FL00101,2025-08-25,In service,15.73
FL00101,2025-08-26,In service,17.72
FL00101,2025-08-27,In service,14.23
FL00101,2025-08-28,In service,12.67
FL00101,2025-08-29,In service,19.79
FL00101,2025-08-30,In service,16.72
FL00101,2025-08-31,Under maintenance,0.0
FL00102,2025-06-01,In service,13.15
FL00102,2025-06-02,In service,17.22
FL00102,2025-06-03,In service,16.93
FL00102,2025-06-04,Under maintenance,0.0
FL00102,2025-06-05,In service,8.55
FL00102,2025-06-06,In service,16.37
FL00102,2025-06-07,Under maintenance,0.0
FL00102,2025-06-08,In service,13.78
FL00102,2025-06-09,In service,14.14
FL00102,2025-06-10,In service,9.25
FL00102,2025-06-11,In service,15.0
FL00102,2025-06-12,In service,13.36
FL00102,2025-06-13,In service,10.74
FL00102,2025-06-14,In service,17.16
FL00102,2025-06-15,Under maintenance,0.0
FL00102,2025-06-16,In service,15.19
FL00102,2025-06-17,In service,11.84
FL00102,2025-06-18,In service,13.76
FL00102,2025-06-19,In service,21.54
FL00102,2025-06-20,In service,14.86
FL00102,2025-06-21,In service,10.88
FL00102,2025-06-22,In service,14.15
FL00102,2025-06-23,In service,16.89
FL00102,2025-06-24,In service,22.13
FL00102,2025-06-25,In service,14.64
FL00102,2025-06-26,In service,13.22
FL00102,2025-06-27,In service,13.61
FL00102,2025-06-28,In service,18.99
FL00102,2025-06-29,In service,17.23
FL00102,2025-06-30,Under maintenance,0.0
FL00102,2025-07-01,In service,19.91
FL00102,2025-07-02,Under maintenance,0.0
FL00102,2025-07-03,In service,10.35
FL00102,2025-07-04,In service,18.12
FL00102,2025-07-05,Under maintenance,0.0
FL00102,2025-07-06,In service,11.22
FL00102,2025-07-07,In service,26.69
FL00102,2025-07-08,In service,20.78
FL00102,2025-07-09,Under maintenance,0.0
FL00102,2025-07-10,Under maintenance,0.0
FL00102,2025-07-11,In service,13.53
FL00102,2025-07-12,In service,25.27
FL00102,2025-07-13,In service,20.72
FL00102,2025-07-14,Under maintenance,0.0
FL00102,2025-07-15,In service,22.13
FL00102,2025-07-16,Under maintenance,0.0
FL00102,2025-07-17,In service,15.5
FL00102,2025-07-18,In service,9.34
FL00102,2025-07-19,Under maintenance,0.0
FL00102,2025-07-20,In service,12.54
FL00102,2025-07-21,Under maintenance,0.0
FL00102,2025-07-22,Under maintenance,0.0
FL00102,2025-07-23,Under maintenance,0.0
FL00102,2025-07-24,In service,19.57
FL00102,2025-07-25,In service,11.69
FL00102,2025-07-26,In service,20.98
FL00102,2025-07-27,In service,26.99
FL00102,2025-07-28,In service,1.03
FL00102,2025-07-29,In service,8.26
FL00102,2025-07-30,In service,13.33
FL00102,2025-07-31,In service,18.96
FL00102,2025-08-01,In service,16.08
FL00102,2025-08-02,In service,9.21
FL00102,2025-08-03,In service,12.3
FL00102,2025-08-04,In service,25.28
FL00102,2025-08-05,In service,18.39
FL00102,2025-08-06,In service,14.03
FL00102,2025-08-07,In service,10.2
FL00102,2025-08-08,In service,22.6
FL00102,2025-08-09,Under maintenance,0.0
FL00102,2025-08-10,In service,12.88
FL00102,2025-08-11,Under maintenance,0.0
FL00102,2025-08-12,In service,22.17
FL00102,2025-08-13,Under maintenance,0.0
FL00102,2025-08-14,Under maintenance,0.0
FL00102,2025-08-15,In service,22.64
FL00102,2025-08-16,Under maintenance,0.0
FL00102,2025-08-17,In service,18.49
FL00102,2025-08-18,Under maintenance,0.0
FL00102,2025-08-19,In service,16.79
FL00102,2025-08-20,In service,22.37
FL00102,2025-08-21,Under maintenance,0.0
FL00102,2025-08-22,In service,27.84
FL00102,2025-08-23,In service,12.91
FL00102,2025-08-24,In service,14.07
FL00102,2025-08-25,In service,9.99
FL00102,2025-08-26,In service,31.52
FL00102,2025-08-27,In service,23.27
FL00102,2025-08-28,In service,16.98
FL00102,2025-08-29,In service,24.36
FL00102,2025-08-30,In service,22.24
FL00102,2025-08-31,In service,14.33
FL00103,2025-06-01,Under maintenance,0.0
FL00103,2025-06-02,In service,23.05
FL00103,2025-06-03,In service,18.35
FL00103,2025-06-04,In service,6.56
FL00103,2025-06-05,In service,20.01
FL00103,2025-06-06,In service,20.4
FL00103,2025-06-07,In service,11.66
FL00103,2025-06-08,In service,11.39
FL00103,2025-06-09,In service,12.02
FL00103,2025-06-10,In service,17.16
FL00103,2025-06-11,Under maintenance,0.0
FL00103,2025-06-12,In service,23.23
FL00103,2025-06-13,In service,12.2
FL00103,2025-06-14,In service,15.29
FL00103,2025-06-15,In service,17.99
FL00103,2025-06-16,In service,14.91
FL00103,2025-06-17,In service,14.23
FL00103,2025-06-18,In service,8.3
FL00103,2025-06-19,In service,14.29
FL00103,2025-06-20,In service,15.64
FL00103,2025-06-21,In service,14.21
FL00103,2025-06-22,In service,14.99
FL00103,2025-06-23,In service,14.22
FL00103,2025-06-24,In service,13.02
FL00103,2025-06-25,In service,6.72
FL00103,2025-06-26,Under maintenance,0.0
FL00103,2025-06-27,In service,7.11
FL00103,2025-06-28,In service,7.2
FL00103,2025-06-29,In service,15.7
FL00103,2025-06-30,Under maintenance,0.0
FL00103,2025-07-01,In service,15.38
FL00103,2025-07-02,In service,15.13
FL00103,2025-07-03,In service,9.47
FL00103,2025-07-04,In service,19.44
FL00103,2025-07-05,Under maintenance,0.0
FL00103,2025-07-06,In service,28.16
FL00103,2025-07-07,In service,15.17
FL00103,2025-07-08,In service,29.53
FL00103,2025-07-09,In service,19.09
FL00103,2025-07-10,In service,15.7
FL00103,2025-07-11,In service,33.71
FL00103,2025-07-12,In service,18.56
FL00103,2025-07-13,In service,16.63
FL00103,2025-07-14,In service,26.48
FL00103,2025-07-15,Under maintenance,0.0
FL00103,2025-07-16,In service,12.74
FL00103,2025-07-17,Under maintenance,0.0
FL00103,2025-07-18,In service,14.42
FL00103,2025-07-19,Under maintenance,0.0
FL00103,2025-07-20,Under maintenance,0.0
FL00103,2025-07-21,In service,9.55
FL00103,2025-07-22,In service,16.77
FL00103,2025-07-23,In service,22.23
FL00103,2025-07-24,In service,13.86
FL00103,2025-07-25,Under maintenance,0.0
FL00103,2025-07-26,In service,14.3
FL00103,2025-07-27,In service,11.29
FL00103,2025-07-28,In service,10.27
FL00103,2025-07-29,In service,16.21
FL00103,2025-07-30,Under maintenance,0.0
FL00103,2025-07-31,Under maintenance,0.0
FL00103,2025-08-01,In service,10.8
FL00103,2025-08-02,In service,15.53
FL00103,2025-08-03,In service,27.54
FL00103,2025-08-04,Under maintenance,0.0
FL00103,2025-08-05,In service,11.38
FL00103,2025-08-06,In service,5.5
FL00103,2025-08-07,In service,13.23
FL00103,2025-08-08,Under maintenance,0.0
FL00103,2025-08-09,In service,12.58
FL00103,2025-08-10,In service,21.11
FL00103,2025-08-11,In service,21.74
FL00103,2025-08-12,In service,13.82
FL00103,2025-08-13,Under maintenance,0.0
FL00103,2025-08-14,In service,15.17
FL00103,2025-08-15,In service,23.16
FL00103,2025-08-16,In service,6.98
FL00103,2025-08-17,In service,19.54
FL00103,2025-08-18,In service,14.09
FL00103,2025-08-19,In service,10.11
FL00103,2025-08-20,In service,9.63
FL00103,2025-08-21,In service,19.15
FL00103,2025-08-22,Under maintenance,0.0
FL00103,2025-08-23,Under maintenance,0.0
FL00103,2025-08-24,In service,15.75
FL00103,2025-08-25,In service,8.49
FL00103,2025-08-26,Under maintenance,0.0
FL00103,2025-08-27,In service,5.81
FL00103,2025-08-28,In service,7.72
FL00103,2025-08-29,In service,16.46
FL00103,2025-08-30,In service,11.17
FL00103,2025-08-31,Under maintenance,0.0
FL00104,2025-06-01,Under maintenance,0.0
FL00104,2025-06-02,In service,21.15
FL00104,2025-06-03,In service,20.58
FL00104,2025-06-04,Under maintenance,0.0
FL00104,2025-06-05,Under maintenance,0.0
FL00104,2025-06-06,In service,21.95
FL00104,2025-06-07,In service,20.78
FL00104,2025-06-08,Under maintenance,0.0
FL00104,2025-06-09,In service,10.2
FL00104,2025-06-10,In service,19.28
FL00104,2025-06-11,In service,19.63
FL00104,2025-06-12,In service,23.17
FL00104,2025-06-13,In service,24.55
FL00104,2025-06-14,In service,15.03
FL00104,2025-06-15,In service,14.23
FL00104,2025-06-16,In service,12.73
FL00104,2025-06-17,In service,15.28
FL00104,2025-06-18,In service,9.4
FL00104,2025-06-19,Under maintenance,0.0
FL00104,2025-06-20,Under maintenance,0.0
FL00104,2025-06-21,Under maintenance,0.0
FL00104,2025-06-22,In service,20.19
FL00104,2025-06-23,Under maintenance,0.0
FL00104,2025-06-24,Under maintenance,0.0
FL00104,2025-06-25,In service,19.99
FL00104,2025-06-26,In service,26.23
FL00104,2025-06-27,In service,13.47
FL00104,2025-06-28,Under maintenance,0.0
FL00104,2025-06-29,In service,12.34
FL00104,2025-06-30,In service,12.47
FL00104,2025-07-01,In service,8.09
FL00104,2025-07-02,In service,12.17
FL00104,2025-07-03,In service,12.7
FL00104,2025-07-04,In service,4.94
FL00104,2025-07-05,In service,10.5
FL00104,2025-07-06,In service,9.52
FL00104,2025-07-07,In service,25.71
FL00104,2025-07-08,Under maintenance,0.0
FL00104,2025-07-09,Under maintenance,0.0
FL00104,2025-07-10,In service,4.08
FL00104,2025-07-11,In service,12.12
FL00104,2025-07-12,In service,17.06
FL00104,2025-07-13,In service,10.41
FL00104,2025-07-14,In service,4.24
FL00104,2025-07-15,In service,15.41
FL00104,2025-07-16,In service,19.76
FL00104,2025-07-17,In service,13.55
FL00104,2025-07-18,In service,14.07
FL00104,2025-07-19,In service,25.46
FL00104,2025-07-20,In service,20.2
FL00104,2025-07-21,In service,17.01
FL00104,2025-07-22,In service,15.7
FL00104,2025-07-23,In service,5.74
FL00104,2025-07-24,In service,22.3
FL00104,2025-07-25,In service,15.75
FL00104,2025-07-26,In service,8.93
FL00104,2025-07-27,In service,18.81
FL00104,2025-07-28,In service,20.41
FL00104,2025-07-29,Under maintenance,0.0
FL00104,2025-07-30,In service,15.63
FL00104,2025-07-31,In service,7.44
FL00104,2025-08-01,In service,18.97
FL00104,2025-08-02,Under maintenance,0.0
FL00104,2025-08-03,In service,15.31
FL00104,2025-08-04,In service,13.83
FL00104,2025-08-05,In service,10.29
FL00104,2025-08-06,In service,20.15
FL00104,2025-08-07,In service,31.73
FL00104,2025-08-08,In service,15.75
FL00104,2025-08-09,In service,23.7
FL00104,2025-08-10,Under maintenance,0.0
FL00104,2025-08-11,In service,19.08
FL00104,2025-08-12,In service,8.94
FL00104,2025-08-13,In service,7.84
FL00104,2025-08-14,In service,1.33
FL00104,2025-08-15,In service,12.84
FL00104,2025-08-16,In service,7.16
FL00104,2025-08-17,In service,19.09
FL00104,2025-08-18,In service,11.38
FL00104,2025-08-19,In service,17.63
FL00104,2025-08-20,In service,16.53
FL00104,2025-08-21,Under maintenance,0.0
FL00104,2025-08-22,In service,13.07
FL00104,2025-08-23,In service,16.59
FL00104,2025-08-24,In service,20.26
FL00104,2025-08-25,In service,19.05
FL00104,2025-08-26,In service,15.22
FL00104,2025-08-27,Under maintenance,0.0
FL00104,2025-08-28,In service,15.18
FL00104,2025-08-29,In service,20.27
FL00104,2025-08-30,In service,14.06
FL00104,2025-08-31,Under maintenance,0.0
FL00105,2025-06-01,Under maintenance,0.0
FL00105,2025-06-02,In service,23.12
FL00105,2025-06-03,In service,17.6
FL00105,2025-06-04,In service,20.09
FL00105,2025-06-05,In service,26.84
FL00105,2025-06-06,In service,22.6
FL00105,2025-06-07,In service,20.62
FL00105,2025-06-08,In service,16.32
FL00105,2025-06-09,Under maintenance,0.0
FL00105,2025-06-10,In service,17.57
FL00105,2025-06-11,In service,11.49
FL00105,2025-06-12,In service,14.06
FL00105,2025-06-13,In service,16.89
FL00105,2025-06-14,In service,20.03
FL00105,2025-06-15,In service,17.51
FL00105,2025-06-16,In service,7.04
FL00105,2025-06-17,In service,12.09
FL00105,2025-06-18,Under maintenance,0.0
FL00105,2025-06-19,Under maintenance,0.0
FL00105,2025-06-20,In service,19.45
FL00105,2025-06-21,Under maintenance,0.0
FL00105,2025-06-22,In service,23.17
FL00105,2025-06-23,In service,6.54
FL00105,2025-06-24,In service,19.32
FL00105,2025-06-25,In service,9.39
FL00105,2025-06-26,In service,5.32
FL00105,2025-06-27,In service,9.53
FL00105,2025-06-28,In service,15.45
FL00105,2025-06-29,In service,14.19
FL00105,2025-06-30,Under maintenance,0.0
FL00105,2025-07-01,Under maintenance,0.0
FL00105,2025-07-02,In service,17.43
FL00105,2025-07-03,In service,22.5
FL00105,2025-07-04,In service,23.02
FL00105,2025-07-05,Under maintenance,0.0
FL00105,2025-07-06,In service,12.64
FL00105,2025-07-07,In service,22.32
FL00105,2025-07-08,In service,21.47
FL00105,2025-07-09,Under maintenance,0.0
FL00105,2025-07-10,In service,18.86
FL00105,2025-07-11,In service,16.57
FL00105,2025-07-12,In service,19.76
FL00105,2025-07-13,In service,16.37
FL00105,2025-07-14,Under maintenance,0.0
FL00105,2025-07-15,Under maintenance,0.0
FL00105,2025-07-16,In service,22.79
FL00105,2025-07-17,In service,10.18
FL00105,2025-07-18,In service,13.43
FL00105,2025-07-19,In service,16.63
FL00105,2025-07-20,Under maintenance,0.0
FL00105,2025-07-21,In service,17.94
FL00105,2025-07-22,Under maintenance,0.0
FL00105,2025-07-23,In service,13.58
FL00105,2025-07-24,In service,18.34
FL00105,2025-07-25,In service,8.78
FL00105,2025-07-26,Under maintenance,0.0
FL00105,2025-07-27,In service,12.86
FL00105,2025-07-28,In service,18.77
FL00105,2025-07-29,In service,14.81
FL00105,2025-07-30,In service,21.7
FL00105,2025-07-31,In service,14.36
FL00105,2025-08-01,In service,15.79
FL00105,2025-08-02,In service,12.93
FL00105,2025-08-03,In service,11.94
FL00105,2025-08-04,In service,19.03
FL00105,2025-08-05,In service,13.79
FL00105,2025-08-06,In service,12.96
FL00105,2025-08-07,In service,17.06
FL00105,2025-08-08,In service,23.77
FL00105,2025-08-09,In service,21.13
FL00105,2025-08-10,Under maintenance,0.0
FL00105,2025-08-11,In service,17.31
FL00105,2025-08-12,In service,20.68
FL00105,2025-08-13,Under maintenance,0.0
FL00105,2025-08-14,In service,8.88
FL00105,2025-08-15,In service,19.72
FL00105,2025-08-16,In service,17.33
FL00105,2025-08-17,In service,10.4
FL00105,2025-08-18,In service,12.12
FL00105,2025-08-19,In service,13.78
FL00105,2025-08-20,In service,9.33
FL00105,2025-08-21,In service,8.76
FL00105,2025-08-22,In service,20.14
FL00105,2025-08-23,In service,22.76
FL00105,2025-08-24,In service,18.8
FL00105,2025-08-25,In service,16.53
FL00105,2025-08-26,In service,12.1
FL00105,2025-08-27,In service,15.39
FL00105,2025-08-28,In service,7.48
FL00105,2025-08-29,In service,18.52
FL00105,2025-08-30,Under maintenance,0.0
FL00105,2025-08-31,In service,9.26
FL00106,2025-06-01,Under maintenance,0.0
FL00106,2025-06-02,In service,19.68
FL00106,2025-06-03,In service,8.85
FL00106,2025-06-04,In service,23.67
FL00106,2025-06-05,Under maintenance,0.0
FL00106,2025-06-06,In service,16.84
FL00106,2025-06-07,In service,15.97
FL00106,2025-06-08,Under maintenance,0.0
FL00106,2025-06-09,Under maintenance,0.0
FL00106,2025-06-10,In service,27.97
FL00106,2025-06-11,In service,15.9
FL00106,2025-06-12,Under maintenance,0.0
FL00106,2025-06-13,Under maintenance,0.0
FL00106,2025-06-14,Under maintenance,0.0
FL00106,2025-06-15,In service,11.21
FL00106,2025-06-16,In service,19.7
FL00106,2025-06-17,In service,19.96
FL00106,2025-06-18,In service,15.21
FL00106,2025-06-19,In service,14.89
FL00106,2025-06-20,In service,14.76
FL00106,2025-06-21,In service,19.57
FL00106,2025-06-22,In service,15.89
FL00106,2025-06-23,In service,14.51
FL00106,2025-06-24,In service,9.89
FL00106,2025-06-25,In service,20.4
FL00106,2025-06-26,In service,12.15
FL00106,2025-06-27,In service,9.8
FL00106,2025-06-28,Under maintenance,0.0
FL00106,2025-06-29,In service,18.61
FL00106,2025-06-30,In service,20.47
FL00106,2025-07-01,In service,15.98
FL00106,2025-07-02,In service,20.35
FL00106,2025-07-03,In service,14.98
FL00106,2025-07-04,In service,19.8
FL00106,2025-07-05,Under maintenance,0.0
FL00106,2025-07-06,Under maintenance,0.0
FL00106,2025-07-07,Under maintenance,0.0
FL00106,2025-07-08,In service,16.85
FL00106,2025-07-09,In service,7.5
FL00106,2025-07-10,In service,16.92
FL00106,2025-07-11,In service,19.37
FL00106,2025-07-12,In service,11.51
FL00106,2025-07-13,In service,11.78
FL00106,2025-07-14,In service,13.63
FL00106,2025-07-15,In service,9.68
FL00106,2025-07-16,In service,10.98
FL00106,2025-07-17,In service,16.1
FL00106,2025-07-18,In service,21.93
FL00106,2025-07-19,In service,13.09
FL00106,2025-07-20,In service,24.2
FL00106,2025-07-21,In service,13.01
FL00106,2025-07-22,In service,19.86
FL00106,2025-07-23,Under maintenance,0.0
FL00106,2025-07-24,In service,19.21
FL00106,2025-07-25,In service,8.22
FL00106,2025-07-26,In service,13.88
FL00106,2025-07-27,In service,17.01
FL00106,2025-07-28,In service,15.35
FL00106,2025-07-29,In service,19.54
FL00106,2025-07-30,In service,10.0
FL00106,2025-07-31,In service,18.89
FL00106,2025-08-01,Under maintenance,0.0
FL00106,2025-08-02,In service,18.16
FL00106,2025-08-03,Under maintenance,0.0
FL00106,2025-08-04,In service,12.12
FL00106,2025-08-05,In service,20.87
FL00106,2025-08-06,In service,24.79
FL00106,2025-08-07,In service,16.97
FL00106,2025-08-08,Under maintenance,0.0
FL00106,2025-08-09,In service,22.59
FL00106,2025-08-10,In service,9.01
FL00106,2025-08-11,Under maintenance,0.0
FL00106,2025-08-12,In service,6.01
FL00106,2025-08-13,In service,20.65
FL00106,2025-08-14,In service,20.2
FL00106,2025-08-15,In service,17.99
FL00106,2025-08-16,In service,14.84
FL00106,2025-08-17,In service,22.53
FL00106,2025-08-18,In service,10.12
FL00106,2025-08-19,In service,13.28
FL00106,2025-08-20,In service,12.32
FL00106,2025-08-21,In service,13.65
FL00106,2025-08-22,In service,23.17
FL00106,2025-08-23,Under maintenance,0.0
FL00106,2025-08-24,In service,14.99
FL00106,2025-08-25,In service,18.15
FL00106,2025-08-26,In service,27.27
FL00106,2025-08-27,In service,22.16
FL00106,2025-08-28,In service,14.81
FL00106,2025-08-29,In service,15.99
FL00106,2025-08-30,In service,18.63
FL00106,2025-08-31,In service,15.16
FL00107,2025-06-01,In service,17.71
FL00107,2025-06-02,In service,19.9
FL00107,2025-06-03,In service,15.54
FL00107,2025-06-04,In service,18.95
FL00107,2025-06-05,In service,6.77
FL00107,2025-06-06,In service,16.32
FL00107,2025-06-07,Under maintenance,0.0
FL00107,2025-06-08,In service,10.09
FL00107,2025-06-09,In service,13.42
FL00107,2025-06-10,In service,19.01
FL00107,2025-06-11,In service,10.92
FL00107,2025-06-12,In service,7.47
FL00107,2025-06-13,In service,14.03
FL00107,2025-06-14,In service,15.88
FL00107,2025-06-15,In service,11.22
FL00107,2025-06-16,In service,10.06
FL00107,2025-06-17,In service,1.93
FL00107,2025-06-18,In service,15.6
FL00107,2025-06-19,In service,22.98
FL00107,2025-06-20,In service,20.27
FL00107,2025-06-21,Under maintenance,0.0
FL00107,2025-06-22,Under maintenance,0.0
FL00107,2025-06-23,In service,19.03
FL00107,2025-06-24,In service,14.04
FL00107,2025-06-25,In service,16.56
FL00107,2025-06-26,In service,17.43
FL00107,2025-06-27,In service,19.45
FL00107,2025-06-28,In service,14.99
FL00107,2025-06-29,In service,11.74
FL00107,2025-06-30,In service,20.33
FL00107,2025-07-01,In service,19.92
FL00107,2025-07-02,In service,15.89
FL00107,2025-07-03,In service,13.21
FL00107,2025-07-04,In service,16.76
FL00107,2025-07-05,In service,9.77
FL00107,2025-07-06,In service,15.55
FL00107,2025-07-07,In service,19.73
FL00107,2025-07-08,In service,12.84
FL00107,2025-07-09,In service,14.2
FL00107,2025-07-10,In service,22.73
FL00107,2025-07-11,Under maintenance,0.0
FL00107,2025-07-12,Under maintenance,0.0
FL00107,2025-07-13,In service,20.66
FL00107,2025-07-14,In service,15.64
FL00107,2025-07-15,In service,21.96
FL00107,2025-07-16,Under maintenance,0.0
FL00107,2025-07-17,Under maintenance,0.0
FL00107,2025-07-18,In service,14.67
FL00107,2025-07-19,In service,16.75
FL00107,2025-07-20,In service,14.57
FL00107,2025-07-21,In service,11.56
FL00107,2025-07-22,In service,17.88
FL00107,2025-07-23,In service,12.43
FL00107,2025-07-24,In service,21.18
FL00107,2025-07-25,In service,15.2
FL00107,2025-07-26,In service,16.18
FL00107,2025-07-27,Under maintenance,0.0
FL00107,2025-07-28,In service,14.36
FL00107,2025-07-29,In service,25.14
FL00107,2025-07-30,In service,19.87
FL00107,2025-07-31,Under maintenance,0.0
FL00107,2025-08-01,Under maintenance,0.0
FL00107,2025-08-02,Under maintenance,0.0
FL00107,2025-08-03,In service,16.16
FL00107,2025-08-04,In service,24.88
FL00107,2025-08-05,In service,12.61
FL00107,2025-08-06,Under maintenance,0.0
FL00107,2025-08-07,In service,12.88
FL00107,2025-08-08,In service,16.97
FL00107,2025-08-09,In service,12.33
FL00107,2025-08-10,In service,13.4
FL00107,2025-08-11,In service,7.63
FL00107,2025-08-12,In service,11.87
FL00107,2025-08-13,In service,15.34
FL00107,2025-08-14,In service,25.25
FL00107,2025-08-15,In service,20.81
FL00107,2025-08-16,In service,15.69
FL00107,2025-08-17,In service,25.71
FL00107,2025-08-18,In service,19.61
FL00107,2025-08-19,In service,13.53
FL00107,2025-08-20,In service,14.15
FL00107,2025-08-21,Under maintenance,0.0
FL00107,2025-08-22,In service,14.63
FL00107,2025-08-23,In service,13.3
FL00107,2025-08-24,In service,13.98
FL00107,2025-08-25,In service,9.91
FL00107,2025-08-26,In service,10.56
FL00107,2025-08-27,In service,23.28
FL00107,2025-08-28,In service,15.49
FL00107,2025-08-29,In service,16.32
FL00107,2025-08-30,In service,9.06
FL00107,2025-08-31,In service,13.92
FL00108,2025-06-01,In service,23.58
FL00108,2025-06-02,In service,19.0
FL00108,2025-06-03,In service,16.21
FL00108,2025-06-04,In service,20.42
FL00108,2025-06-05,In service,27.88
FL00108,2025-06-06,In service,7.84
FL00108,2025-06-07,In service,11.52
FL00108,2025-06-08,In service,21.33
FL00108,2025-06-09,Under maintenance,0.0
FL00108,2025-06-10,In service,18.42
FL00108,2025-06-11,In service,10.77
FL00108,2025-06-12,In service,17.46
FL00108,2025-06-13,In service,16.78
FL00108,2025-06-14,In service,11.33
FL00108,2025-06-15,In service,14.3
FL00108,2025-06-16,In service,14.74
FL00108,2025-06-17,Under maintenance,0.0
FL00108,2025-06-18,In service,13.13
FL00108,2025-06-19,Under maintenance,0.0
FL00108,2025-06-20,In service,19.91
FL00108,2025-06-21,Under maintenance,0.0
FL00108,2025-06-22,In service,11.43
FL00108,2025-06-23,In service,11.58
FL00108,2025-06-24,In service,15.24
FL00108,2025-06-25,In service,17.43
FL00108,2025-06-26,In service,22.35
FL00108,2025-06-27,In service,17.86
FL00108,2025-06-28,Under maintenance,0.0
FL00108,2025-06-29,In service,18.53
FL00108,2025-06-30,In service,23.77
FL00108,2025-07-01,In service,14.3
FL00108,2025-07-02,In service,16.38
FL00108,2025-07-03,In service,11.73
FL00108,2025-07-04,In service,10.23
FL00108,2025-07-05,In service,19.32
FL00108,2025-07-06,In service,12.6
FL00108,2025-07-07,In service,12.85
FL00108,2025-07-08,Under maintenance,0.0
FL00108,2025-07-09,In service,18.13
FL00108,2025-07-10,Under maintenance,0.0
FL00108,2025-07-11,In service,14.66
FL00108,2025-07-12,In service,19.43
FL00108,2025-07-13,In service,19.53
FL00108,2025-07-14,In service,16.83
FL00108,2025-07-15,In service,5.82
FL00108,2025-07-16,Under maintenance,0.0
FL00108,2025-07-17,In service,16.26
FL00108,2025-07-18,In service,14.94
FL00108,2025-07-19,In service,24.18
FL00108,2025-07-20,In service,16.72
FL00108,2025-07-21,In service,16.19
FL00108,2025-07-22,In service,9.18
FL00108,2025-07-23,In service,18.81
FL00108,2025-07-24,In service,15.83
FL00108,2025-07-25,In service,8.43
FL00108,2025-07-26,Under maintenance,0.0
FL00108,2025-07-27,In service,12.18
FL00108,2025-07-28,In service,12.87
FL00108,2025-07-29,Under maintenance,0.0
FL00108,2025-07-30,In service,11.1
FL00108,2025-07-31,In service,15.14
FL00108,2025-08-01,In service,15.51
FL00108,2025-08-02,In service,15.34
FL00108,2025-08-03,In service,16.0
FL00108,2025-08-04,Under maintenance,0.0
FL00108,2025-08-05,In service,12.91
FL00108,2025-08-06,In service,13.5
FL00108,2025-08-07,In service,20.47
FL00108,2025-08-08,In service,19.71
FL00108,2025-08-09,In service,26.23
FL00108,2025-08-10,Under maintenance,0.0
FL00108,2025-08-11,In service,20.69
FL00108,2025-08-12,In service,11.86
FL00108,2025-08-13,In service,17.79
FL00108,2025-08-14,In service,12.46
FL00108,2025-08-15,In service,18.71
FL00108,2025-08-16,In service,12.07
FL00108,2025-08-17,In service,18.41
FL00108,2025-08-18,In service,17.86
FL00108,2025-08-19,In service,17.93
FL00108,2025-08-20,In service,16.24
FL00108,2025-08-21,In service,15.35
FL00108,2025-08-22,In service,15.34
FL00108,2025-08-23,In service,15.76
FL00108,2025-08-24,Under maintenance,0.0
FL00108,2025-08-25,In service,16.85
FL00108,2025-08-26,In service,26.36
FL00108,2025-08-27,In service,28.14
FL00108,2025-08-28,In service,15.54
FL00108,2025-08-29,In service,24.02
FL00108,2025-08-30,Under maintenance,0.0
FL00108,2025-08-31,In service,20.26
FL00109,2025-06-01,In service,15.02
FL00109,2025-06-02,In service,20.8
FL00109,2025-06-03,Under maintenance,0.0
FL00109,2025-06-04,In service,12.27
FL00109,2025-06-05,In service,20.17
FL00109,2025-06-06,In service,15.24
FL00109,2025-06-07,In service,15.3
FL00109,2025-06-08,In service,21.28
FL00109,2025-06-09,In service,17.54
FL00109,2025-06-10,Under maintenance,0.0
FL00109,2025-06-11,In service,12.83
FL00109,2025-06-12,Under maintenance,0.0
FL00109,2025-06-13,In service,15.0
FL00109,2025-06-14,In service,32.01
FL00109,2025-06-15,Under maintenance,0.0
FL00109,2025-06-16,In service,12.34
FL00109,2025-06-17,In service,23.37
FL00109,2025-06-18,In service,10.61
FL00109,2025-06-19,In service,21.72
FL00109,2025-06-20,In service,18.41
FL00109,2025-06-21,In service,19.0
FL00109,2025-06-22,In service,12.8
FL00109,2025-06-23,In service,20.91
FL00109,2025-06-24,In service,23.5
FL00109,2025-06-25,In service,14.29
FL00109,2025-06-26,In service,15.91
FL00109,2025-06-27,In service,9.64
FL00109,2025-06-28,In service,18.84
FL00109,2025-06-29,In service,16.94
FL00109,2025-06-30,In service,22.27
FL00109,2025-07-01,Under maintenance,0.0
FL00109,2025-07-02,In service,19.36
FL00109,2025-07-03,In service,14.94
FL00109,2025-07-04,In service,13.59
FL00109,2025-07-05,In service,14.87
FL00109,2025-07-06,In service,11.65
FL00109,2025-07-07,In service,12.49
FL00109,2025-07-08,In service,16.49
FL00109,2025-07-09,In service,17.07
FL00109,2025-07-10,In service,14.44
FL00109,2025-07-11,In service,13.04
FL00109,2025-07-12,In service,19.89
FL00109,2025-07-13,In service,13.16
FL00109,2025-07-14,In service,27.78
FL00109,2025-07-15,In service,8.78
FL00109,2025-07-16,In service,11.3
FL00109,2025-07-17,Under maintenance,0.0
FL00109,2025-07-18,Under maintenance,0.0
FL00109,2025-07-19,In service,12.99
FL00109,2025-07-20,In service,18.54
FL00109,2025-07-21,In service,14.69
FL00109,2025-07-22,Under maintenance,0.0
FL00109,2025-07-23,In service,5.59
FL00109,2025-07-24,In service,17.39
FL00109,2025-07-25,In service,18.05
FL00109,2025-07-26,In service,9.95
FL00109,2025-07-27,Under maintenance,0.0
FL00109,2025-07-28,In service,10.83
FL00109,2025-07-29,In service,20.58
FL00109,2025-07-30,Under maintenance,0.0
FL00109,2025-07-31,In service,13.76
FL00109,2025-08-01,In service,18.44
FL00109,2025-08-02,In service,20.31
FL00109,2025-08-03,In service,12.11
FL00109,2025-08-04,In service,16.02
FL00109,2025-08-05,In service,12.89
FL00109,2025-08-06,Under maintenance,0.0
FL00109,2025-08-07,In service,14.76
FL00109,2025-08-08,In service,11.2
FL00109,2025-08-09,In service,10.77
FL00109,2025-08-10,In service,18.26
FL00109,2025-08-11,Under maintenance,0.0
FL00109,2025-08-12,Under maintenance,0.0
FL00109,2025-08-13,In service,7.25
FL00109,2025-08-14,Under maintenance,0.0
FL00109,2025-08-15,Under maintenance,0.0
FL00109,2025-08-16,Under maintenance,0.0
FL00109,2025-08-17,In service,7.48
FL00109,2025-08-18,In service,14.26
FL00109,2025-08-19,In service,21.51
FL00109,2025-08-20,In service,20.25
FL00109,2025-08-21,In service,10.67
FL00109,2025-08-22,In service,11.66
FL00109,2025-08-23,In service,8.23
FL00109,2025-08-24,In service,12.66
FL00109,2025-08-25,In service,20.86
FL00109,2025-08-26,In service,14.06
FL00109,2025-08-27,In service,11.51
FL00109,2025-08-28,In service,18.05
FL00109,2025-08-29,In service,8.48
FL00109,2025-08-30,In service,11.39
FL00109,2025-08-31,In service,13.79
FL00110,2025-06-01,In service,16.24
FL00110,2025-06-02,In service,15.64
FL00110,2025-06-03,In service,16.77
FL00110,2025-06-04,In service,16.07
FL00110,2025-06-05,In service,21.4
FL00110,2025-06-06,In service,17.45
FL00110,2025-06-07,In service,19.4
FL00110,2025-06-08,In service,19.05
FL00110,2025-06-09,In service,16.9
FL00110,2025-06-10,Under maintenance,0.0
FL00110,2025-06-11,Under maintenance,0.0
FL00110,2025-06-12,In service,10.19
FL00110,2025-06-13,In service,17.44
FL00110,2025-06-14,In service,20.76
FL00110,2025-06-15,In service,18.0
FL00110,2025-06-16,In service,14.18
FL00110,2025-06-17,In service,19.42
FL00110,2025-06-18,In service,15.84
FL00110,2025-06-19,In service,18.74
FL00110,2025-06-20,In service,19.02
FL00110,2025-06-21,In service,17.61
FL00110,2025-06-22,In service,10.31
FL00110,2025-06-23,In service,22.08
FL00110,2025-06-24,In service,17.07
FL00110,2025-06-25,In service,22.61
FL00110,2025-06-26,In service,19.07
FL00110,2025-06-27,In service,14.95
FL00110,2025-06-28,In service,12.79
FL00110,2025-06-29,In service,13.13
FL00110,2025-06-30,In service,5.97
FL00110,2025-07-01,In service,5.74
FL00110,2025-07-02,In service,17.06
FL00110,2025-07-03,Under maintenance,0.0
FL00110,2025-07-04,In service,22.36
FL00110,2025-07-05,In service,9.98
FL00110,2025-07-06,In service,14.48
FL00110,2025-07-07,In service,26.72
FL00110,2025-07-08,In service,17.0
FL00110,2025-07-09,In service,17.88
FL00110,2025-07-10,In service,16.79
FL00110,2025-07-11,In service,25.85
FL00110,2025-07-12,In service,19.99
FL00110,2025-07-13,Under maintenance,0.0
FL00110,2025-07-14,Under maintenance,0.0
FL00110,2025-07-15,In service,12.7
FL00110,2025-07-16,In service,13.55
FL00110,2025-07-17,In service,15.29
FL00110,2025-07-18,In service,17.73
FL00110,2025-07-19,In service,16.26
FL00110,2025-07-20,In service,15.7
FL00110,2025-07-21,In service,15.7
FL00110,2025-07-22,In service,21.19
FL00110,2025-07-23,In service,16.9
FL00110,2025-07-24,In service,9.72
FL00110,2025-07-25,In service,20.62
FL00110,2025-07-26,In service,16.06
FL00110,2025-07-27,In service,8.5
FL00110,2025-07-28,In service,15.41
FL00110,2025-07-29,In service,15.08
FL00110,2025-07-30,In service,19.17
FL00110,2025-07-31,In service,24.57
FL00110,2025-08-01,In service,16.65
FL00110,2025-08-02,In service,14.66
FL00110,2025-08-03,In service,13.72
FL00110,2025-08-04,In service,13.77
FL00110,2025-08-05,In service,20.46
FL00110,2025-08-06,In service,9.68
FL00110,2025-08-07,In service,23.21
FL00110,2025-08-08,In service,12.25
FL00110,2025-08-09,In service,20.15
FL00110,2025-08-10,Under maintenance,0.0
FL00110,2025-08-11,In service,14.18
FL00110,2025-08-12,In service,8.12
FL00110,2025-08-13,In service,14.99
FL00110,2025-08-14,In service,11.73
FL00110,2025-08-15,Under maintenance,0.0
FL00110,2025-08-16,In service,19.64
FL00110,2025-08-17,In service,12.56
FL00110,2025-08-18,In service,19.31
FL00110,2025-08-19,In service,15.9
FL00110,2025-08-20,In service,19.44
FL00110,2025-08-21,Under maintenance,0.0
FL00110,2025-08-22,In service,15.63
FL00110,2025-08-23,In service,12.69
FL00110,2025-08-24,In service,7.76
FL00110,2025-08-25,In service,12.98
FL00110,2025-08-26,In service,9.7
FL00110,2025-08-27,In service,14.7
FL00110,2025-08-28,Under maintenance,0.0
FL00110,2025-08-29,In service,20.03
FL00110,2025-08-30,In service,23.48
FL00110,2025-08-31,In service,17.71
